Período;Região;Instituição;Localização Geográfica;Nº Total de Partos;Nº Cesarianas
2013-01;Região de Saúde do Alentejo;Unidade Local de Saúde do Norte Alentejano, EPE;39.3003425, -7.4263845;57;21
2013-01;Região de Saúde LVT;Hospital de Cascais, PPP;38.729006, -9.418267;206;57
2013-01;Região de Saúde LVT;Hospital Distrital de Santarém, EPE;39.2410946, -8.6937515;118;34
2013-01;Região de Saúde Norte;Centro Hospitalar Universitário do Porto, EPE;41.1472498, -8.6172617;281;109
2013-01;Região de Saúde Norte;Centro Hospitalar Entre Douro e Vouga, EPE;40.9293884, -8.5458794;147;33
2013-01;Região de Saúde Norte;Centro Hospitalar Póvoa de Varzim/Vila do Conde, EPE;41.3828711, -8.7589945;75;33
2013-01;Região de Saúde Norte;Centro Hospitalar Vila Nova de Gaia/Espinho, EPE;41.1094138, -8.5972617;154;61
2013-01;Região de Saúde Norte;Unidade Local de Saúde do Alto Minho, EPE;41.7056054, -8.8252713;118;40
2013-02;Região de Saúde do Alentejo;Unidade Local de Saúde do Norte Alentejano, EPE;39.3003425, -7.4263845;100;37
2013-02;Região de Saúde do Centro;Centro Hospitalar de Leiria, EPE;39.7414812, -8.7982706;271;80
2013-02;Região de Saúde do Centro;Centro Hospitalar do Baixo Vouga, EPE;40.6362453, -8.6543716;277;76
2013-02;Região de Saúde do Centro;Centro Hospitalar Tondela-Viseu, EPE;40.516364, -8.0827433;285;88
2013-02;Região de Saúde LVT;Centro Hospitalar de Setúbal, EPE;38.5283754, -8.8818638;261;77
2013-02;Região de Saúde LVT;Centro Hospitalar do Oeste, EPE;39.4054629, -9.1258493;268;77
2013-02;Região de Saúde LVT;Hospital de Loures, PPP;38.821455, -9.176296;342;80
2013-02;Região de Saúde LVT;Hospital Professor Doutor Fernando Fonseca, EPE;38.7422257, -9.2264834;408;167
2013-02;Região de Saúde Norte;Centro Hospitalar Vila Nova de Gaia/Espinho, EPE;41.1094138, -8.5972617;273;100
2013-03;Região de Saúde do Centro;Centro Hospitalar de Leiria, EPE;39.7414812, -8.7982706;390;115
2013-03;Região de Saúde LVT;Centro Hospitalar Universitário de Lisboa Norte, EPE;38.7500861, -9.1616116;541;156
2013-03;Região de Saúde Norte;Centro Hospitalar do Médio Ave, EPE;41.3423984, -8.4802503;300;126
2013-03;Região de Saúde Norte;Centro Hospitalar Trás-os-Montes e Alto Douro, EPE;41.3031784, -7.7515252;370;161
2013-03;Região de Saúde Norte;Centro Hospitalar Vila Nova de Gaia/Espinho, EPE;41.1094138, -8.5972617;405;151
2013-04;Região de Saúde do Centro;Centro Hospitalar de Leiria, EPE;39.7414812, -8.7982706;532;154
2013-04;Região de Saúde LVT;Centro Hospitalar Universitário Lisboa Central, EPE;38.7166948, -9.1371248;1213;351
2013-04;Região de Saúde LVT;Centro Hospitalar Universitário de Lisboa Norte, EPE;38.7500861, -9.1616116;718;221
2013-04;Região de Saúde LVT;Hospital de Cascais, PPP;38.729006, -9.418267;731;226
2013-04;Região de Saúde LVT;Hospital de Loures, EPE;38.821455, -9.176296;665;149
2013-04;Região de Saúde LVT;Hospital de Loures, PPP;38.821455, -9.176296;665;149
2013-04;Região de Saúde LVT;Hospital de Vila Franca de Xira, PPP;38.977235, -8.984506;333;93
2013-04;Região de Saúde LVT;Hospital Garcia de Orta, EPE;38.6658713, -9.1822554;794;189
2013-04;Região de Saúde Norte;Centro Hospitalar Universitário de São João, EPE;41.1831056, -8.6010558;781;206
2013-04;Região de Saúde Norte;Centro Hospitalar do Médio Ave, EPE;41.3423984, -8.4802503;405;168
2013-04;Região de Saúde Norte;Centro Hospitalar Universitário do Porto, EPE;41.1472498, -8.6172617;943;340
2013-05;Região de Saúde do Alentejo;Unidade Local de Saúde do Baixo Alentejo, EPE;38.014123, -7.8721227;416;105
2013-05;Região de Saúde do Algarve;Centro Hospitalar Universitário do Algarve,EPE;37.0238973, -7.9281554;1378;446
2013-05;Região de Saúde do Centro;Unidade Local de Saúde de Castelo Branco, EPE;39.8212263, -7.4981271;149;45
2013-05;Região de Saúde LVT;Centro Hospitalar Universitário Lisboa Central, EPE;38.7166948, -9.1371248;1510;444
2013-05;Região de Saúde LVT;Centro Hospitalar do Oeste, EPE;39.4054629, -9.1258493;704;207
2013-05;Região de Saúde LVT;Hospital Professor Doutor Fernando Fonseca, EPE;38.7422257, -9.2264834;1058;416
2013-05;Região de Saúde Norte;Centro Hospitalar do Alto Ave, EPE;41.4387173, -8.3086907;819;259
2013-06;Região de Saúde do Centro;Centro Hospitalar Universitário Cova da Beira, EPE;40.2804158, -7.4922407;298;93
2013-06;Região de Saúde LVT;Centro Hospitalar Barreiro/Montijo, EPE;38.6554005, -9.0592392;762;272
2013-06;Região de Saúde LVT;Centro Hospitalar do Oeste, EPE;39.4054629, -9.1258493;823;241
2013-06;Região de Saúde Norte;Centro Hospitalar do Alto Ave, EPE;41.4387173, -8.3086907;959;300
2013-06;Região de Saúde Norte;Centro Hospitalar Entre Douro e Vouga, EPE;40.9293884, -8.5458794;798;197
2013-07;Região de Saúde do Centro;Centro Hospitalar de Leiria, EPE;39.7414812, -8.7982706;985;273
2013-07;Região de Saúde do Centro;Unidade Local de Saúde da Guarda, EPE;40.5309916, -7.2734793;337;119
2013-07;Região de Saúde do Centro;Unidade Local de Saúde de Castelo Branco, EPE;39.8212263, -7.4981271;208;58
2013-07;Região de Saúde LVT;Centro Hospitalar de Lisboa Ocidental, EPE;38.708454, -9.216985;1365;458
2013-07;Região de Saúde Norte;Centro Hospitalar do Médio Ave, EPE;41.3423984, -8.4802503;742;316
2013-07;Região de Saúde Norte;Centro Hospitalar Tâmega e Sousa, EPE;41.2494561, -8.264901;1301;350
2013-07;Região de Saúde Norte;Unidade Local de Saúde do Nordeste, EPE;41.8056532, -6.7888197;284;114
2013-08;Região de Saúde LVT;Hospital de Loures, EPE;38.821455, -9.176296;1368;301
2013-08;Região de Saúde LVT;Hospital de Loures, PPP;38.821455, -9.176296;1368;301
2013-08;Região de Saúde Norte;Unidade Local de Saúde de Matosinhos, EPE;41.1794456, -8.6745115;919;274
2013-08;Região de Saúde Norte;Unidade Local de Saúde do Alto Minho, EPE;41.7056054, -8.8252713;974;299
2013-09;Região de Saúde do Alentejo;Hospital Espírito Santo de Évora, EPE;38.5684861, -7.9032848;839;306
2013-09;Região de Saúde do Alentejo;Unidade Local de Saúde do Baixo Alentejo, EPE;38.014123, -7.8721227;761;201
2013-09;Região de Saúde do Algarve;Centro Hospitalar Universitário do Algarve,EPE;37.0238973, -7.9281554;2608;817
2013-09;Região de Saúde do Centro;Unidade Local de Saúde da Guarda, EPE;40.5309916, -7.2734793;428;154
2013-09;Região de Saúde LVT;Centro Hospitalar de Setúbal, EPE;38.5283754, -8.8818638;1197;362
2013-09;Região de Saúde LVT;Hospital Professor Doutor Fernando Fonseca, EPE;38.7422257, -9.2264834;1976;711
2013-10;Região de Saúde do Alentejo;Unidade Local de Saúde do Norte Alentejano, EPE;39.3003425, -7.4263845;477;165
2013-10;Região de Saúde do Centro;Centro Hospitalar Universitário Cova da Beira, EPE;40.2804158, -7.4922407;513;146
2013-10;Região de Saúde do Centro;Centro Hospitalar do Baixo Vouga, EPE;40.6362453, -8.6543716;1412;422
2013-10;Região de Saúde LVT;Centro Hospitalar Barreiro/Montijo, EPE;38.6554005, -9.0592392;1270;466
2013-10;Região de Saúde LVT;Centro Hospitalar de Lisboa Ocidental, EPE;38.708454, -9.216985;1971;620
2013-10;Região de Saúde LVT;Centro Hospitalar Universitário de Lisboa Norte, EPE;38.7500861, -9.1616116;1839;503
2013-10;Região de Saúde LVT;Hospital de Loures, PPP;38.821455, -9.176296;1778;391
2013-10;Região de Saúde LVT;Hospital Distrital de Santarém, EPE;39.2410946, -8.6937515;1002;314
2013-10;Região de Saúde Norte;Centro Hospitalar Universitário de São João, EPE;41.1831056, -8.6010558;2044;527
2013-10;Região de Saúde Norte;Centro Hospitalar do Alto Ave, EPE;41.4387173, -8.3086907;1709;514
2013-10;Região de Saúde Norte;Centro Hospitalar Póvoa de Varzim/Vila do Conde, EPE;41.3828711, -8.7589945;651;209
2013-10;Região de Saúde Norte;Unidade Local de Saúde do Alto Minho, EPE;41.7056054, -8.8252713;1253;380
2013-10;Região de Saúde Norte;Unidade Local de Saúde do Nordeste, EPE;41.8056532, -6.7888197;437;180
2013-11;Região de Saúde do Centro;Unidade Local de Saúde da Guarda, EPE;40.5309916, -7.2734793;518;188
2013-11;Região de Saúde do Centro;Unidade Local de Saúde de Castelo Branco, EPE;39.8212263, -7.4981271;346;94
2013-11;Região de Saúde LVT;Centro Hospitalar Médio Tejo, EPE;39.478072, -8.5404429;721;212
2013-11;Região de Saúde LVT;Hospital de Cascais, PPP;38.729006, -9.418267;2108;633
2013-11;Região de Saúde LVT;Hospital de Loures, PPP;38.821455, -9.176296;1945;425
2013-11;Região de Saúde Norte;Centro Hospitalar Vila Nova de Gaia/Espinho, EPE;41.1094138, -8.5972617;1517;562
2013-12;Região de Saúde LVT;Centro Hospitalar Universitário de Lisboa Norte, EPE;38.7500861, -9.1616116;2212;599
2013-12;Região de Saúde LVT;Centro Hospitalar Médio Tejo, EPE;39.478072, -8.5404429;784;234
2013-12;Região de Saúde LVT;Hospital de Loures, EPE;38.821455, -9.176296;2146;475
2013-12;Região de Saúde LVT;Hospital Garcia de Orta, EPE;38.6658713, -9.1822554;2509;560
2013-12;Região de Saúde Norte;Centro Hospitalar Universitário de São João, EPE;41.1831056, -8.6010558;2452;639
2013-12;Região de Saúde Norte;Centro Hospitalar do Alto Ave, EPE;41.4387173, -8.3086907;2034;631
2013-12;Região de Saúde Norte;Centro Hospitalar Tâmega e Sousa, EPE;41.2494561, -8.264901;2354;628
2013-12;Região de Saúde Norte;Unidade Local de Saúde de Matosinhos, EPE;41.1794456, -8.6745115;1393;425
2013-12;Região de Saúde Norte;Unidade Local de Saúde do Alto Minho, EPE;41.7056054, -8.8252713;1513;453
2014-01;Região de Saúde do Alentejo;Unidade Local de Saúde do Norte Alentejano, EPE;39.3003425, -7.4263845;47;19
2014-01;Região de Saúde do Centro;Unidade Local de Saúde de Castelo Branco, EPE;39.8212263, -7.4981271;30;9
2014-01;Região de Saúde LVT;Hospital de Cascais, PPP;38.729006, -9.418267;191;58
2014-01;Região de Saúde LVT;Hospital Distrital de Santarém, EPE;39.2410946, -8.6937515;85;18
2014-01;Região de Saúde Norte;Centro Hospitalar Universitário do Porto, EPE;41.1472498, -8.6172617;222;77
2014-01;Região de Saúde Norte;Unidade Local de Saúde do Alto Minho, EPE;41.7056054, -8.8252713;116;44
2014-02;Região de Saúde do Centro;Unidade Local de Saúde da Guarda, EPE;40.5309916, -7.2734793;89;36
2014-02;Região de Saúde LVT;Centro Hospitalar Barreiro/Montijo, EPE;38.6554005, -9.0592392;240;86
2014-02;Região de Saúde LVT;Hospital de Cascais, PPP;38.729006, -9.418267;370;101
2014-02;Região de Saúde Norte;Centro Hospitalar Universitário do Porto, EPE;41.1472498, -8.6172617;401;131
2014-02;Região de Saúde Norte;Centro Hospitalar Póvoa de Varzim/Vila do Conde, EPE;41.3828711, -8.7589945;106;31
2014-02;Região de Saúde Norte;Unidade Local de Saúde do Alto Minho, EPE;41.7056054, -8.8252713;203;70
2014-03;Região de Saúde do Centro;Centro Hospitalar Tondela-Viseu, EPE;40.516364, -8.0827433;444;127
2014-03;Região de Saúde do Centro;Unidade Local de Saúde da Guarda, EPE;40.5309916, -7.2734793;157;65
2014-03;Região de Saúde LVT;Centro Hospitalar Universitário de Lisboa Norte, EPE;38.7500861, -9.1616116;515;146
2014-03;Região de Saúde LVT;Hospital de Loures, PPP;38.821455, -9.176296;561;114
2014-03;Região de Saúde LVT;Hospital de Vila Franca de Xira, PPP;38.977235, -8.984506;315;81
2014-03;Região de Saúde Norte;Centro Hospitalar do Médio Ave, EPE;41.3423984, -8.4802503;295;79
2014-03;Região de Saúde Norte;Centro Hospitalar Universitário do Porto, EPE;41.1472498, -8.6172617;625;191
2014-03;Região de Saúde Norte;Centro Hospitalar Trás-os-Montes e Alto Douro, EPE;41.3031784, -7.7515252;269;90
2014-03;Região de Saúde Norte;Centro Hospitalar Vila Nova de Gaia/Espinho, EPE;41.1094138, -8.5972617;391;120
2014-03;Região de Saúde Norte;Unidade Local de Saúde do Alto Minho, EPE;41.7056054, -8.8252713;310;95
2014-04;Região de Saúde do Centro;Centro Hospitalar Universitário Cova da Beira, EPE;40.2804158, -7.4922407;152;46
2014-04;Região de Saúde do Centro;Centro Hospitalar do Baixo Vouga, EPE;40.6362453, -8.6543716;504;120
2014-04;Região de Saúde do Centro;Centro Hospitalar e Universitário de Coimbra, EPE;40.2191523, -8.4098211;1421;388
2014-04;Região de Saúde do Centro;Centro Hospitalar Tondela-Viseu, EPE;40.516364, -8.0827433;569;153
2014-04;Região de Saúde do Centro;Unidade Local de Saúde de Castelo Branco, EPE;39.8212263, -7.4981271;117;36
2014-04;Região de Saúde LVT;Centro Hospitalar de Lisboa Ocidental, EPE;38.708454, -9.216985;686;198
2014-04;Região de Saúde LVT;Centro Hospitalar de Setúbal, EPE;38.5283754, -8.8818638;499;140
2014-04;Região de Saúde LVT;Centro Hospitalar Universitário de Lisboa Norte, EPE;38.7500861, -9.1616116;689;188
2014-04;Região de Saúde LVT;Centro Hospitalar Médio Tejo, EPE;39.478072, -8.5404429;237;64
2014-04;Região de Saúde LVT;Hospital Distrital de Santarém, EPE;39.2410946, -8.6937515;351;90
2014-04;Região de Saúde LVT;Hospital Professor Doutor Fernando Fonseca, EPE;38.7422257, -9.2264834;787;247
2014-04;Região de Saúde Norte;Centro Hospitalar Universitário de São João, EPE;41.1831056, -8.6010558;791;225
2014-04;Região de Saúde Norte;Hospital de Braga, PPP;41.56785, -8.398982;759;229
2014-05;Região de Saúde do Alentejo;Hospital Espírito Santo de Évora, EPE;38.5684861, -7.9032848;372;149
2014-05;Região de Saúde do Centro;Centro Hospitalar e Universitário de Coimbra, EPE;40.2191523, -8.4098211;1831;499
2014-05;Região de Saúde do Centro;Unidade Local de Saúde de Castelo Branco, EPE;39.8212263, -7.4981271;145;46
2014-05;Região de Saúde LVT;Hospital de Cascais, PPP;38.729006, -9.418267;923;256
2014-05;Região de Saúde Norte;Centro Hospitalar Vila Nova de Gaia/Espinho, EPE;41.1094138, -8.5972617;658;186
2014-06;Região de Saúde do Alentejo;Hospital Espírito Santo de Évora, EPE;38.5684861, -7.9032848;464;179
2014-06;Região de Saúde do Alentejo;Unidade Local de Saúde do Baixo Alentejo, EPE;38.014123, -7.8721227;492;110
2014-06;Região de Saúde LVT;Hospital Garcia de Orta, EPE;38.6658713, -9.1822554;1141;278
2014-06;Região de Saúde Norte;Centro Hospitalar Universitário de São João, EPE;41.1831056, -8.6010558;1225;321
2014-06;Região de Saúde Norte;Centro Hospitalar Vila Nova de Gaia/Espinho, EPE;41.1094138, -8.5972617;774;222
2014-07;Região de Saúde do Alentejo;Unidade Local de Saúde do Norte Alentejano, EPE;39.3003425, -7.4263845;288;74
2014-07;Região de Saúde do Centro;Centro Hospitalar Universitário Cova da Beira, EPE;40.2804158, -7.4922407;301;86
2014-07;Região de Saúde do Centro;Centro Hospitalar de Leiria, EPE;39.7414812, -8.7982706;981;298
2014-07;Região de Saúde do Centro;Centro Hospitalar Tondela-Viseu, EPE;40.516364, -8.0827433;1012;273
2014-07;Região de Saúde LVT;Centro Hospitalar Barreiro/Montijo, EPE;38.6554005, -9.0592392;840;285
2014-07;Região de Saúde LVT;Hospital de Loures, PPP;38.821455, -9.176296;1264;246
2014-07;Região de Saúde LVT;Hospital Professor Doutor Fernando Fonseca, EPE;38.7422257, -9.2264834;1455;467
2014-07;Região de Saúde Norte;Centro Hospitalar do Alto Ave, EPE;41.4387173, -8.3086907;1095;316
2014-07;Região de Saúde Norte;Hospital de Braga, PPP;41.56785, -8.398982;1454;440
2014-08;Região de Saúde do Centro;Centro Hospitalar de Leiria, EPE;39.7414812, -8.7982706;1166;357
2014-08;Região de Saúde LVT;Hospital de Cascais, PPP;38.729006, -9.418267;1504;418
2014-08;Região de Saúde LVT;Hospital de Loures, EPE;38.821455, -9.176296;1481;302
2014-08;Região de Saúde Norte;Hospital de Braga, PPP;41.56785, -8.398982;1705;530
2014-08;Região de Saúde Norte;Unidade Local de Saúde do Alto Minho, EPE;41.7056054, -8.8252713;898;228
2014-09;Região de Saúde do Centro;Centro Hospitalar Universitário Cova da Beira, EPE;40.2804158, -7.4922407;412;116
2014-09;Região de Saúde do Centro;Centro Hospitalar de Leiria, EPE;39.7414812, -8.7982706;1345;406
2014-09;Região de Saúde LVT;Centro Hospitalar Universitário de Lisboa Norte, EPE;38.7500861, -9.1616116;1554;410
2014-09;Região de Saúde LVT;Hospital de Vila Franca de Xira, PPP;38.977235, -8.984506;1024;239
2014-09;Região de Saúde Norte;Centro Hospitalar Entre Douro e Vouga, EPE;40.9293884, -8.5458794;1236;284
2014-09;Região de Saúde Norte;Centro Hospitalar Póvoa de Varzim/Vila do Conde, EPE;41.3828711, -8.7589945;524;179
2014-09;Região de Saúde Norte;Centro Hospitalar Vila Nova de Gaia/Espinho, EPE;41.1094138, -8.5972617;1219;372
2014-09;Região de Saúde Norte;Unidade Local de Saúde do Nordeste, EPE;41.8056532, -6.7888197;407;156
2014-10;Região de Saúde do Centro;Centro Hospitalar de Leiria, EPE;39.7414812, -8.7982706;1513;456
2014-10;Região de Saúde do Centro;Centro Hospitalar e Universitário de Coimbra, EPE;40.2191523, -8.4098211;3934;1084
2014-10;Região de Saúde do Centro;Unidade Local de Saúde da Guarda, EPE;40.5309916, -7.2734793;479;191
2014-10;Região de Saúde LVT;Centro Hospitalar Médio Tejo, EPE;39.478072, -8.5404429;657;188
2014-10;Região de Saúde LVT;Hospital de Cascais, PPP;38.729006, -9.418267;1901;520
2014-10;Região de Saúde LVT;Hospital de Loures, PPP;38.821455, -9.176296;1923;385
2014-10;Região de Saúde LVT;Hospital de Vila Franca de Xira, PPP;38.977235, -8.984506;1168;275
2014-10;Região de Saúde Norte;Centro Hospitalar do Alto Ave, EPE;41.4387173, -8.3086907;1608;427
2014-10;Região de Saúde Norte;Hospital de Braga, PPP;41.56785, -8.398982;2167;653
2014-10;Região de Saúde Norte;Unidade Local de Saúde do Alto Minho, EPE;41.7056054, -8.8252713;1133;288
2014-11;Região de Saúde LVT;Centro Hospitalar Universitário Lisboa Central, EPE;38.7166948, -9.1371248;3294;998
2014-11;Região de Saúde LVT;Centro Hospitalar de Setúbal, EPE;38.5283754, -8.8818638;1514;428
2014-11;Região de Saúde LVT;Centro Hospitalar do Oeste, EPE;39.4054629, -9.1258493;1355;370
2014-11;Região de Saúde LVT;Hospital de Loures, EPE;38.821455, -9.176296;2151;425
2014-11;Região de Saúde LVT;Hospital Professor Doutor Fernando Fonseca, EPE;38.7422257, -9.2264834;2435;751
2014-11;Região de Saúde Norte;Centro Hospitalar Tâmega e Sousa, EPE;41.2494561, -8.264901;2107;542
2014-12;Região de Saúde do Centro;Centro Hospitalar e Universitário de Coimbra, EPE;40.2191523, -8.4098211;4725;1294
2014-12;Região de Saúde do Centro;Unidade Local de Saúde de Castelo Branco, EPE;39.8212263, -7.4981271;345;112
2014-12;Região de Saúde LVT;Centro Hospitalar Barreiro/Montijo, EPE;38.6554005, -9.0592392;1446;494
2014-12;Região de Saúde LVT;Hospital Distrital de Santarém, EPE;39.2410946, -8.6937515;1141;311
2014-12;Região de Saúde LVT;Hospital Professor Doutor Fernando Fonseca, EPE;38.7422257, -9.2264834;2675;828
2014-12;Região de Saúde Norte;Centro Hospitalar do Alto Ave, EPE;41.4387173, -8.3086907;1949;531
2014-12;Região de Saúde Norte;Centro Hospitalar do Médio Ave, EPE;41.3423984, -8.4802503;1238;412
2014-12;Região de Saúde Norte;Centro Hospitalar Póvoa de Varzim/Vila do Conde, EPE;41.3828711, -8.7589945;737;242
2014-12;Região de Saúde Norte;Hospital de Braga, PPP;41.56785, -8.398982;2609;764
2015-01;Região de Saúde do Centro;Centro Hospitalar Universitário Cova da Beira, EPE;40.2804158, -7.4922407;58;12
2015-01;Região de Saúde LVT;Centro Hospitalar de Lisboa Ocidental, EPE;38.708454, -9.216985;182;50
2015-01;Região de Saúde LVT;Centro Hospitalar de Setúbal, EPE;38.5283754, -8.8818638;128;38
2015-01;Região de Saúde LVT;Centro Hospitalar Médio Tejo, EPE;39.478072, -8.5404429;60;22
2015-01;Região de Saúde LVT;Hospital de Loures, PPP;38.821455, -9.176296;186;49
2015-01;Região de Saúde Norte;Centro Hospitalar Póvoa de Varzim/Vila do Conde, EPE;41.3828711, -8.7589945;57;26
2015-01;Região de Saúde Norte;Centro Hospitalar Tâmega e Sousa, EPE;41.2494561, -8.264901;199;49
2015-01;Região de Saúde Norte;Unidade Local de Saúde de Matosinhos, EPE;41.1794456, -8.6745115;111;26
2015-02;Região de Saúde do Alentejo;Unidade Local de Saúde do Norte Alentejano, EPE;39.3003425, -7.4263845;82;24
2015-02;Região de Saúde LVT;Hospital de Loures, PPP;38.821455, -9.176296;358;87
2015-02;Região de Saúde LVT;Hospital de Vila Franca de Xira, PPP;38.977235, -8.984506;235;53
2015-02;Região de Saúde Norte;Centro Hospitalar Vila Nova de Gaia/Espinho, EPE;41.1094138, -8.5972617;256;70
2015-02;Região de Saúde Norte;Hospital de Braga, PPP;41.56785, -8.398982;434;130
2015-02;Região de Saúde Norte;Unidade Local de Saúde de Matosinhos, EPE;41.1794456, -8.6745115;214;54
2015-02;Região de Saúde Norte;Unidade Local de Saúde do Nordeste, EPE;41.8056532, -6.7888197;73;36
2015-03;Região de Saúde do Centro;Centro Hospitalar Universitário Cova da Beira, EPE;40.2804158, -7.4922407;155;39
2015-03;Região de Saúde do Centro;Centro Hospitalar e Universitário de Coimbra, EPE;40.2191523, -8.4098211;1105;329
2015-03;Região de Saúde LVT;Centro Hospitalar do Oeste, EPE;39.4054629, -9.1258493;327;101
2015-03;Região de Saúde LVT;Hospital de Loures, EPE;38.821455, -9.176296;579;132
2015-03;Região de Saúde Norte;Centro Hospitalar Universitário de São João, EPE;41.1831056, -8.6010558;583;166
2015-03;Região de Saúde Norte;Centro Hospitalar Póvoa de Varzim/Vila do Conde, EPE;41.3828711, -8.7589945;170;59
2015-03;Região de Saúde Norte;Centro Hospitalar Tâmega e Sousa, EPE;41.2494561, -8.264901;547;131
2015-04;Região de Saúde do Centro;Centro Hospitalar do Baixo Vouga, EPE;40.6362453, -8.6543716;543;119
2015-04;Região de Saúde do Centro;Unidade Local de Saúde da Guarda, EPE;40.5309916, -7.2734793;175;47
2015-04;Região de Saúde LVT;Hospital de Cascais, PPP;38.729006, -9.418267;811;220
2015-04;Região de Saúde Norte;Unidade Local de Saúde do Alto Minho, EPE;41.7056054, -8.8252713;458;108
2015-05;Região de Saúde do Centro;Unidade Local de Saúde da Guarda, EPE;40.5309916, -7.2734793;230;71
2015-05;Região de Saúde do Centro;Unidade Local de Saúde de Castelo Branco, EPE;39.8212263, -7.4981271;129;26
2015-05;Região de Saúde LVT;Centro Hospitalar Universitário Lisboa Central, EPE;38.7166948, -9.1371248;1391;382
2015-05;Região de Saúde Norte;Centro Hospitalar Universitário do Porto, EPE;41.1472498, -8.6172617;1267;336
2015-05;Região de Saúde Norte;Hospital da Senhora da Oliveira, Guimarães, EPE;41.4387173, -8.3086907;756;244
2015-05;Região de Saúde Norte;Hospital de Braga, PPP;41.56785, -8.398982;1118;319
2015-05;Região de Saúde Norte;Unidade Local de Saúde de Matosinhos, EPE;41.1794456, -8.6745115;583;158
2015-06;Região de Saúde do Alentejo;Unidade Local de Saúde do Norte Alentejano, EPE;39.3003425, -7.4263845;264;63
2015-06;Região de Saúde LVT;Centro Hospitalar Universitário Lisboa Central, EPE;38.7166948, -9.1371248;1665;456
2015-06;Região de Saúde LVT;Centro Hospitalar de Setúbal, EPE;38.5283754, -8.8818638;772;226
2015-06;Região de Saúde LVT;Hospital de Loures, EPE;38.821455, -9.176296;1151;266
2015-06;Região de Saúde Norte;Centro Hospitalar Trás-os-Montes e Alto Douro, EPE;41.3031784, -7.7515252;642;233
2015-06;Região de Saúde Norte;Unidade Local de Saúde do Nordeste, EPE;41.8056532, -6.7888197;229;105
2015-07;Região de Saúde LVT;Centro Hospitalar de Setúbal, EPE;38.5283754, -8.8818638;923;271
2015-07;Região de Saúde LVT;Hospital de Cascais, PPP;38.729006, -9.418267;1459;390
2015-07;Região de Saúde LVT;Hospital de Loures, EPE;38.821455, -9.176296;1336;298
2015-07;Região de Saúde Norte;Centro Hospitalar Tâmega e Sousa, EPE;41.2494561, -8.264901;1294;325
2015-07;Região de Saúde Norte;Unidade Local de Saúde do Nordeste, EPE;41.8056532, -6.7888197;275;115
2015-08;Região de Saúde do Centro;Centro Hospitalar de Leiria, EPE;39.7414812, -8.7982706;1250;365
2015-08;Região de Saúde do Centro;Unidade Local de Saúde da Guarda, EPE;40.5309916, -7.2734793;376;122
2015-08;Região de Saúde do Centro;Unidade Local de Saúde de Castelo Branco, EPE;39.8212263, -7.4981271;227;51
2015-08;Região de Saúde LVT;Centro Hospitalar de Lisboa Ocidental, EPE;38.708454, -9.216985;1505;438
2015-08;Região de Saúde LVT;Centro Hospitalar Médio Tejo, EPE;39.478072, -8.5404429;509;138
2015-08;Região de Saúde LVT;Hospital Garcia de Orta, EPE;38.6658713, -9.1822554;1577;402
2015-08;Região de Saúde Norte;Centro Hospitalar Vila Nova de Gaia/Espinho, EPE;41.1094138, -8.5972617;1127;355
2015-08;Região de Saúde Norte;Hospital da Senhora da Oliveira, Guimarães, EPE;41.4387173, -8.3086907;1255;363
2015-09;Região de Saúde do Centro;Unidade Local de Saúde da Guarda, EPE;40.5309916, -7.2734793;430;142
2015-09;Região de Saúde do Centro;Unidade Local de Saúde de Castelo Branco, EPE;39.8212263, -7.4981271;270;63
2015-09;Região de Saúde LVT;Centro Hospitalar Barreiro/Montijo, EPE;38.6554005, -9.0592392;1048;301
2015-09;Região de Saúde LVT;Centro Hospitalar do Oeste, EPE;39.4054629, -9.1258493;1037;294
2015-09;Região de Saúde LVT;Hospital de Cascais, PPP;38.729006, -9.418267;1930;499
2015-09;Região de Saúde Norte;Centro Hospitalar do Médio Ave, EPE;41.3423984, -8.4802503;948;361
2015-09;Região de Saúde Norte;Centro Hospitalar Póvoa de Varzim/Vila do Conde, EPE;41.3828711, -8.7589945;578;203
2015-09;Região de Saúde Norte;Hospital da Senhora da Oliveira, Guimarães, EPE;41.4387173, -8.3086907;1436;394
2015-09;Região de Saúde Norte;Unidade Local de Saúde do Nordeste, EPE;41.8056532, -6.7888197;362;155
2015-10;Região de Saúde LVT;Centro Hospitalar Universitário de Lisboa Norte, EPE;38.7500861, -9.1616116;1903;469
2015-10;Região de Saúde LVT;Hospital de Cascais, PPP;38.729006, -9.418267;2138;565
2015-10;Região de Saúde LVT;Hospital Garcia de Orta, EPE;38.6658713, -9.1822554;2047;523
2015-11;Região de Saúde do Centro;Centro Hospitalar Tondela-Viseu, EPE;40.516364, -8.0827433;1728;405
2015-11;Região de Saúde LVT;Centro Hospitalar Barreiro/Montijo, EPE;38.6554005, -9.0592392;1297;371
2015-11;Região de Saúde LVT;Hospital Professor Doutor Fernando Fonseca, EPE;38.7422257, -9.2264834;2466;703
2015-11;Região de Saúde Norte;Centro Hospitalar Universitário de São João, EPE;41.1831056, -8.6010558;2276;670
2015-11;Região de Saúde Norte;Hospital de Braga, PPP;41.56785, -8.398982;2541;745
2015-12;Região de Saúde do Centro;Unidade Local de Saúde de Castelo Branco, EPE;39.8212263, -7.4981271;378;94
2015-12;Região de Saúde Norte;Centro Hospitalar do Médio Ave, EPE;41.3423984, -8.4802503;1245;460
2015-12;Região de Saúde Norte;Centro Hospitalar Vila Nova de Gaia/Espinho, EPE;41.1094138, -8.5972617;1727;536
2015-12;Região de Saúde Norte;Unidade Local de Saúde do Nordeste, EPE;41.8056532, -6.7888197;477;198
2016-01;Região de Saúde do Centro;Centro Hospitalar e Universitário de Coimbra, EPE;40.2191523, -8.4098211;396;109
2016-01;Região de Saúde do Centro;Unidade Local de Saúde da Guarda, EPE;40.5309916, -7.2734793;46;17
2016-01;Região de Saúde LVT;Centro Hospitalar de Setúbal, EPE;38.5283754, -8.8818638;125;42
2016-01;Região de Saúde LVT;Centro Hospitalar Universitário de Lisboa Norte, EPE;38.7500861, -9.1616116;209;55
2016-01;Região de Saúde LVT;Hospital de Loures, PPP;38.821455, -9.176296;218;47
2016-01;Região de Saúde LVT;Hospital Distrital de Santarém, EPE;39.2410946, -8.6937515;109;32
2016-01;Região de Saúde Norte;Centro Hospitalar Entre Douro e Vouga, EPE;40.9293884, -8.5458794;133;29
2016-02;Região de Saúde do Alentejo;Unidade Local de Saúde do Baixo Alentejo, EPE;38.014123, -7.8721227;172;43
2016-02;Região de Saúde do Alentejo;Unidade Local de Saúde do Norte Alentejano, EPE;39.3003425, -7.4263845;85;20
2016-02;Região de Saúde do Centro;Centro Hospitalar de Leiria, EPE;39.7414812, -8.7982706;349;96
2016-02;Região de Saúde do Centro;Centro Hospitalar Tondela-Viseu, EPE;40.516364, -8.0827433;316;68
2016-02;Região de Saúde do Centro;Unidade Local de Saúde da Guarda, EPE;40.5309916, -7.2734793;90;36
2016-02;Região de Saúde LVT;Centro Hospitalar Médio Tejo, EPE;39.478072, -8.5404429;146;29
2016-02;Região de Saúde LVT;Hospital de Vila Franca de Xira, PPP;38.977235, -8.984506;261;68
2016-02;Região de Saúde Norte;Centro Hospitalar Entre Douro e Vouga, EPE;40.9293884, -8.5458794;279;69
2016-02;Região de Saúde Norte;Hospital de Braga, PPP;41.56785, -8.398982;433;105
2016-02;Região de Saúde Norte;Unidade Local de Saúde de Matosinhos, EPE;41.1794456, -8.6745115;261;73
2016-03;Região de Saúde do Centro;Centro Hospitalar do Baixo Vouga, EPE;40.6362453, -8.6543716;408;95
2016-03;Região de Saúde do Centro;Centro Hospitalar Tondela-Viseu, EPE;40.516364, -8.0827433;498;108
2016-03;Região de Saúde LVT;Centro Hospitalar Universitário de Lisboa Norte, EPE;38.7500861, -9.1616116;581;148
2016-03;Região de Saúde LVT;Centro Hospitalar Médio Tejo, EPE;39.478072, -8.5404429;202;41
2016-03;Região de Saúde LVT;Hospital de Cascais, PPP;38.729006, -9.418267;634;186
2016-03;Região de Saúde Norte;Centro Hospitalar Trás-os-Montes e Alto Douro, EPE;41.3031784, -7.7515252;340;125
2016-03;Região de Saúde Norte;Unidade Local de Saúde do Nordeste, EPE;41.8056532, -6.7888197;130;59
2016-04;Região de Saúde do Alentejo;Unidade Local de Saúde do Norte Alentejano, EPE;39.3003425, -7.4263845;151;44
2016-04;Região de Saúde do Algarve;Centro Hospitalar Universitário do Algarve,EPE;37.0238973, -7.9281554;1134;292
2016-04;Região de Saúde do Centro;Centro Hospitalar de Leiria, EPE;39.7414812, -8.7982706;661;176
2016-04;Região de Saúde do Centro;Centro Hospitalar e Universitário de Coimbra, EPE;40.2191523, -8.4098211;1499;406
2016-04;Região de Saúde LVT;Centro Hospitalar do Oeste, EPE;39.4054629, -9.1258493;462;132
2016-05;Região de Saúde do Algarve;Centro Hospitalar Universitário do Algarve,EPE;37.0238973, -7.9281554;1445;371
2016-05;Região de Saúde LVT;Centro Hospitalar do Oeste, EPE;39.4054629, -9.1258493;584;173
2016-05;Região de Saúde Norte;Centro Hospitalar Entre Douro e Vouga, EPE;40.9293884, -8.5458794;669;158
2016-06;Região de Saúde do Alentejo;Unidade Local de Saúde do Norte Alentejano, EPE;39.3003425, -7.4263845;246;75
2016-06;Região de Saúde do Centro;Centro Hospitalar Tondela-Viseu, EPE;40.516364, -8.0827433;974;211
2016-06;Região de Saúde LVT;Centro Hospitalar Barreiro/Montijo, EPE;38.6554005, -9.0592392;682;198
2016-06;Região de Saúde LVT;Hospital Professor Doutor Fernando Fonseca, EPE;38.7422257, -9.2264834;1333;380
2016-06;Região de Saúde Norte;Centro Hospitalar Universitário de São João, EPE;41.1831056, -8.6010558;1247;372
2016-06;Região de Saúde Norte;Unidade Local de Saúde do Nordeste, EPE;41.8056532, -6.7888197;246;103
2016-07;Região de Saúde do Alentejo;Hospital Espírito Santo de Évora, EPE;38.5684861, -7.9032848;655;187
2016-07;Região de Saúde LVT;Centro Hospitalar Barreiro/Montijo, EPE;38.6554005, -9.0592392;802;229
2016-07;Região de Saúde LVT;Centro Hospitalar do Oeste, EPE;39.4054629, -9.1258493;822;260
2016-07;Região de Saúde LVT;Centro Hospitalar Universitário de Lisboa Norte, EPE;38.7500861, -9.1616116;1409;350
2016-07;Região de Saúde LVT;Hospital de Loures, EPE;38.821455, -9.176296;1494;286
2016-07;Região de Saúde Norte;Centro Hospitalar Tâmega e Sousa, EPE;41.2494561, -8.264901;1332;363
2016-07;Região de Saúde Norte;Hospital de Braga, PPP;41.56785, -8.398982;1668;458
2016-08;Região de Saúde do Alentejo;Unidade Local de Saúde do Norte Alentejano, EPE;39.3003425, -7.4263845;336;94
2016-08;Região de Saúde do Centro;Centro Hospitalar e Universitário de Coimbra, EPE;40.2191523, -8.4098211;3204;848
2016-08;Região de Saúde do Centro;Centro Hospitalar Tondela-Viseu, EPE;40.516364, -8.0827433;1310;293
2016-08;Região de Saúde LVT;Centro Hospitalar Barreiro/Montijo, EPE;38.6554005, -9.0592392;908;258
2016-08;Região de Saúde LVT;Centro Hospitalar de Lisboa Ocidental, EPE;38.708454, -9.216985;1632;426
2016-08;Região de Saúde LVT;Hospital de Loures, PPP;38.821455, -9.176296;1690;332
2016-08;Região de Saúde LVT;Hospital Garcia de Orta, EPE;38.6658713, -9.1822554;1764;447
2016-08;Região de Saúde Norte;Unidade Local de Saúde de Matosinhos, EPE;41.1794456, -8.6745115;1038;298
2016-09;Região de Saúde do Algarve;Centro Hospitalar Universitário do Algarve,EPE;37.0238973, -7.9281554;2790;711
2016-09;Região de Saúde do Centro;Unidade Local de Saúde da Guarda, EPE;40.5309916, -7.2734793;433;174
2016-09;Região de Saúde LVT;Centro Hospitalar de Lisboa Ocidental, EPE;38.708454, -9.216985;1886;499
2016-09;Região de Saúde LVT;Centro Hospitalar do Oeste, EPE;39.4054629, -9.1258493;1076;340
2016-09;Região de Saúde LVT;Centro Hospitalar Universitário de Lisboa Norte, EPE;38.7500861, -9.1616116;1828;447
2016-09;Região de Saúde LVT;Centro Hospitalar Médio Tejo, EPE;39.478072, -8.5404429;605;160
2016-09;Região de Saúde LVT;Hospital de Cascais, PPP;38.729006, -9.418267;1876;507
2016-09;Região de Saúde LVT;Hospital Garcia de Orta, EPE;38.6658713, -9.1822554;2031;523
2016-10;Região de Saúde do Algarve;Centro Hospitalar Universitário do Algarve,EPE;37.0238973, -7.9281554;3120;804
2016-10;Região de Saúde do Centro;Centro Hospitalar e Universitário de Coimbra, EPE;40.2191523, -8.4098211;4064;1042
2016-10;Região de Saúde LVT;Centro Hospitalar Barreiro/Montijo, EPE;38.6554005, -9.0592392;1168;330
2016-10;Região de Saúde LVT;Hospital de Loures, EPE;38.821455, -9.176296;2143;417
2016-10;Região de Saúde LVT;Hospital Distrital de Santarém, EPE;39.2410946, -8.6937515;1012;279
2016-10;Região de Saúde Norte;Centro Hospitalar Tâmega e Sousa, EPE;41.2494561, -8.264901;2010;514
2016-10;Região de Saúde Norte;Hospital da Senhora da Oliveira, Guimarães, EPE;41.4387173, -8.3086907;1784;481
2016-10;Região de Saúde Norte;Unidade Local de Saúde do Alto Minho, EPE;41.7056054, -8.8252713;1270;346
2016-11;Região de Saúde LVT;Centro Hospitalar de Lisboa Ocidental, EPE;38.708454, -9.216985;2316;623
2016-11;Região de Saúde LVT;Hospital Garcia de Orta, EPE;38.6658713, -9.1822554;2504;660
2016-11;Região de Saúde Norte;Centro Hospitalar Universitário de São João, EPE;41.1831056, -8.6010558;2337;674
2016-11;Região de Saúde Norte;Centro Hospitalar Póvoa de Varzim/Vila do Conde, EPE;41.3828711, -8.7589945;801;237
2016-11;Região de Saúde Norte;Unidade Local de Saúde de Matosinhos, EPE;41.1794456, -8.6745115;1443;404
2016-12;Região de Saúde do Algarve;Centro Hospitalar Universitário do Algarve,EPE;37.0238973, -7.9281554;3677;943
2016-12;Região de Saúde do Centro;Centro Hospitalar Universitário Cova da Beira, EPE;40.2804158, -7.4922407;532;205
2016-12;Região de Saúde do Centro;Centro Hospitalar de Leiria, EPE;39.7414812, -8.7982706;2000;564
2016-12;Região de Saúde do Centro;Centro Hospitalar Tondela-Viseu, EPE;40.516364, -8.0827433;1972;430
2016-12;Região de Saúde LVT;Centro Hospitalar do Oeste, EPE;39.4054629, -9.1258493;1378;441
2016-12;Região de Saúde LVT;Centro Hospitalar Médio Tejo, EPE;39.478072, -8.5404429;795;206
2016-12;Região de Saúde Norte;Centro Hospitalar Universitário de São João, EPE;41.1831056, -8.6010558;2550;739
2017-01;Região de Saúde do Alentejo;Hospital Espírito Santo de Évora, EPE;38.5684861, -7.9032848;100;30
2017-01;Região de Saúde do Alentejo;Unidade Local de Saúde do Norte Alentejano, EPE;39.3003425, -7.4263845;43;11
2017-01;Região de Saúde do Centro;Centro Hospitalar de Leiria, EPE;39.7414812, -8.7982706;188;51
2017-01;Região de Saúde do Centro;Centro Hospitalar do Baixo Vouga, EPE;40.6362453, -8.6543716;147;40
2017-01;Região de Saúde do Centro;Centro Hospitalar Tondela-Viseu, EPE;40.516364, -8.0827433;162;34
2017-01;Região de Saúde LVT;Centro Hospitalar Barreiro/Montijo, EPE;38.6554005, -9.0592392;118;36
2017-01;Região de Saúde LVT;Hospital de Loures, PPP;38.821455, -9.176296;205;40
2017-01;Região de Saúde Norte;Unidade Local de Saúde de Matosinhos, EPE;41.1794456, -8.6745115;125;32
2017-02;Região de Saúde do Centro;Centro Hospitalar de Leiria, EPE;39.7414812, -8.7982706;342;94
2017-02;Região de Saúde LVT;Centro Hospitalar de Setúbal, EPE;38.5283754, -8.8818638;247;65
2017-02;Região de Saúde LVT;Hospital de Vila Franca de Xira, PPP;38.977235, -8.984506;264;72
2017-02;Região de Saúde Norte;Centro Hospitalar Póvoa de Varzim/Vila do Conde, EPE;41.3828711, -8.7589945;149;44
2017-02;Região de Saúde Norte;Hospital de Braga, PPP;41.56785, -8.398982;479;143
2017-02;Região de Saúde Norte;Unidade Local de Saúde de Matosinhos, EPE;41.1794456, -8.6745115;232;60
2017-02;Região de Saúde Norte;Unidade Local de Saúde do Alto Minho, EPE;41.7056054, -8.8252713;213;59
2017-03;Região de Saúde do Alentejo;Unidade Local de Saúde do Norte Alentejano, EPE;39.3003425, -7.4263845;114;34
2017-03;Região de Saúde do Centro;Unidade Local de Saúde da Guarda, EPE;40.5309916, -7.2734793;135;60
2017-03;Região de Saúde LVT;Centro Hospitalar de Lisboa Ocidental, EPE;38.708454, -9.216985;629;169
2017-03;Região de Saúde LVT;Centro Hospitalar Médio Tejo, EPE;39.478072, -8.5404429;174;43
2017-03;Região de Saúde Norte;Centro Hospitalar Entre Douro e Vouga, EPE;40.9293884, -8.5458794;380;105
2017-03;Região de Saúde Norte;Centro Hospitalar Póvoa de Varzim/Vila do Conde, EPE;41.3828711, -8.7589945;222;72
2017-03;Região de Saúde Norte;Unidade Local de Saúde do Alto Minho, EPE;41.7056054, -8.8252713;313;86
2017-04;Região de Saúde do Centro;Centro Hospitalar do Baixo Vouga, EPE;40.6362453, -8.6543716;542;155
2017-04;Região de Saúde do Centro;Unidade Local de Saúde de Castelo Branco, EPE;39.8212263, -7.4981271;121;25
2017-04;Região de Saúde LVT;Centro Hospitalar de Setúbal, EPE;38.5283754, -8.8818638;471;117
2017-04;Região de Saúde LVT;Hospital de Cascais, PPP;38.729006, -9.418267;832;195
2017-04;Região de Saúde LVT;Hospital de Loures, EPE;38.821455, -9.176296;818;172
2017-04;Região de Saúde LVT;Hospital de Vila Franca de Xira, PPP;38.977235, -8.984506;503;142
2017-04;Região de Saúde LVT;Hospital Garcia de Orta, EPE;38.6658713, -9.1822554;860;224
2017-04;Região de Saúde Norte;Centro Hospitalar Universitário de São João, EPE;41.1831056, -8.6010558;787;241
2017-04;Região de Saúde Norte;Centro Hospitalar Póvoa de Varzim/Vila do Conde, EPE;41.3828711, -8.7589945;293;94
2017-04;Região de Saúde Norte;Hospital da Senhora da Oliveira, Guimarães, EPE;41.4387173, -8.3086907;653;172
2017-05;Região de Saúde do Alentejo;Hospital Espírito Santo de Évora, EPE;38.5684861, -7.9032848;446;134
2017-05;Região de Saúde do Alentejo;Unidade Local de Saúde do Baixo Alentejo, EPE;38.014123, -7.8721227;431;119
2017-05;Região de Saúde do Centro;Centro Hospitalar Universitário Cova da Beira, EPE;40.2804158, -7.4922407;214;87
2017-05;Região de Saúde do Centro;Centro Hospitalar e Universitário de Coimbra, EPE;40.2191523, -8.4098211;1950;565
2017-05;Região de Saúde LVT;Centro Hospitalar de Lisboa Ocidental, EPE;38.708454, -9.216985;1049;271
2017-05;Região de Saúde LVT;Centro Hospitalar Médio Tejo, EPE;39.478072, -8.5404429;279;75
2017-05;Região de Saúde LVT;Hospital de Loures, PPP;38.821455, -9.176296;1072;224
2017-05;Região de Saúde Norte;Centro Hospitalar Entre Douro e Vouga, EPE;40.9293884, -8.5458794;642;191
2017-05;Região de Saúde Norte;Hospital de Braga, PPP;41.56785, -8.398982;1198;353
2017-05;Região de Saúde Norte;Unidade Local de Saúde de Matosinhos, EPE;41.1794456, -8.6745115;603;150
2017-06;Região de Saúde do Algarve;Centro Hospitalar Universitário do Algarve,EPE;37.0238973, -7.9281554;1742;469
2017-06;Região de Saúde do Centro;Centro Hospitalar de Leiria, EPE;39.7414812, -8.7982706;954;290
2017-06;Região de Saúde LVT;Centro Hospitalar Barreiro/Montijo, EPE;38.6554005, -9.0592392;749;195
2017-06;Região de Saúde Norte;Centro Hospitalar do Médio Ave, EPE;41.3423984, -8.4802503;563;177
2017-06;Região de Saúde Norte;Centro Hospitalar Vila Nova de Gaia/Espinho, EPE;41.1094138, -8.5972617;802;245
2017-07;Região de Saúde do Centro;Centro Hospitalar do Baixo Vouga, EPE;40.6362453, -8.6543716;964;266
2017-07;Região de Saúde do Centro;Centro Hospitalar e Universitário de Coimbra, EPE;40.2191523, -8.4098211;2807;801
2017-07;Região de Saúde do Centro;Centro Hospitalar Tondela-Viseu, EPE;40.516364, -8.0827433;1078;241
2017-07;Região de Saúde LVT;Centro Hospitalar de Lisboa Ocidental, EPE;38.708454, -9.216985;1480;396
2017-07;Região de Saúde LVT;Centro Hospitalar de Setúbal, EPE;38.5283754, -8.8818638;807;189
2017-07;Região de Saúde LVT;Centro Hospitalar Universitário de Lisboa Norte, EPE;38.7500861, -9.1616116;1362;324
2017-07;Região de Saúde Norte;Centro Hospitalar Entre Douro e Vouga, EPE;40.9293884, -8.5458794;903;249
2017-07;Região de Saúde Norte;Centro Hospitalar Vila Nova de Gaia/Espinho, EPE;41.1094138, -8.5972617;948;282
2017-07;Região de Saúde Norte;Unidade Local de Saúde de Matosinhos, EPE;41.1794456, -8.6745115;831;215
2017-08;Região de Saúde do Alentejo;Hospital Espírito Santo de Évora, EPE;38.5684861, -7.9032848;740;217
2017-08;Região de Saúde do Centro;Centro Hospitalar e Universitário de Coimbra, EPE;40.2191523, -8.4098211;3214;912
2017-08;Região de Saúde LVT;Hospital de Vila Franca de Xira, PPP;38.977235, -8.984506;1097;325
2017-08;Região de Saúde LVT;Hospital Distrital de Santarém, EPE;39.2410946, -8.6937515;744;201
2017-08;Região de Saúde Norte;Centro Hospitalar do Médio Ave, EPE;41.3423984, -8.4802503;784;232
2017-08;Região de Saúde Norte;Hospital da Senhora da Oliveira, Guimarães, EPE;41.4387173, -8.3086907;1278;327
2017-08;Região de Saúde Norte;Unidade Local de Saúde do Nordeste, EPE;41.8056532, -6.7888197;313;116
2017-09;Região de Saúde do Algarve;Centro Hospitalar Universitário do Algarve,EPE;37.0238973, -7.9281554;2685;724
2017-09;Região de Saúde do Centro;Centro Hospitalar de Leiria, EPE;39.7414812, -8.7982706;1454;430
2017-09;Região de Saúde Norte;Unidade Local de Saúde de Matosinhos, EPE;41.1794456, -8.6745115;1104;290
2017-09;Região de Saúde Norte;Unidade Local de Saúde do Alto Minho, EPE;41.7056054, -8.8252713;984;290
2017-10;Região de Saúde LVT;Hospital de Loures, PPP;38.821455, -9.176296;2203;478
2017-10;Região de Saúde LVT;Hospital Garcia de Orta, EPE;38.6658713, -9.1822554;2310;623
2017-10;Região de Saúde Norte;Centro Hospitalar Universitário de São João, EPE;41.1831056, -8.6010558;2035;590
2017-10;Região de Saúde Norte;Centro Hospitalar do Médio Ave, EPE;41.3423984, -8.4802503;1004;299
2017-10;Região de Saúde Norte;Centro Hospitalar Entre Douro e Vouga, EPE;40.9293884, -8.5458794;1314;360
2017-10;Região de Saúde Norte;Centro Hospitalar Tâmega e Sousa, EPE;41.2494561, -8.264901;1733;416
2017-10;Região de Saúde Norte;Centro Hospitalar Vila Nova de Gaia/Espinho, EPE;41.1094138, -8.5972617;1423;421
2017-10;Região de Saúde Norte;Unidade Local de Saúde do Alto Minho, EPE;41.7056054, -8.8252713;1123;333
2017-11;Região de Saúde do Alentejo;Hospital Espírito Santo de Évora, EPE;38.5684861, -7.9032848;1035;313
2017-11;Região de Saúde LVT;Hospital Distrital de Santarém, EPE;39.2410946, -8.6937515;1052;283
2017-11;Região de Saúde Norte;Centro Hospitalar do Médio Ave, EPE;41.3423984, -8.4802503;1102;329
2017-11;Região de Saúde Norte;Centro Hospitalar Universitário do Porto, EPE;41.1472498, -8.6172617;3079;835
2017-12;Região de Saúde do Centro;Centro Hospitalar de Leiria, EPE;39.7414812, -8.7982706;1949;598
2017-12;Região de Saúde do Centro;Centro Hospitalar do Baixo Vouga, EPE;40.6362453, -8.6543716;1743;477
2017-12;Região de Saúde do Centro;Centro Hospitalar e Universitário de Coimbra, EPE;40.2191523, -8.4098211;4821;1345
2017-12;Região de Saúde LVT;Centro Hospitalar de Lisboa Ocidental, EPE;38.708454, -9.216985;2450;671
2017-12;Região de Saúde LVT;Centro Hospitalar Universitário de Lisboa Norte, EPE;38.7500861, -9.1616116;2467;632
2017-12;Região de Saúde LVT;Hospital de Loures, PPP;38.821455, -9.176296;2699;588
2017-12;Região de Saúde LVT;Hospital de Vila Franca de Xira, PPP;38.977235, -8.984506;1731;483
2017-12;Região de Saúde LVT;Hospital Distrital de Santarém, EPE;39.2410946, -8.6937515;1138;311
2017-12;Região de Saúde LVT;Hospital Garcia de Orta, EPE;38.6658713, -9.1822554;2787;744
2017-12;Região de Saúde Norte;Centro Hospitalar Universitário do Porto, EPE;41.1472498, -8.6172617;3372;913
2017-12;Região de Saúde Norte;Unidade Local de Saúde do Alto Minho, EPE;41.7056054, -8.8252713;1353;398
2017-12;Região de Saúde Norte;Unidade Local de Saúde do Nordeste, EPE;41.8056532, -6.7888197;475;178
2018-01;Região de Saúde LVT;Hospital de Cascais, PPP;38.729006, -9.418267;210;61
2018-01;Região de Saúde Norte;Centro Hospitalar Universitário do Porto, EPE;41.1472498, -8.6172617;300;81
2018-01;Região de Saúde Norte;Centro Hospitalar Entre Douro e Vouga, EPE;40.9293884, -8.5458794;136;33
2018-01;Região de Saúde Norte;Hospital de Braga, PPP;41.56785, -8.398982;255;76
2018-01;Região de Saúde Norte;Unidade Local de Saúde de Matosinhos, EPE;41.1794456, -8.6745115;119;40
2018-02;Região de Saúde do Alentejo;Unidade Local de Saúde do Baixo Alentejo, EPE;38.014123, -7.8721227;157;54
2018-02;Região de Saúde LVT;Centro Hospitalar Barreiro/Montijo, EPE;38.6554005, -9.0592392;228;64
2018-02;Região de Saúde LVT;Centro Hospitalar do Oeste, EPE;39.4054629, -9.1258493;166;50
2018-02;Região de Saúde Norte;Unidade Local de Saúde de Matosinhos, EPE;41.1794456, -8.6745115;245;78
2018-03;Região de Saúde do Centro;Centro Hospitalar e Universitário de Coimbra, EPE;40.2191523, -8.4098211;1106;363
2018-03;Região de Saúde LVT;Centro Hospitalar Barreiro/Montijo, EPE;38.6554005, -9.0592392;330;91
2018-03;Região de Saúde LVT;Centro Hospitalar Universitário de Lisboa Norte, EPE;38.7500861, -9.1616116;567;174
2018-04;Região de Saúde do Alentejo;Hospital Espírito Santo de Évora, EPE;38.5684861, -7.9032848;324;106
2018-04;Região de Saúde LVT;Hospital Garcia de Orta, EPE;38.6658713, -9.1822554;826;195
2018-04;Região de Saúde Norte;Centro Hospitalar Tâmega e Sousa, EPE;41.2494561, -8.264901;677;166
2018-04;Região de Saúde Norte;Centro Hospitalar Trás-os-Montes e Alto Douro, EPE;41.3031784, -7.7515252;419;159
2018-04;Região de Saúde Norte;Unidade Local de Saúde do Alto Minho, EPE;41.7056054, -8.8252713;433;118
2018-05;Região de Saúde do Alentejo;Unidade Local de Saúde do Norte Alentejano, EPE;39.3003425, -7.4263845;217;63
2018-05;Região de Saúde do Centro;Centro Hospitalar de Leiria, EPE;39.7414812, -8.7982706;790;250
2018-05;Região de Saúde do Centro;Centro Hospitalar Tondela-Viseu, EPE;40.516364, -8.0827433;753;161
2018-05;Região de Saúde LVT;Centro Hospitalar Universitário de Lisboa Norte, EPE;38.7500861, -9.1616116;962;274
2018-05;Região de Saúde Norte;Centro Hospitalar Tâmega e Sousa, EPE;41.2494561, -8.264901;899;210
2018-05;Região de Saúde Norte;Unidade Local de Saúde do Nordeste, EPE;41.8056532, -6.7888197;169;66
2018-06;Região de Saúde do Alentejo;Unidade Local de Saúde do Norte Alentejano, EPE;39.3003425, -7.4263845;261;73
2018-06;Região de Saúde LVT;Centro Hospitalar do Oeste, EPE;39.4054629, -9.1258493;574;171
2018-06;Região de Saúde LVT;Hospital de Cascais, PPP;38.729006, -9.418267;1281;365
2018-06;Região de Saúde LVT;Hospital de Loures, EPE;38.821455, -9.176296;1308;304
2018-06;Região de Saúde LVT;Hospital de Vila Franca de Xira, PPP;38.977235, -8.984506;862;231
2018-06;Região de Saúde LVT;Hospital Distrital de Santarém, EPE;39.2410946, -8.6937515;503;140
2018-06;Região de Saúde Norte;Centro Hospitalar Universitário de São João, EPE;41.1831056, -8.6010558;1090;292
2018-06;Região de Saúde Norte;Centro Hospitalar Póvoa de Varzim/Vila do Conde, EPE;41.3828711, -8.7589945;472;132
2018-06;Região de Saúde Norte;Centro Hospitalar Trás-os-Montes e Alto Douro, EPE;41.3031784, -7.7515252;640;249
2018-07;Região de Saúde do Alentejo;Hospital Espírito Santo de Évora, EPE;38.5684861, -7.9032848;612;202
2018-07;Região de Saúde do Alentejo;Unidade Local de Saúde do Baixo Alentejo, EPE;38.014123, -7.8721227;571;173
2018-07;Região de Saúde do Algarve;Centro Hospitalar Universitário do Algarve,EPE;37.0238973, -7.9281554;2098;549
2018-07;Região de Saúde LVT;Centro Hospitalar de Lisboa Ocidental, EPE;38.708454, -9.216985;1433;385
2018-07;Região de Saúde LVT;Hospital Distrital de Santarém, EPE;39.2410946, -8.6937515;587;162
2018-07;Região de Saúde Norte;Centro Hospitalar do Médio Ave, EPE;41.3423984, -8.4802503;639;203
2018-08;Região de Saúde do Alentejo;Unidade Local de Saúde do Baixo Alentejo, EPE;38.014123, -7.8721227;676;197
2018-08;Região de Saúde LVT;Centro Hospitalar Barreiro/Montijo, EPE;38.6554005, -9.0592392;951;281
2018-08;Região de Saúde LVT;Centro Hospitalar Universitário Lisboa Central, EPE;38.7166948, -9.1371248;2306;708
2018-08;Região de Saúde LVT;Centro Hospitalar Médio Tejo, EPE;39.478072, -8.5404429;521;137
2018-08;Região de Saúde Norte;Centro Hospitalar Universitário de São João, EPE;41.1831056, -8.6010558;1471;415
2018-08;Região de Saúde Norte;Centro Hospitalar Tâmega e Sousa, EPE;41.2494561, -8.264901;1475;349
2018-08;Região de Saúde Norte;Centro Hospitalar Trás-os-Montes e Alto Douro, EPE;41.3031784, -7.7515252;857;331
2018-08;Região de Saúde Norte;Centro Hospitalar Vila Nova de Gaia/Espinho, EPE;41.1094138, -8.5972617;1072;316
2018-09;Região de Saúde do Alentejo;Hospital Espírito Santo de Évora, EPE;38.5684861, -7.9032848;812;276
2018-09;Região de Saúde do Centro;Centro Hospitalar do Baixo Vouga, EPE;40.6362453, -8.6543716;1293;302
2018-09;Região de Saúde do Centro;Centro Hospitalar Tondela-Viseu, EPE;40.516364, -8.0827433;1399;308
2018-09;Região de Saúde LVT;Centro Hospitalar Médio Tejo, EPE;39.478072, -8.5404429;598;159
2018-09;Região de Saúde LVT;Hospital de Cascais, PPP;38.729006, -9.418267;1966;566
2018-09;Região de Saúde Norte;Centro Hospitalar Tâmega e Sousa, EPE;41.2494561, -8.264901;1686;380
2018-10;Região de Saúde LVT;Hospital de Vila Franca de Xira, PPP;38.977235, -8.984506;1570;438
2018-11;Região de Saúde do Alentejo;Unidade Local de Saúde do Norte Alentejano, EPE;39.3003425, -7.4263845;483;152
2018-11;Região de Saúde do Centro;Centro Hospitalar Universitário Cova da Beira, EPE;40.2804158, -7.4922407;499;183
2018-11;Região de Saúde LVT;Centro Hospitalar de Setúbal, EPE;38.5283754, -8.8818638;1440;417
2018-11;Região de Saúde LVT;Hospital de Cascais, PPP;38.729006, -9.418267;2421;700
2018-11;Região de Saúde Norte;Centro Hospitalar Póvoa de Varzim/Vila do Conde, EPE;41.3828711, -8.7589945;967;282
2018-11;Região de Saúde Norte;Centro Hospitalar Trás-os-Montes e Alto Douro, EPE;41.3031784, -7.7515252;1194;448
2018-12;Região de Saúde do Alentejo;Hospital Espírito Santo de Évora, EPE;38.5684861, -7.9032848;1090;371
2018-12;Região de Saúde do Alentejo;Unidade Local de Saúde do Norte Alentejano, EPE;39.3003425, -7.4263845;516;165
2018-12;Região de Saúde do Algarve;Centro Hospitalar Universitário do Algarve,EPE;37.0238973, -7.9281554;3764;1019
2018-12;Região de Saúde do Centro;Centro Hospitalar Universitário Cova da Beira, EPE;40.2804158, -7.4922407;534;197
2018-12;Região de Saúde LVT;Centro Hospitalar Universitário Lisboa Central, EPE;38.7166948, -9.1371248;3428;1066
2018-12;Região de Saúde LVT;Centro Hospitalar Universitário de Lisboa Norte, EPE;38.7500861, -9.1616116;2481;609
2018-12;Região de Saúde LVT;Hospital de Loures, EPE;38.821455, -9.176296;2803;657
2018-12;Região de Saúde LVT;Hospital Garcia de Orta, EPE;38.6658713, -9.1822554;2797;751
2018-12;Região de Saúde Norte;Centro Hospitalar Universitário de São João, EPE;41.1831056, -8.6010558;2325;651
2018-12;Região de Saúde Norte;Centro Hospitalar do Médio Ave, EPE;41.3423984, -8.4802503;1113;350
2018-12;Região de Saúde Norte;Centro Hospitalar Póvoa de Varzim/Vila do Conde, EPE;41.3828711, -8.7589945;1055;305
2018-12;Região de Saúde Norte;Hospital de Braga, PPP;41.56785, -8.398982;3195;935
2019-01;Região de Saúde do Alentejo;Hospital Espírito Santo de Évora, EPE;38.5684861, -7.9032848;107;36
2019-01;Região de Saúde do Centro;Centro Hospitalar Universitário Cova da Beira, EPE;40.2804158, -7.4922407;30;7
2019-01;Região de Saúde do Centro;Centro Hospitalar e Universitário de Coimbra, EPE;40.2191523, -8.4098211;402;123
2019-01;Região de Saúde LVT;Centro Hospitalar Barreiro/Montijo, EPE;38.6554005, -9.0592392;112;30
2019-01;Região de Saúde LVT;Centro Hospitalar Universitário Lisboa Central, EPE;38.7166948, -9.1371248;289;87
2019-01;Região de Saúde LVT;Hospital Distrital de Santarém, EPE;39.2410946, -8.6937515;87;21
2019-01;Região de Saúde LVT;Hospital Garcia de Orta, EPE;38.6658713, -9.1822554;228;62
2019-02;Região de Saúde LVT;Centro Hospitalar de Lisboa Ocidental, EPE;38.708454, -9.216985;387;115
2019-02;Região de Saúde Norte;Centro Hospitalar Universitário de São João, EPE;41.1831056, -8.6010558;387;125
2019-02;Região de Saúde Norte;Unidade Local de Saúde do Nordeste, EPE;41.8056532, -6.7888197;74;32
2019-03;Região de Saúde do Centro;Unidade Local de Saúde da Guarda, EPE;40.5309916, -7.2734793;119;29
2019-03;Região de Saúde LVT;Centro Hospitalar de Setúbal, EPE;38.5283754, -8.8818638;358;140
2019-03;Região de Saúde LVT;Centro Hospitalar Médio Tejo, EPE;39.478072, -8.5404429;188;50
2019-03;Região de Saúde LVT;Hospital de Loures, EPE;38.821455, -9.176296;666;146
2019-03;Região de Saúde Norte;Centro Hospitalar Universitário do Porto, EPE;41.1472498, -8.6172617;843;259
2019-03;Região de Saúde Norte;Hospital da Senhora da Oliveira, Guimarães, EPE;41.4387173, -8.3086907;437;133
2019-03;Região de Saúde Norte;Hospital de Braga, PPP;41.56785, -8.398982;732;169
2019-04;Região de Saúde do Alentejo;Unidade Local de Saúde do Norte Alentejano, EPE;39.3003425, -7.4263845;150;54
2019-04;Região de Saúde do Centro;Unidade Local de Saúde de Castelo Branco, EPE;39.8212263, -7.4981271;116;31
2019-04;Região de Saúde LVT;Centro Hospitalar Universitário Lisboa Central, EPE;38.7166948, -9.1371248;1065;308
2019-04;Região de Saúde LVT;Centro Hospitalar do Oeste, EPE;39.4054629, -9.1258493;391;114
2019-04;Região de Saúde Norte;Centro Hospitalar Entre Douro e Vouga, EPE;40.9293884, -8.5458794;513;135
2019-04;Região de Saúde Norte;Centro Hospitalar Póvoa de Varzim/Vila do Conde, EPE;41.3828711, -8.7589945;411;119
2019-04;Região de Saúde Norte;Unidade Local de Saúde do Nordeste, EPE;41.8056532, -6.7888197;156;69
2019-05;Região de Saúde do Alentejo;Hospital Espírito Santo de Évora, EPE;38.5684861, -7.9032848;457;147
2019-05;Região de Saúde do Centro;Centro Hospitalar de Leiria, EPE;39.7414812, -8.7982706;757;228
2019-05;Região de Saúde do Centro;Unidade Local de Saúde de Castelo Branco, EPE;39.8212263, -7.4981271;151;41
2019-05;Região de Saúde LVT;Centro Hospitalar do Oeste, EPE;39.4054629, -9.1258493;489;151
2019-05;Região de Saúde LVT;Hospital de Cascais, PPP;38.729006, -9.418267;1057;295
2019-05;Região de Saúde Norte;Centro Hospitalar Póvoa de Varzim/Vila do Conde, EPE;41.3828711, -8.7589945;526;154
2019-05;Região de Saúde Norte;Unidade Local de Saúde de Matosinhos, EPE;41.1794456, -8.6745115;609;172
2019-06;Região de Saúde do Centro;Centro Hospitalar e Universitário de Coimbra, EPE;40.2191523, -8.4098211;2224;655
2019-06;Região de Saúde do Centro;Unidade Local de Saúde de Castelo Branco, EPE;39.8212263, -7.4981271;179;51
2019-06;Região de Saúde LVT;Centro Hospitalar Universitário Lisboa Central, EPE;38.7166948, -9.1371248;1607;495
2019-06;Região de Saúde LVT;Centro Hospitalar do Oeste, EPE;39.4054629, -9.1258493;580;180
2019-06;Região de Saúde LVT;Centro Hospitalar Médio Tejo, EPE;39.478072, -8.5404429;379;105
2019-06;Região de Saúde Norte;Centro Hospitalar Póvoa de Varzim/Vila do Conde, EPE;41.3828711, -8.7589945;622;178
2019-06;Região de Saúde Norte;Centro Hospitalar Tâmega e Sousa, EPE;41.2494561, -8.264901;1061;234
2019-07;Região de Saúde do Centro;Centro Hospitalar Universitário Cova da Beira, EPE;40.2804158, -7.4922407;248;78
2019-07;Região de Saúde LVT;Hospital Distrital de Santarém, EPE;39.2410946, -8.6937515;599;161
2019-07;Região de Saúde Norte;Centro Hospitalar Póvoa de Varzim/Vila do Conde, EPE;41.3828711, -8.7589945;733;215
2019-07;Região de Saúde Norte;Unidade Local de Saúde do Nordeste, EPE;41.8056532, -6.7888197;290;125
2019-08;Região de Saúde do Alentejo;Hospital Espírito Santo de Évora, EPE;38.5684861, -7.9032848;738;262
2019-08;Região de Saúde Norte;Centro Hospitalar Universitário de São João, EPE;41.1831056, -8.6010558;1501;444
2019-08;Região de Saúde Norte;Centro Hospitalar Universitário do Porto, EPE;41.1472498, -8.6172617;2262;642
2019-08;Região de Saúde Norte;Centro Hospitalar Tâmega e Sousa, EPE;41.2494561, -8.264901;1468;340
2019-09;Região de Saúde do Alentejo;Unidade Local de Saúde do Norte Alentejano, EPE;39.3003425, -7.4263845;327;106
2019-09;Região de Saúde LVT;Centro Hospitalar de Lisboa Ocidental, EPE;38.708454, -9.216985;1867;544
2019-09;Região de Saúde LVT;Centro Hospitalar Universitário de Lisboa Norte, EPE;38.7500861, -9.1616116;1878;453
2019-09;Região de Saúde LVT;Hospital de Loures, EPE;38.821455, -9.176296;2039;454
2019-09;Região de Saúde LVT;Hospital de Vila Franca de Xira, PPP;38.977235, -8.984506;1450;468
2019-09;Região de Saúde LVT;Hospital Distrital de Santarém, EPE;39.2410946, -8.6937515;805;217
2019-10;Região de Saúde do Alentejo;Hospital Espírito Santo de Évora, EPE;38.5684861, -7.9032848;915;329
2019-10;Região de Saúde do Alentejo;Unidade Local de Saúde do Baixo Alentejo, EPE;38.014123, -7.8721227;844;270
2019-10;Região de Saúde do Centro;Centro Hospitalar do Baixo Vouga, EPE;40.6362453, -8.6543716;1512;356
2019-10;Região de Saúde do Centro;Unidade Local de Saúde da Guarda, EPE;40.5309916, -7.2734793;446;143
2019-10;Região de Saúde do Centro;Unidade Local de Saúde de Castelo Branco, EPE;39.8212263, -7.4981271;312;88
2019-10;Região de Saúde LVT;Centro Hospitalar Universitário Lisboa Central, EPE;38.7166948, -9.1371248;2749;896
2019-10;Região de Saúde LVT;Hospital de Loures, EPE;38.821455, -9.176296;2279;508
2019-10;Região de Saúde LVT;Hospital de Vila Franca de Xira, PPP;38.977235, -8.984506;1621;530
2019-10;Região de Saúde Norte;Centro Hospitalar Entre Douro e Vouga, EPE;40.9293884, -8.5458794;1300;380
2019-10;Região de Saúde Norte;Centro Hospitalar Tâmega e Sousa, EPE;41.2494561, -8.264901;1880;434
2019-10;Região de Saúde Norte;Hospital de Braga, EPE;41.56785, -8.398982;2632;730
2019-10;Região de Saúde Norte;Unidade Local de Saúde de Matosinhos, EPE;41.1794456, -8.6745115;1249;358
2019-11;Região de Saúde LVT;Hospital Distrital de Santarém, EPE;39.2410946, -8.6937515;1003;280
2019-11;Região de Saúde Norte;Unidade Local de Saúde de Matosinhos, EPE;41.1794456, -8.6745115;1377;401
2019-11;Região de Saúde Norte;Unidade Local de Saúde do Nordeste, EPE;41.8056532, -6.7888197;447;191
2019-12;Região de Saúde do Centro;Centro Hospitalar e Universitário de Coimbra, EPE;40.2191523, -8.4098211;4679;1316
2019-12;Região de Saúde do Centro;Unidade Local de Saúde de Castelo Branco, EPE;39.8212263, -7.4981271;362;102
2019-12;Região de Saúde Norte;Centro Hospitalar Universitário de São João, EPE;41.1831056, -8.6010558;2336;685
2019-12;Região de Saúde Norte;Centro Hospitalar do Médio Ave, EPE;41.3423984, -8.4802503;1140;398
2019-12;Região de Saúde Norte;Centro Hospitalar Universitário do Porto, EPE;41.1472498, -8.6172617;3519;990
2019-12;Região de Saúde Norte;Unidade Local de Saúde de Matosinhos, EPE;41.1794456, -8.6745115;1496;439
2019-12;Região de Saúde Norte;Unidade Local de Saúde do Alto Minho, EPE;41.7056054, -8.8252713;1441;453
2019-12;Região de Saúde Norte;Unidade Local de Saúde do Nordeste, EPE;41.8056532, -6.7888197;484;198
2020-01;Região de Saúde do Centro;Centro Hospitalar de Leiria, EPE;39.7414812, -8.7982706;170;43
2020-01;Região de Saúde do Centro;Centro Hospitalar e Universitário de Coimbra, EPE;40.2191523, -8.4098211;380;117
2020-01;Região de Saúde do Centro;Centro Hospitalar Tondela-Viseu, EPE;40.516364, -8.0827433;165;43
2020-01;Região de Saúde do Centro;Unidade Local de Saúde de Castelo Branco, EPE;39.8212263, -7.4981271;38;11
2020-01;Região de Saúde LVT;Centro Hospitalar Barreiro/Montijo, EPE;38.6554005, -9.0592392;124;38
2020-01;Região de Saúde LVT;Centro Hospitalar do Oeste, EPE;39.4054629, -9.1258493;113;30
2020-01;Região de Saúde LVT;Centro Hospitalar Universitário de Lisboa Norte, EPE;38.7500861, -9.1616116;211;53
2020-01;Região de Saúde LVT;Centro Hospitalar Médio Tejo, EPE;39.478072, -8.5404429;69;22
2020-01;Região de Saúde LVT;Hospital de Loures, PPP;38.821455, -9.176296;235;56
2020-01;Região de Saúde LVT;Hospital Distrital de Santarém, EPE;39.2410946, -8.6937515;81;20
2020-02;Região de Saúde do Alentejo;Hospital Espírito Santo de Évora, EPE;38.5684861, -7.9032848;174;50
2020-02;Região de Saúde do Centro;Centro Hospitalar de Leiria, EPE;39.7414812, -8.7982706;313;86
2020-02;Região de Saúde do Centro;Centro Hospitalar do Baixo Vouga, EPE;40.6362453, -8.6543716;266;70
2020-02;Região de Saúde do Centro;Unidade Local de Saúde da Guarda, EPE;40.5309916, -7.2734793;92;33
2020-02;Região de Saúde do Centro;Unidade Local de Saúde de Castelo Branco, EPE;39.8212263, -7.4981271;66;20
2020-02;Região de Saúde LVT;Hospital de Cascais, PPP;38.729006, -9.418267;353;105
2020-02;Região de Saúde LVT;Hospital de Vila Franca de Xira, PPP;38.977235, -8.984506;310;96
2020-02;Região de Saúde Norte;Centro Hospitalar do Médio Ave, EPE;41.3423984, -8.4802503;195;70
2020-02;Região de Saúde Norte;Centro Hospitalar Universitário do Porto, EPE;41.1472498, -8.6172617;529;154
2020-02;Região de Saúde Norte;Centro Hospitalar Póvoa de Varzim/Vila do Conde, EPE;41.3828711, -8.7589945;201;62
2020-02;Região de Saúde Norte;Centro Hospitalar Vila Nova de Gaia/Espinho, EPE;41.1094138, -8.5972617;261;72
2020-02;Região de Saúde Norte;Hospital da Senhora da Oliveira, Guimarães, EPE;41.4387173, -8.3086907;325;123
2020-02;Região de Saúde Norte;Hospital de Braga, EPE;41.56785, -8.398982;499;146
2020-02;Região de Saúde Norte;Unidade Local de Saúde do Nordeste, EPE;41.8056532, -6.7888197;70;28
2020-03;Região de Saúde do Centro;Centro Hospitalar do Baixo Vouga, EPE;40.6362453, -8.6543716;397;104
2020-03;Região de Saúde LVT;Centro Hospitalar Universitário de Lisboa Norte, EPE;38.7500861, -9.1616116;569;142
2020-03;Região de Saúde LVT;Hospital de Vila Franca de Xira, PPP;38.977235, -8.984506;479;158
2020-03;Região de Saúde Norte;Centro Hospitalar do Médio Ave, EPE;41.3423984, -8.4802503;277;104
2020-03;Região de Saúde Norte;Centro Hospitalar Póvoa de Varzim/Vila do Conde, EPE;41.3828711, -8.7589945;310;96
2020-03;Região de Saúde Norte;Centro Hospitalar Trás-os-Montes e Alto Douro, EPE;41.3031784, -7.7515252;295;134
2020-03;Região de Saúde Norte;Unidade Local de Saúde de Matosinhos, EPE;41.1794456, -8.6745115;362;114
2020-04;Região de Saúde do Centro;Centro Hospitalar do Baixo Vouga, EPE;40.6362453, -8.6543716;550;132
2020-04;Região de Saúde do Centro;Centro Hospitalar Tondela-Viseu, EPE;40.516364, -8.0827433;573;152
2020-04;Região de Saúde do Centro;Unidade Local de Saúde de Castelo Branco, EPE;39.8212263, -7.4981271;118;33
2020-04;Região de Saúde LVT;Centro Hospitalar Médio Tejo, EPE;39.478072, -8.5404429;290;79
2020-04;Região de Saúde LVT;Hospital de Loures, EPE;38.821455, -9.176296;844;205
2020-04;Região de Saúde LVT;Hospital de Loures, PPP;38.821455, -9.176296;844;205
2020-04;Região de Saúde LVT;Hospital Professor Doutor Fernando Fonseca, EPE;38.7422257, -9.2264834;878;298
2020-04;Região de Saúde Norte;Centro Hospitalar Entre Douro e Vouga, EPE;40.9293884, -8.5458794;485;132
2020-04;Região de Saúde Norte;Centro Hospitalar Tâmega e Sousa, EPE;41.2494561, -8.264901;681;174
2020-04;Região de Saúde Norte;Centro Hospitalar Trás-os-Montes e Alto Douro, EPE;41.3031784, -7.7515252;390;177
2020-05;Região de Saúde do Centro;Centro Hospitalar Universitário Cova da Beira, EPE;40.2804158, -7.4922407;212;65
2020-05;Região de Saúde LVT;Centro Hospitalar Barreiro/Montijo, EPE;38.6554005, -9.0592392;640;210
2020-05;Região de Saúde LVT;Hospital de Vila Franca de Xira, PPP;38.977235, -8.984506;807;249
2020-05;Região de Saúde LVT;Hospital Garcia de Orta, EPE;38.6658713, -9.1822554;1129;351
2020-05;Região de Saúde Norte;Centro Hospitalar Entre Douro e Vouga, EPE;40.9293884, -8.5458794;588;165
2020-05;Região de Saúde Norte;Centro Hospitalar Tâmega e Sousa, EPE;41.2494561, -8.264901;847;216
2020-05;Região de Saúde Norte;Centro Hospitalar Trás-os-Montes e Alto Douro, EPE;41.3031784, -7.7515252;479;213
2020-06;Região de Saúde do Alentejo;Hospital Espírito Santo de Évora, EPE;38.5684861, -7.9032848;525;161
2020-06;Região de Saúde do Centro;Centro Hospitalar de Leiria, EPE;39.7414812, -8.7982706;905;227
2020-06;Região de Saúde do Centro;Centro Hospitalar do Baixo Vouga, EPE;40.6362453, -8.6543716;889;218
2020-06;Região de Saúde LVT;Centro Hospitalar de Setúbal, EPE;38.5283754, -8.8818638;711;222
2020-06;Região de Saúde LVT;Hospital de Cascais, PPP;38.729006, -9.418267;1083;303
2020-06;Região de Saúde LVT;Hospital Distrital de Santarém, EPE;39.2410946, -8.6937515;517;141
2020-06;Região de Saúde Norte;Centro Hospitalar Tâmega e Sousa, EPE;41.2494561, -8.264901;1039;260
2020-07;Região de Saúde do Alentejo;Unidade Local de Saúde do Norte Alentejano, EPE;39.3003425, -7.4263845;252;91
2020-07;Região de Saúde do Algarve;Centro Hospitalar Universitário do Algarve,EPE;37.0238973, -7.9281554;2099;596
2020-07;Região de Saúde do Centro;Centro Hospitalar Universitário Cova da Beira, EPE;40.2804158, -7.4922407;307;101
2020-07;Região de Saúde do Centro;Centro Hospitalar Tondela-Viseu, EPE;40.516364, -8.0827433;1046;264
2020-07;Região de Saúde Norte;Centro Hospitalar Póvoa de Varzim/Vila do Conde, EPE;41.3828711, -8.7589945;709;217
2020-07;Região de Saúde Norte;Centro Hospitalar Tâmega e Sousa, EPE;41.2494561, -8.264901;1239;309
2020-07;Região de Saúde Norte;Centro Hospitalar Vila Nova de Gaia/Espinho, EPE;41.1094138, -8.5972617;951;305
2020-07;Região de Saúde Norte;Hospital da Senhora da Oliveira, Guimarães, EPE;41.4387173, -8.3086907;1182;416
2020-07;Região de Saúde Norte;Unidade Local de Saúde do Nordeste, EPE;41.8056532, -6.7888197;257;115
2020-08;Região de Saúde LVT;Hospital Distrital de Santarém, EPE;39.2410946, -8.6937515;724;186
2020-08;Região de Saúde Norte;Centro Hospitalar Universitário de São João, EPE;41.1831056, -8.6010558;1413;428
2020-08;Região de Saúde Norte;Centro Hospitalar Póvoa de Varzim/Vila do Conde, EPE;41.3828711, -8.7589945;834;254
2020-09;Região de Saúde do Centro;Centro Hospitalar de Leiria, EPE;39.7414812, -8.7982706;1388;348
2020-09;Região de Saúde LVT;Centro Hospitalar Barreiro/Montijo, EPE;38.6554005, -9.0592392;1168;370
2020-09;Região de Saúde LVT;Hospital de Vila Franca de Xira, PPP;38.977235, -8.984506;1474;466
2020-09;Região de Saúde LVT;Hospital Garcia de Orta, EPE;38.6658713, -9.1822554;2053;616
2020-09;Região de Saúde Norte;Centro Hospitalar Entre Douro e Vouga, EPE;40.9293884, -8.5458794;1093;322
2020-09;Região de Saúde Norte;Centro Hospitalar Póvoa de Varzim/Vila do Conde, EPE;41.3828711, -8.7589945;973;291
2020-09;Região de Saúde Norte;Centro Hospitalar Tâmega e Sousa, EPE;41.2494561, -8.264901;1646;415
2020-09;Região de Saúde Norte;Unidade Local de Saúde do Alto Minho, EPE;41.7056054, -8.8252713;1000;345
2020-10;Região de Saúde do Alentejo;Hospital Espírito Santo de Évora, EPE;38.5684861, -7.9032848;895;296
2020-10;Região de Saúde do Centro;Centro Hospitalar e Universitário de Coimbra, EPE;40.2191523, -8.4098211;3835;1057
2020-10;Região de Saúde do Centro;Unidade Local de Saúde de Castelo Branco, EPE;39.8212263, -7.4981271;311;81
2020-10;Região de Saúde LVT;Centro Hospitalar Barreiro/Montijo, EPE;38.6554005, -9.0592392;1299;406
2020-10;Região de Saúde LVT;Centro Hospitalar Universitário Lisboa Central, EPE;38.7166948, -9.1371248;2652;858
2020-10;Região de Saúde LVT;Hospital de Loures, PPP;38.821455, -9.176296;2016;480
2020-10;Região de Saúde LVT;Hospital Distrital de Santarém, EPE;39.2410946, -8.6937515;926;250
2020-10;Região de Saúde LVT;Hospital Garcia de Orta, EPE;38.6658713, -9.1822554;2308;706
2020-10;Região de Saúde Norte;Centro Hospitalar Póvoa de Varzim/Vila do Conde, EPE;41.3828711, -8.7589945;1096;338
2020-10;Região de Saúde Norte;Unidade Local de Saúde de Matosinhos, EPE;41.1794456, -8.6745115;1303;377
2020-11;Região de Saúde do Centro;Centro Hospitalar Universitário Cova da Beira, EPE;40.2804158, -7.4922407;489;173
2020-11;Região de Saúde do Centro;Centro Hospitalar e Universitário de Coimbra, EPE;40.2191523, -8.4098211;4231;1185
2020-11;Região de Saúde do Centro;Centro Hospitalar Tondela-Viseu, EPE;40.516364, -8.0827433;1696;433
2020-11;Região de Saúde LVT;Hospital de Cascais, PPP;38.729006, -9.418267;2052;572
2020-11;Região de Saúde Norte;Unidade Local de Saúde do Nordeste, EPE;41.8056532, -6.7888197;397;166
2020-12;Região de Saúde do Alentejo;Hospital Espírito Santo de Évora, EPE;38.5684861, -7.9032848;1047;359
2020-12;Região de Saúde LVT;Centro Hospitalar Médio Tejo, EPE;39.478072, -8.5404429;826;223
2020-12;Região de Saúde LVT;Hospital de Vila Franca de Xira, PPP;38.977235, -8.984506;1908;613
2020-12;Região de Saúde Norte;Centro Hospitalar Tâmega e Sousa, EPE;41.2494561, -8.264901;2194;556
2020-12;Região de Saúde Norte;Centro Hospitalar Vila Nova de Gaia/Espinho, EPE;41.1094138, -8.5972617;1589;494
2020-12;Região de Saúde Norte;Hospital de Braga, EPE;41.56785, -8.398982;3109;861
2021-01;Região de Saúde do Alentejo;Unidade Local de Saúde do Norte Alentejano, EPE;39.3003425, -7.4263845;32;3
2021-01;Região de Saúde do Centro;Centro Hospitalar de Leiria, EPE;39.7414812, -8.7982706;116;36
2021-01;Região de Saúde do Centro;Centro Hospitalar e Universitário de Coimbra, EPE;40.2191523, -8.4098211;319;82
2021-01;Região de Saúde LVT;Centro Hospitalar de Setúbal, EPE;38.5283754, -8.8818638;118;30
2021-01;Região de Saúde LVT;Centro Hospitalar Médio Tejo, EPE;39.478072, -8.5404429;54;15
2021-01;Região de Saúde LVT;Hospital de Cascais, PPP;38.729006, -9.418267;163;51
2021-01;Região de Saúde LVT;Hospital Professor Doutor Fernando Fonseca, EPE;38.7422257, -9.2264834;173;60
2021-01;Região de Saúde Norte;Hospital da Senhora da Oliveira, Guimarães, EPE;41.4387173, -8.3086907;129;50
2021-02;Região de Saúde do Algarve;Centro Hospitalar Universitário do Algarve,EPE;37.0238973, -7.9281554;535;155
2021-02;Região de Saúde do Centro;Centro Hospitalar e Universitário de Coimbra, EPE;40.2191523, -8.4098211;619;166
2021-02;Região de Saúde LVT;Hospital de Cascais, PPP;38.729006, -9.418267;305;100
2021-02;Região de Saúde LVT;Hospital Garcia de Orta, EPE;38.6658713, -9.1822554;344;89
2021-02;Região de Saúde Norte;Centro Hospitalar Universitário do Porto, EPE;41.1472498, -8.6172617;473;142
2021-02;Região de Saúde Norte;Hospital de Braga, EPE;41.56785, -8.398982;398;131
2021-02;Região de Saúde Norte;Unidade Local de Saúde do Nordeste, EPE;41.8056532, -6.7888197;58;23
2021-03;Região de Saúde do Algarve;Centro Hospitalar Universitário do Algarve,EPE;37.0238973, -7.9281554;825;250
2021-03;Região de Saúde do Centro;Centro Hospitalar do Baixo Vouga, EPE;40.6362453, -8.6543716;380;101
2021-03;Região de Saúde do Centro;Unidade Local de Saúde de Castelo Branco, EPE;39.8212263, -7.4981271;68;15
2021-03;Região de Saúde LVT;Centro Hospitalar Barreiro/Montijo, EPE;38.6554005, -9.0592392;313;104
2021-03;Região de Saúde LVT;Centro Hospitalar de Setúbal, EPE;38.5283754, -8.8818638;312;94
2021-03;Região de Saúde LVT;Centro Hospitalar Universitário de Lisboa Norte, EPE;38.7500861, -9.1616116;513;155
2021-03;Região de Saúde LVT;Hospital de Cascais, PPP;38.729006, -9.418267;485;142
2021-03;Região de Saúde LVT;Hospital de Loures, PPP;38.821455, -9.176296;460;99
2021-03;Região de Saúde Norte;Centro Hospitalar Universitário de São João, EPE;41.1831056, -8.6010558;438;137
2021-03;Região de Saúde Norte;Centro Hospitalar Universitário do Porto, EPE;41.1472498, -8.6172617;733;222
2021-04;Região de Saúde LVT;Hospital de Loures, PPP;38.821455, -9.176296;635;144
2021-04;Região de Saúde LVT;Hospital de Vila Franca de Xira, PPP;38.977235, -8.984506;534;172
2021-04;Região de Saúde Norte;Centro Hospitalar Universitário do Porto, EPE;41.1472498, -8.6172617;976;294
2021-04;Região de Saúde Norte;Centro Hospitalar Entre Douro e Vouga, EPE;40.9293884, -8.5458794;434;147
2021-04;Região de Saúde Norte;Centro Hospitalar Tâmega e Sousa, EPE;41.2494561, -8.264901;582;135
2021-04;Região de Saúde Norte;Unidade Local de Saúde de Matosinhos, EPE;41.1794456, -8.6745115;450;122
2021-04;Região de Saúde Norte;Unidade Local de Saúde do Alto Minho, EPE;41.7056054, -8.8252713;377;125
2021-04;Região de Saúde Norte;Unidade Local de Saúde do Nordeste, EPE;41.8056532, -6.7888197;130;52
2021-05;Região de Saúde do Alentejo;Unidade Local de Saúde do Baixo Alentejo, EPE;38.014123, -7.8721227;399;121
2021-05;Região de Saúde do Algarve;Centro Hospitalar Universitário do Algarve,EPE;37.0238973, -7.9281554;1358;409
2021-05;Região de Saúde do Centro;Centro Hospitalar do Baixo Vouga, EPE;40.6362453, -8.6543716;653;183
2021-05;Região de Saúde LVT;Centro Hospitalar do Oeste, EPE;39.4054629, -9.1258493;513;171
2021-05;Região de Saúde LVT;Hospital de Loures, EPE;38.821455, -9.176296;854;196
2021-05;Região de Saúde Norte;Unidade Local de Saúde do Alto Minho, EPE;41.7056054, -8.8252713;452;148
2021-05;Região de Saúde Norte;Unidade Local de Saúde do Nordeste, EPE;41.8056532, -6.7888197;159;65
2021-06;Região de Saúde do Alentejo;Unidade Local de Saúde do Baixo Alentejo, EPE;38.014123, -7.8721227;469;139
2021-06;Região de Saúde do Centro;Centro Hospitalar e Universitário de Coimbra, EPE;40.2191523, -8.4098211;2035;558
2021-06;Região de Saúde LVT;Centro Hospitalar de Setúbal, EPE;38.5283754, -8.8818638;644;205
2021-07;Região de Saúde do Centro;Centro Hospitalar Universitário Cova da Beira, EPE;40.2804158, -7.4922407;272;131
2021-07;Região de Saúde do Centro;Centro Hospitalar de Leiria, EPE;39.7414812, -8.7982706;953;274
2021-07;Região de Saúde LVT;Centro Hospitalar Universitário de Lisboa Norte, EPE;38.7500861, -9.1616116;1320;344
2021-07;Região de Saúde LVT;Centro Hospitalar Médio Tejo, EPE;39.478072, -8.5404429;403;115
2021-07;Região de Saúde LVT;Hospital Distrital de Santarém, EPE;39.2410946, -8.6937515;588;167
2021-07;Região de Saúde Norte;Hospital de Braga, EPE;41.56785, -8.398982;1569;465
2021-08;Região de Saúde do Alentejo;Unidade Local de Saúde do Norte Alentejano, EPE;39.3003425, -7.4263845;266;71
2021-08;Região de Saúde do Centro;Centro Hospitalar e Universitário de Coimbra, EPE;40.2191523, -8.4098211;2807;768
2021-08;Região de Saúde do Centro;Unidade Local de Saúde de Castelo Branco, EPE;39.8212263, -7.4981271;198;43
2021-08;Região de Saúde LVT;Hospital de Cascais, PPP;38.729006, -9.418267;1416;375
2021-08;Região de Saúde LVT;Hospital de Loures, EPE;38.821455, -9.176296;1469;337
2021-09;Região de Saúde do Alentejo;Hospital Espírito Santo de Évora, EPE;38.5684861, -7.9032848;732;316
2021-09;Região de Saúde do Centro;Centro Hospitalar e Universitário de Coimbra, EPE;40.2191523, -8.4098211;3154;852
2021-09;Região de Saúde do Centro;Unidade Local de Saúde da Guarda, EPE;40.5309916, -7.2734793;349;126
2021-09;Região de Saúde do Centro;Unidade Local de Saúde de Castelo Branco, EPE;39.8212263, -7.4981271;230;52
2021-09;Região de Saúde LVT;Centro Hospitalar Médio Tejo, EPE;39.478072, -8.5404429;533;151
2021-09;Região de Saúde LVT;Hospital de Loures, PPP;38.821455, -9.176296;1683;381
2021-09;Região de Saúde Norte;Centro Hospitalar Vila Nova de Gaia/Espinho, EPE;41.1094138, -8.5972617;1077;345
2021-09;Região de Saúde Norte;Hospital da Senhora da Oliveira, Guimarães, EPE;41.4387173, -8.3086907;1282;418
2021-09;Região de Saúde Norte;Hospital de Braga, EPE;41.56785, -8.398982;2086;615
2021-09;Região de Saúde Norte;Unidade Local de Saúde do Nordeste, EPE;41.8056532, -6.7888197;296;123
2021-10;Região de Saúde do Algarve;Centro Hospitalar Universitário do Algarve,EPE;37.0238973, -7.9281554;2938;845
2021-10;Região de Saúde do Centro;Centro Hospitalar de Leiria, EPE;39.7414812, -8.7982706;1457;404
2021-10;Região de Saúde do Centro;Unidade Local de Saúde de Castelo Branco, EPE;39.8212263, -7.4981271;262;60
2021-10;Região de Saúde LVT;Centro Hospitalar Barreiro/Montijo, EPE;38.6554005, -9.0592392;1153;365
2021-10;Região de Saúde LVT;Centro Hospitalar de Setúbal, EPE;38.5283754, -8.8818638;1083;336
2021-10;Região de Saúde LVT;Centro Hospitalar Universitário de Lisboa Norte, EPE;38.7500861, -9.1616116;1907;497
2021-10;Região de Saúde Norte;Centro Hospitalar Tâmega e Sousa, EPE;41.2494561, -8.264901;1653;362
2021-10;Região de Saúde Norte;Centro Hospitalar Trás-os-Montes e Alto Douro, EPE;41.3031784, -7.7515252;873;386
2021-11;Região de Saúde do Alentejo;Unidade Local de Saúde do Norte Alentejano, EPE;39.3003425, -7.4263845;386;111
2021-11;Região de Saúde do Algarve;Centro Hospitalar Universitário do Algarve,EPE;37.0238973, -7.9281554;3223;938
2021-11;Região de Saúde do Centro;Centro Hospitalar Universitário Cova da Beira, EPE;40.2804158, -7.4922407;444;209
2021-11;Região de Saúde do Centro;Centro Hospitalar do Baixo Vouga, EPE;40.6362453, -8.6543716;1474;411
2021-11;Região de Saúde LVT;Centro Hospitalar Universitário Lisboa Central, EPE;38.7166948, -9.1371248;2629;874
2021-11;Região de Saúde Norte;Centro Hospitalar Universitário do Porto, EPE;41.1472498, -8.6172617;2791;836
2021-11;Região de Saúde Norte;Centro Hospitalar Póvoa de Varzim/Vila do Conde, EPE;41.3828711, -8.7589945;1368;491
2021-11;Região de Saúde Norte;Centro Hospitalar Vila Nova de Gaia/Espinho, EPE;41.1094138, -8.5972617;1304;419
2021-12;Região de Saúde do Alentejo;Unidade Local de Saúde do Norte Alentejano, EPE;39.3003425, -7.4263845;420;124
2021-12;Região de Saúde do Algarve;Centro Hospitalar Universitário do Algarve,EPE;37.0238973, -7.9281554;3499;1017
2021-12;Região de Saúde do Centro;Centro Hospitalar de Leiria, EPE;39.7414812, -8.7982706;1728;485
2021-12;Região de Saúde do Centro;Centro Hospitalar do Baixo Vouga, EPE;40.6362453, -8.6543716;1626;450
2021-12;Região de Saúde do Centro;Unidade Local de Saúde da Guarda, EPE;40.5309916, -7.2734793;474;174
2021-12;Região de Saúde LVT;Centro Hospitalar de Setúbal, EPE;38.5283754, -8.8818638;1282;393
2021-12;Região de Saúde Norte;Centro Hospitalar do Médio Ave, EPE;41.3423984, -8.4802503;979;351
2021-12;Região de Saúde Norte;Hospital da Senhora da Oliveira, Guimarães, EPE;41.4387173, -8.3086907;1733;576
2022-01;Região de Saúde LVT;Hospital de Cascais, PPP;38.729006, -9.418267;178;66
2022-01;Região de Saúde LVT;Hospital Distrital de Santarém, EPE;39.2410946, -8.6937515;94;29
2022-01;Região de Saúde Norte;Hospital da Senhora da Oliveira, Guimarães, EPE;41.4387173, -8.3086907;160;61
2022-02;Região de Saúde do Algarve;Centro Hospitalar Universitário do Algarve,EPE;37.0238973, -7.9281554;510;154
2022-02;Região de Saúde do Centro;Centro Hospitalar de Leiria, EPE;39.7414812, -8.7982706;311;88
2022-02;Região de Saúde do Centro;Centro Hospitalar e Universitário de Coimbra, EPE;40.2191523, -8.4098211;689;195
2022-02;Região de Saúde LVT;Centro Hospitalar Barreiro/Montijo, EPE;38.6554005, -9.0592392;239;63
2022-02;Região de Saúde LVT;Centro Hospitalar Universitário Lisboa Central, EPE;38.7166948, -9.1371248;460;155
2022-02;Região de Saúde LVT;Centro Hospitalar do Oeste, EPE;39.4054629, -9.1258493;191;55
2022-02;Região de Saúde LVT;Hospital de Cascais, PPP;38.729006, -9.418267;350;123
2022-02;Região de Saúde LVT;Hospital Distrital de Santarém, EPE;39.2410946, -8.6937515;206;55
2022-02;Região de Saúde LVT;Hospital Professor Doutor Fernando Fonseca, EPE;38.7422257, -9.2264834;348;111
2022-02;Região de Saúde Norte;Centro Hospitalar Universitário do Porto, EPE;41.1472498, -8.6172617;489;131
2022-02;Região de Saúde Norte;Centro Hospitalar Tâmega e Sousa, EPE;41.2494561, -8.264901;329;85
2022-02;Região de Saúde Norte;Centro Hospitalar Trás-os-Montes e Alto Douro, EPE;41.3031784, -7.7515252;187;82
2022-02;Região de Saúde Norte;Hospital de Braga, EPE;41.56785, -8.398982;418;135
2022-02;Região de Saúde Norte;Unidade Local de Saúde de Matosinhos, EPE;41.1794456, -8.6745115;278;63
2022-02;Região de Saúde Norte;Unidade Local de Saúde do Alto Minho, EPE;41.7056054, -8.8252713;201;74
2022-02;Região de Saúde Norte;Unidade Local de Saúde do Nordeste, EPE;41.8056532, -6.7888197;51;27
2022-03;Região de Saúde do Alentejo;Hospital Espírito Santo de Évora, EPE;38.5684861, -7.9032848;245;105
2022-03;Região de Saúde do Centro;Centro Hospitalar Universitário Cova da Beira, EPE;40.2804158, -7.4922407;114;43
2022-03;Região de Saúde do Centro;Centro Hospitalar e Universitário de Coimbra, EPE;40.2191523, -8.4098211;1028;305
2022-03;Região de Saúde do Centro;Unidade Local de Saúde da Guarda, EPE;40.5309916, -7.2734793;102;43
2022-03;Região de Saúde LVT;Centro Hospitalar do Oeste, EPE;39.4054629, -9.1258493;291;91
2022-03;Região de Saúde LVT;Hospital Distrital de Santarém, EPE;39.2410946, -8.6937515;303;86
2022-03;Região de Saúde Norte;Centro Hospitalar do Médio Ave, EPE;41.3423984, -8.4802503;251;84
2022-03;Região de Saúde Norte;Centro Hospitalar Póvoa de Varzim/Vila do Conde, EPE;41.3828711, -8.7589945;311;116
2022-03;Região de Saúde Norte;Centro Hospitalar Tâmega e Sousa, EPE;41.2494561, -8.264901;490;125
2022-03;Região de Saúde Norte;Unidade Local de Saúde de Matosinhos, EPE;41.1794456, -8.6745115;414;94
2022-03;Região de Saúde Norte;Unidade Local de Saúde do Nordeste, EPE;41.8056532, -6.7888197;73;38
2022-04;Região de Saúde do Alentejo;Unidade Local de Saúde do Baixo Alentejo, EPE;38.014123, -7.8721227;310;104
2022-04;Região de Saúde do Algarve;Centro Hospitalar Universitário do Algarve,EPE;37.0238973, -7.9281554;1058;320
2022-04;Região de Saúde LVT;Centro Hospitalar Universitário Lisboa Central, EPE;38.7166948, -9.1371248;920;326
2022-04;Região de Saúde Norte;Centro Hospitalar Vila Nova de Gaia/Espinho, EPE;41.1094138, -8.5972617;505;157
2022-04;Região de Saúde Norte;Unidade Local de Saúde de Matosinhos, EPE;41.1794456, -8.6745115;534;134
2022-04;Região de Saúde Norte;Unidade Local de Saúde do Alto Minho, EPE;41.7056054, -8.8252713;397;143
2022-05;Região de Saúde do Alentejo;Unidade Local de Saúde do Baixo Alentejo, EPE;38.014123, -7.8721227;379;132
2022-05;Região de Saúde do Centro;Centro Hospitalar Universitário Cova da Beira, EPE;40.2804158, -7.4922407;184;72
2022-05;Região de Saúde do Centro;Centro Hospitalar de Leiria, EPE;39.7414812, -8.7982706;768;219
2022-05;Região de Saúde do Centro;Centro Hospitalar e Universitário de Coimbra, EPE;40.2191523, -8.4098211;1765;498
2022-05;Região de Saúde LVT;Hospital de Loures, EPE;38.821455, -9.176296;850;230
2022-05;Região de Saúde Norte;Centro Hospitalar Trás-os-Montes e Alto Douro, EPE;41.3031784, -7.7515252;467;210
2022-06;Região de Saúde Norte;Centro Hospitalar Universitário de São João, EPE;41.1831056, -8.6010558;984;305
2022-06;Região de Saúde Norte;Centro Hospitalar do Médio Ave, EPE;41.3423984, -8.4802503;495;180
2022-06;Região de Saúde Norte;Centro Hospitalar Entre Douro e Vouga, EPE;40.9293884, -8.5458794;702;208
2022-06;Região de Saúde Norte;Centro Hospitalar Trás-os-Montes e Alto Douro, EPE;41.3031784, -7.7515252;553;258
2022-06;Região de Saúde Norte;Unidade Local de Saúde do Alto Minho, EPE;41.7056054, -8.8252713;633;213
2022-07;Região de Saúde do Alentejo;Unidade Local de Saúde do Baixo Alentejo, EPE;38.014123, -7.8721227;509;176
2022-07;Região de Saúde do Centro;Centro Hospitalar de Leiria, EPE;39.7414812, -8.7982706;1074;320
2022-07;Região de Saúde LVT;Centro Hospitalar de Lisboa Ocidental, EPE;38.708454, -9.216985;1235;380
2022-07;Região de Saúde LVT;Centro Hospitalar do Oeste, EPE;39.4054629, -9.1258493;697;241
2022-07;Região de Saúde LVT;Centro Hospitalar Universitário de Lisboa Norte, EPE;38.7500861, -9.1616116;1482;423
2022-07;Região de Saúde Norte;Hospital de Braga, EPE;41.56785, -8.398982;1600;501
2022-08;Região de Saúde do Centro;Unidade Local de Saúde de Castelo Branco, EPE;39.8212263, -7.4981271;227;54
2022-08;Região de Saúde LVT;Centro Hospitalar de Lisboa Ocidental, EPE;38.708454, -9.216985;1403;434
2022-08;Região de Saúde LVT;Centro Hospitalar Universitário de Lisboa Norte, EPE;38.7500861, -9.1616116;1741;500
2022-08;Região de Saúde Norte;Centro Hospitalar Póvoa de Varzim/Vila do Conde, EPE;41.3828711, -8.7589945;890;301
2022-08;Região de Saúde Norte;Centro Hospitalar Tâmega e Sousa, EPE;41.2494561, -8.264901;1333;356
2022-08;Região de Saúde Norte;Hospital da Senhora da Oliveira, Guimarães, EPE;41.4387173, -8.3086907;1307;455
2022-09;Região de Saúde do Centro;Centro Hospitalar e Universitário de Coimbra, EPE;40.2191523, -8.4098211;3439;985
2022-09;Região de Saúde LVT;Hospital de Cascais, PPP;38.729006, -9.418267;1829;595
2022-09;Região de Saúde Norte;Centro Hospitalar Universitário de São João, EPE;41.1831056, -8.6010558;1524;481
2022-09;Região de Saúde Norte;Centro Hospitalar do Médio Ave, EPE;41.3423984, -8.4802503;831;313
2022-09;Região de Saúde Norte;Centro Hospitalar Universitário do Porto, EPE;41.1472498, -8.6172617;2244;650
2022-09;Região de Saúde Norte;Centro Hospitalar Póvoa de Varzim/Vila do Conde, EPE;41.3828711, -8.7589945;1007;336
2022-09;Região de Saúde Norte;Unidade Local de Saúde do Alto Minho, EPE;41.7056054, -8.8252713;1035;336
2022-10;Região de Saúde LVT;Centro Hospitalar Universitário Lisboa Central, EPE;38.7166948, -9.1371248;2609;866
2022-10;Região de Saúde LVT;Centro Hospitalar do Oeste, EPE;39.4054629, -9.1258493;1050;372
2022-10;Região de Saúde Norte;Centro Hospitalar Universitário do Porto, EPE;41.1472498, -8.6172617;2522;739
2022-10;Região de Saúde Norte;Centro Hospitalar Entre Douro e Vouga, EPE;40.9293884, -8.5458794;1255;365
2022-10;Região de Saúde Norte;Centro Hospitalar Trás-os-Montes e Alto Douro, EPE;41.3031784, -7.7515252;939;433
2022-10;Região de Saúde Norte;Unidade Local de Saúde do Alto Minho, EPE;41.7056054, -8.8252713;1181;385
2022-10;Região de Saúde Norte;Unidade Local de Saúde do Nordeste, EPE;41.8056532, -6.7888197;318;131
2022-11;Região de Saúde do Alentejo;Hospital Espírito Santo de Évora, EPE;38.5684861, -7.9032848;970;412
2022-11;Região de Saúde do Alentejo;Unidade Local de Saúde do Norte Alentejano, EPE;39.3003425, -7.4263845;360;128
2022-11;Região de Saúde LVT;Centro Hospitalar de Setúbal, EPE;38.5283754, -8.8818638;1163;303
2022-11;Região de Saúde LVT;Hospital de Loures, EPE;38.821455, -9.176296;1900;544
2022-11;Região de Saúde LVT;Hospital Distrital de Santarém, EPE;39.2410946, -8.6937515;1071;315
2022-11;Região de Saúde Norte;Centro Hospitalar do Médio Ave, EPE;41.3423984, -8.4802503;1058;409
2022-11;Região de Saúde Norte;Centro Hospitalar Entre Douro e Vouga, EPE;40.9293884, -8.5458794;1361;396
2022-11;Região de Saúde Norte;Unidade Local de Saúde de Matosinhos, EPE;41.1794456, -8.6745115;1438;372
2022-12;Região de Saúde do Centro;Centro Hospitalar e Universitário de Coimbra, EPE;40.2191523, -8.4098211;4589;1286
2022-12;Região de Saúde LVT;Centro Hospitalar Barreiro/Montijo, EPE;38.6554005, -9.0592392;1585;481
2022-12;Região de Saúde LVT;Centro Hospitalar de Lisboa Ocidental, EPE;38.708454, -9.216985;2076;680
2022-12;Região de Saúde LVT;Hospital de Cascais, PPP;38.729006, -9.418267;2472;770
2022-12;Região de Saúde LVT;Hospital Distrital de Santarém, EPE;39.2410946, -8.6937515;1179;352
2022-12;Região de Saúde Norte;Centro Hospitalar Universitário do Porto, EPE;41.1472498, -8.6172617;3023;905
2022-12;Região de Saúde Norte;Centro Hospitalar Tâmega e Sousa, EPE;41.2494561, -8.264901;2131;577
2022-12;Região de Saúde Norte;Unidade Local de Saúde de Matosinhos, EPE;41.1794456, -8.6745115;1588;412
2022-12;Região de Saúde Norte;Unidade Local de Saúde do Alto Minho, EPE;41.7056054, -8.8252713;1440;472
2023-01;Região de Saúde do Alentejo;Unidade Local de Saúde do Baixo Alentejo, EPE;38.014123, -7.8721227;71;21
2023-01;Região de Saúde do Centro;Centro Hospitalar Tondela-Viseu, EPE;40.516364, -8.0827433;136;40
2023-01;Região de Saúde LVT;Centro Hospitalar Universitário Lisboa Central, EPE;38.7166948, -9.1371248;267;84
2023-01;Região de Saúde LVT;Centro Hospitalar de Setúbal, EPE;38.5283754, -8.8818638;105;29
2023-01;Região de Saúde LVT;Centro Hospitalar Universitário de Lisboa Norte, EPE;38.7500861, -9.1616116;207;58
2023-01;Região de Saúde LVT;Centro Hospitalar Médio Tejo, EPE;39.478072, -8.5404429;46;14
2023-01;Região de Saúde Norte;Centro Hospitalar Universitário de São João, EPE;41.1831056, -8.6010558;147;48
2023-01;Região de Saúde Norte;Centro Hospitalar do Médio Ave, EPE;41.3423984, -8.4802503;105;42
2023-01;Região de Saúde Norte;Centro Hospitalar Universitário do Porto, EPE;41.1472498, -8.6172617;271;72
2023-01;Região de Saúde Norte;Centro Hospitalar Póvoa de Varzim/Vila do Conde, EPE;41.3828711, -8.7589945;101;41
2023-01;Região de Saúde Norte;Centro Hospitalar Trás-os-Montes e Alto Douro, EPE;41.3031784, -7.7515252;79;35
2023-01;Região de Saúde Norte;Hospital de Braga, EPE;41.56785, -8.398982;231;67
2023-01;Região de Saúde Norte;Unidade Local de Saúde do Alto Minho, EPE;41.7056054, -8.8252713;105;31
2023-02;Região de Saúde Norte;Centro Hospitalar Póvoa de Varzim/Vila do Conde, EPE;41.3828711, -8.7589945;200;80
2023-02;Região de Saúde Norte;Centro Hospitalar Tâmega e Sousa, EPE;41.2494561, -8.264901;353;103
2023-03;Região de Saúde do Alentejo;Unidade Local de Saúde do Norte Alentejano, EPE;39.3003425, -7.4263845;68;27
2023-03;Região de Saúde do Centro;Centro Hospitalar Tondela-Viseu, EPE;40.516364, -8.0827433;420;125
2023-03;Região de Saúde LVT;Centro Hospitalar Universitário de Lisboa Norte, EPE;38.7500861, -9.1616116;633;173
2023-03;Região de Saúde LVT;Hospital Professor Doutor Fernando Fonseca, EPE;38.7422257, -9.2264834;628;228
2023-03;Região de Saúde Norte;Hospital de Braga, EPE;41.56785, -8.398982;649;219
2023-03;Região de Saúde Norte;Unidade Local de Saúde do Nordeste, EPE;41.8056532, -6.7888197;112;41
2023-04;Região de Saúde do Alentejo;Unidade Local de Saúde do Norte Alentejano, EPE;39.3003425, -7.4263845;97;35
2023-04;Região de Saúde do Algarve;Centro Hospitalar Universitário do Algarve,EPE;37.0238973, -7.9281554;1178;363
2023-04;Região de Saúde do Centro;Centro Hospitalar do Baixo Vouga, EPE;40.6362453, -8.6543716;515;132
2023-04;Região de Saúde LVT;Centro Hospitalar Barreiro/Montijo, EPE;38.6554005, -9.0592392;508;171
2023-04;Região de Saúde LVT;Centro Hospitalar Universitário de Lisboa Norte, EPE;38.7500861, -9.1616116;850;225
2023-04;Região de Saúde LVT;Hospital de Cascais, PPP;38.729006, -9.418267;828;234
2023-04;Região de Saúde LVT;Hospital Distrital de Santarém, EPE;39.2410946, -8.6937515;376;115
2023-04;Região de Saúde LVT;Hospital Professor Doutor Fernando Fonseca, EPE;38.7422257, -9.2264834;817;292
2023-04;Região de Saúde LVT;Hospital Garcia de Orta, EPE;38.6658713, -9.1822554;1006;310
2023-04;Região de Saúde Norte;Unidade Local de Saúde de Matosinhos, EPE;41.1794456, -8.6745115;499;138
2023-04;Região de Saúde Norte;Unidade Local de Saúde do Alto Minho, EPE;41.7056054, -8.8252713;437;133
2023-05;Região de Saúde do Centro;Centro Hospitalar e Universitário de Coimbra, EPE;40.2191523, -8.4098211;1845;527
2023-05;Região de Saúde LVT;Centro Hospitalar Universitário Lisboa Central, EPE;38.7166948, -9.1371248;1347;466
2023-05;Região de Saúde LVT;Centro Hospitalar do Oeste, EPE;39.4054629, -9.1258493;455;144
2023-05;Região de Saúde LVT;Hospital de Cascais, PPP;38.729006, -9.418267;1069;291
2023-05;Região de Saúde LVT;Hospital Professor Doutor Fernando Fonseca, EPE;38.7422257, -9.2264834;1058;379
2023-05;Região de Saúde Norte;Centro Hospitalar Trás-os-Montes e Alto Douro, EPE;41.3031784, -7.7515252;436;220
2023-05;Região de Saúde Norte;Centro Hospitalar Universitário de Santo António, EPE;41.1472498, -8.6172617;1210;385
2023-05;Região de Saúde Norte;Hospital da Senhora da Oliveira, Guimarães, EPE;41.4387173, -8.3086907;755;283
2023-05;Região de Saúde Norte;Unidade Local de Saúde do Alto Minho, EPE;41.7056054, -8.8252713;543;168
2023-06;Região de Saúde do Centro;Unidade Local de Saúde de Castelo Branco, EPE;39.8212263, -7.4981271;183;49
2023-06;Região de Saúde LVT;Centro Hospitalar de Setúbal, EPE;38.5283754, -8.8818638;590;175
2023-06;Região de Saúde LVT;Hospital de Loures, EPE;38.821455, -9.176296;1042;286
2023-06;Região de Saúde Norte;Hospital de Braga, EPE;41.56785, -8.398982;1345;446
2023-06;Região de Saúde Norte;Unidade Local de Saúde de Matosinhos, EPE;41.1794456, -8.6745115;766;205
2023-07;Região de Saúde do Alentejo;Unidade Local de Saúde do Norte Alentejano, EPE;39.3003425, -7.4263845;206;78
2023-07;Região de Saúde do Centro;Centro Hospitalar Universitário Cova da Beira, EPE;40.2804158, -7.4922407;328;142
2023-07;Região de Saúde LVT;Centro Hospitalar Universitário de Lisboa Norte, EPE;38.7500861, -9.1616116;1414;405
2023-07;Região de Saúde LVT;Hospital Garcia de Orta, EPE;38.6658713, -9.1822554;1681;532
2023-07;Região de Saúde Norte;Centro Hospitalar Universitário de São João, EPE;41.1831056, -8.6010558;1122;363
2023-07;Região de Saúde Norte;Centro Hospitalar Póvoa de Varzim/Vila do Conde, EPE;41.3828711, -8.7589945;712;259
2023-07;Região de Saúde Norte;Hospital da Senhora da Oliveira, Guimarães, EPE;41.4387173, -8.3086907;1100;396
2023-07;Região de Saúde Norte;Unidade Local de Saúde do Alto Minho, EPE;41.7056054, -8.8252713;796;253
2023-07;Região de Saúde Norte;Unidade Local de Saúde do Nordeste, EPE;41.8056532, -6.7888197;256;108
2023-08;Região de Saúde do Centro;Unidade Local de Saúde de Castelo Branco, EPE;39.8212263, -7.4981271;243;62
2023-08;Região de Saúde LVT;Centro Hospitalar Médio Tejo, EPE;39.478072, -8.5404429;505;162
2023-08;Região de Saúde LVT;Hospital de Loures, EPE;38.821455, -9.176296;1421;398
2023-08;Região de Saúde LVT;Hospital Garcia de Orta, EPE;38.6658713, -9.1822554;1906;610
2023-08;Região de Saúde Norte;Centro Hospitalar Vila Nova de Gaia/Espinho, EPE;41.1094138, -8.5972617;1293;456
2023-08;Região de Saúde Norte;Hospital de Braga, EPE;41.56785, -8.398982;1792;590
2023-08;Região de Saúde Norte;Unidade Local de Saúde de Matosinhos, EPE;41.1794456, -8.6745115;1044;273
2023-09;Região de Saúde do Alentejo;Unidade Local de Saúde do Baixo Alentejo, EPE;38.014123, -7.8721227;672;231
2023-09;Região de Saúde do Centro;Centro Hospitalar Universitário Cova da Beira, EPE;40.2804158, -7.4922407;420;180
2023-09;Região de Saúde do Centro;Centro Hospitalar de Leiria, EPE;39.7414812, -8.7982706;1824;519
2023-09;Região de Saúde do Centro;Centro Hospitalar do Baixo Vouga, EPE;40.6362453, -8.6543716;1231;346
2023-09;Região de Saúde do Centro;Unidade Local de Saúde da Guarda, EPE;40.5309916, -7.2734793;368;131
2023-09;Região de Saúde LVT;Centro Hospitalar Universitário Lisboa Central, EPE;38.7166948, -9.1371248;2647;828
2023-09;Região de Saúde LVT;Centro Hospitalar Médio Tejo, EPE;39.478072, -8.5404429;585;188
2023-09;Região de Saúde LVT;Hospital de Loures, EPE;38.821455, -9.176296;1616;460
2023-09;Região de Saúde LVT;Hospital de Vila Franca de Xira, EPE;38.977235, -8.984506;1178;353
2023-09;Região de Saúde Norte;Hospital de Braga, EPE;41.56785, -8.398982;2031;657
2023-10;Região de Saúde do Alentejo;Unidade Local de Saúde do Baixo Alentejo, EPE;38.014123, -7.8721227;799;279
2023-10;Região de Saúde do Alentejo;Unidade Local de Saúde do Norte Alentejano, EPE;39.3003425, -7.4263845;318;114
2023-10;Região de Saúde do Algarve;Centro Hospitalar Universitário do Algarve,EPE;37.0238973, -7.9281554;3117;996
2023-10;Região de Saúde do Centro;Centro Hospitalar Tondela-Viseu, EPE;40.516364, -8.0827433;1490;456
2023-10;Região de Saúde do Centro;Unidade Local de Saúde de Castelo Branco, EPE;39.8212263, -7.4981271;317;83
2023-10;Região de Saúde LVT;Centro Hospitalar Médio Tejo, EPE;39.478072, -8.5404429;651;206
2023-10;Região de Saúde Norte;Centro Hospitalar Trás-os-Montes e Alto Douro, EPE;41.3031784, -7.7515252;935;460
2023-10;Região de Saúde Norte;Centro Hospitalar Vila Nova de Gaia/Espinho, EPE;41.1094138, -8.5972617;1680;584
2023-10;Região de Saúde Norte;Hospital da Senhora da Oliveira, Guimarães, EPE;41.4387173, -8.3086907;1727;605
2023-11;Região de Saúde do Centro;Centro Hospitalar Universitário Cova da Beira, EPE;40.2804158, -7.4922407;539;226
2023-11;Região de Saúde LVT;Centro Hospitalar Médio Tejo, EPE;39.478072, -8.5404429;734;242
2023-11;Região de Saúde LVT;Hospital Distrital de Santarém, EPE;39.2410946, -8.6937515;1003;322
2023-11;Região de Saúde LVT;Hospital Professor Doutor Fernando Fonseca, EPE;38.7422257, -9.2264834;2475;951
2023-11;Região de Saúde Norte;Centro Hospitalar Tâmega e Sousa, EPE;41.2494561, -8.264901;1971;574
2023-11;Região de Saúde Norte;Unidade Local de Saúde do Nordeste, EPE;41.8056532, -6.7888197;384;165
2023-12;Região de Saúde do Centro;Unidade Local de Saúde de Castelo Branco, EPE;39.8212263, -7.4981271;405;103
2023-12;Região de Saúde LVT;Centro Hospitalar Barreiro/Montijo, EPE;38.6554005, -9.0592392;1543;509
2023-12;Região de Saúde LVT;Hospital Professor Doutor Fernando Fonseca, EPE;38.7422257, -9.2264834;2690;1037
2023-12;Região de Saúde Norte;Centro Hospitalar Tâmega e Sousa, EPE;41.2494561, -8.264901;2147;620
2023-12;Região de Saúde Norte;Unidade Local de Saúde do Nordeste, EPE;41.8056532, -6.7888197;418;178
2024-01;Região de Saúde Norte;Unidade Local de Saúde da Póvoa de Varzim/Vila do Conde, EPE;41.383183, -8.758784;111;39
2024-01;Região de Saúde do Centro;Unidade Local de Saúde da Região de Aveiro, EPE;40.636332, -8.654388;114;29
2024-01;Região de Saúde LVT;Unidade Local de Saúde de Amadora/Sintra, EPE;38.7436332060551, -9.0;229;76
2024-01;Região de Saúde Norte;Unidade Local de Saúde de Braga, EPE;41.562328338623, -8.3;235;80
2024-01;Região de Saúde LVT;Unidade Local de Saúde de Santa Maria, EPE;38.7500648498535, -9.0;0;0
2024-01;Região de Saúde Norte;Unidade Local de Saúde de Trás-os-Montes e Alto Douro, EPE;41.310331, -7.760103;98;44
2024-01;Região de Saúde do Alentejo;Unidade Local de Saúde do Alentejo Central, EPE;38.568838, -7.903064;106;41
2024-01;Região de Saúde Norte;Unidade Local de Saúde do Alto Ave, EPE;41.488574, -8.338685;174;71
2024-01;Região de Saúde Norte;Unidade Local de Saúde do Alto Minho, EPE;41.697519, -8.832517;145;53
2024-01;Região de Saúde Norte;Unidade Local de Saúde do Médio Ave, EPE;41.3422317504883, -8.0;107;46
2024-01;Região de Saúde Norte;Unidade Local de Saúde do Nordeste, EPE;41.802452, -6.768198;31;17
2025-01;Região de Saúde LVT;Hospital de Cascais, PPP;38.730076, -9.418207;243;66
2025-01;Região de Saúde LVT;Unidade Local de Saúde da Lezíria, EPE;39.232503, -8.715083;104;37
2025-01;Região de Saúde Norte;Unidade Local de Saúde de Santo António, EPE;41.147283, -8.619536;231;74
2025-01;Região de Saúde Norte;Unidade Local de Saúde do Alto Ave, EPE;41.488574, -8.338685;178;64
2025-01;Região de Saúde Norte;Unidade Local de Saúde do Alto Minho, EPE;41.697519, -8.832517;128;50
2025-01;Região de Saúde LVT;Unidade Local de Saúde do Arco Ribeirinho, EPE;38.6527214050293, -9.0;117;38
2025-01;Região de Saúde do Alentejo;Unidade Local de Saúde do Baixo Alentejo, EPE;38.0146, -7.86863;76;30
2025-01;Região de Saúde Norte;Unidade Local de Saúde do Médio Ave, EPE;41.3422317504883, -8.0;97;50
2026-01;Região de Saúde LVT;Hospital de Cascais, PPP;38.730076, -9.418207;174;63
2026-01;Região de Saúde LVT;Unidade Local de Saúde da Arrábida, EPE;38.529351, -8.881073;79;30
2026-01;Região de Saúde LVT;Unidade Local de Saúde de Lisboa Ocidental, EPE;38.7084, -9.21711;209;77
2026-01;Região de Saúde LVT;Unidade Local de Saúde de Loures-Odivelas, EPE;38.821769, -9.176301;209;61
2026-01;Região de Saúde LVT;Unidade Local de Saúde de Santa Maria, EPE;38.7500648498535, -9.0;229;67
2026-01;Região de Saúde Norte;Unidade Local de Saúde de Trás-os-Montes e Alto Douro, EPE;41.310331, -7.760103;93;39
2026-01;Região de Saúde do Alentejo;Unidade Local de Saúde do Alto Alentejo, EPE;39.2999, -7.4267;36;11
2026-01;Região de Saúde LVT;Unidade Local de Saúde do Estuário do Tejo, EPE;38.977344, -8.984882;44;15
2024-02;Região de Saúde LVT;Unidade Local de Saúde da Lezíria, EPE;39.232503, -8.715083;202;60
2024-02;Região de Saúde Norte;Unidade Local de Saúde de Entre Douro e Vouga, EPE;40.9295, -8.54567;187;66
2024-02;Região de Saúde Norte;Unidade Local de Saúde de Santo António, EPE;41.147283, -8.619536;448;136
2024-02;Região de Saúde LVT;Unidade Local de Saúde do Arco Ribeirinho, EPE;38.6527214050293, -9.0;227;69
2024-02;Região de Saúde LVT;Unidade Local de Saúde do Estuário do Tejo, EPE;38.977344, -8.984882;257;79
2024-02;Região de Saúde Norte;Unidade Local de Saúde do Tâmega e Sousa, EPE;41.1971153671548, -8.0;332;79
2025-02;Região de Saúde do Centro;Unidade Local de Saúde Castelo Branco, EPE;39.822737, -7.499876;85;17
2025-02;Região de Saúde do Centro;Unidade Local de Saúde da Cova da Beira, EPE;40.2776794433594, -7.0;87;20
2025-02;Região de Saúde LVT;Unidade Local de Saúde de Amadora/Sintra, EPE;38.7436332060551, -9.0;511;175
2025-02;Região de Saúde Norte;Unidade Local de Saúde de Entre Douro e Vouga, EPE;40.9295, -8.54567;224;90
2025-02;Região de Saúde LVT;Unidade Local de Saúde de Loures-Odivelas, EPE;38.821769, -9.176301;316;96
2025-02;Região de Saúde Norte;Unidade Local de Saúde de Santo António, EPE;41.147283, -8.619536;433;146
2025-02;Região de Saúde LVT;Unidade Local de Saúde de São José, EPE;38.7169, -9.13654;638;215
2025-02;Região de Saúde Norte;Unidade Local de Saúde do Alto Minho, EPE;41.697519, -8.832517;231;79
2025-02;Região de Saúde LVT;Unidade Local de Saúde do Estuário do Tejo, EPE;38.977344, -8.984882;222;72
2024-03;Região de Saúde do Centro;Unidade Local de Saúde da Região de Leiria, EPE;39.7418, -8.79444;403;138
2024-03;Região de Saúde Norte;Unidade Local de Saúde de Matosinhos, EPE;41.181859, -8.663374;335;89
2024-03;Região de Saúde LVT;Unidade Local de Saúde de Santa Maria, EPE;38.7500648498535, -9.0;2;2
2024-03;Região de Saúde Norte;Unidade Local de Saúde de Vila Nova de Gaia/Espinho, EPE;41.1254463195801, -8.0;519;180
2024-03;Região de Saúde Norte;Unidade Local de Saúde do Alto Ave, EPE;41.488574, -8.338685;444;176
2024-03;Região de Saúde LVT;Unidade Local de Saúde do Arco Ribeirinho, EPE;38.6527214050293, -9.0;335;104
2024-03;Região de Saúde LVT;Unidade Local de Saúde do Médio Tejo, EPE;39.605565, -8.404399;160;47
2025-03;Região de Saúde Norte;Unidade Local de Saúde da Póvoa de Varzim/Vila do Conde, EPE;41.383183, -8.758784;291;122
2025-03;Região de Saúde Norte;Unidade Local de Saúde de Entre Douro e Vouga, EPE;40.9295, -8.54567;326;124
2025-03;Região de Saúde LVT;Unidade Local de Saúde de Loures-Odivelas, EPE;38.821769, -9.176301;511;156
2025-03;Região de Saúde Norte;Unidade Local de Saúde de Santo António, EPE;41.147283, -8.619536;654;241
2025-03;Região de Saúde do Alentejo;Unidade Local de Saúde do Alentejo Central, EPE;38.568838, -7.903064;270;92
2025-03;Região de Saúde do Algarve;Unidade Local de Saúde do Algarve, EPE;37.024668, -7.928949;887;301
2025-03;Região de Saúde do Alentejo;Unidade Local de Saúde do Baixo Alentejo, EPE;38.0146, -7.86863;266;107
2025-03;Região de Saúde do Alentejo;Unidade Local de Saúde do Litoral Alentejano, EPE;38.039936, -8.731693;;
2025-03;Região de Saúde LVT;Unidade Local de Saúde do Oeste, EPE;39.4055519104004, -9.0;264;110
2024-04;Região de Saúde LVT;Unidade Local de Saúde da Arrábida, EPE;38.529351, -8.881073;382;104
2024-04;Região de Saúde do Centro;Unidade Local de Saúde da Guarda, EPE;40.5309943471486, -7.0;140;53
2024-04;Região de Saúde do Centro;Unidade Local de Saúde da Região de Leiria, EPE;39.7418, -8.79444;521;178
2024-04;Região de Saúde Norte;Unidade Local de Saúde de Barcelos/Esposende, EPE;41.533438, -8.616604;;
2024-04;Região de Saúde LVT;Unidade Local de Saúde de Lisboa Ocidental, EPE;38.7084, -9.21711;766;283
2024-04;Região de Saúde LVT;Unidade Local de Saúde de Santa Maria, EPE;38.7500648498535, -9.0;3;3
2024-04;Região de Saúde Norte;Unidade Local de Saúde do Alto Minho, EPE;41.697519, -8.832517;478;158
2024-04;Região de Saúde LVT;Unidade Local de Saúde do Estuário do Tejo, EPE;38.977344, -8.984882;511;150
2024-04;Região de Saúde LVT;Unidade Local de Saúde do Oeste, EPE;39.4055519104004, -9.0;271;104
2025-04;Região de Saúde LVT;Hospital de Cascais, PPP;38.730076, -9.418207;970;284
2025-04;Região de Saúde LVT;Unidade Local de Saúde da Arrábida, EPE;38.529351, -8.881073;410;145
2025-04;Região de Saúde do Centro;Unidade Local de Saúde da Região de Leiria, EPE;39.7418, -8.79444;420;152
2025-04;Região de Saúde LVT;Unidade Local de Saúde de Amadora/Sintra, EPE;38.7436332060551, -9.0;981;364
2025-04;Região de Saúde LVT;Unidade Local de Saúde de Loures-Odivelas, EPE;38.821769, -9.176301;734;199
2025-04;Região de Saúde LVT;Unidade Local de Saúde de São José, EPE;38.7169, -9.13654;1320;433
2025-04;Região de Saúde do Alentejo;Unidade Local de Saúde do Alentejo Central, EPE;38.568838, -7.903064;352;121
2025-04;Região de Saúde Norte;Unidade Local de Saúde do Alto Ave, EPE;41.488574, -8.338685;592;234
2025-04;Região de Saúde do Centro;Unidade Local de Saúde do Baixo Mondego, EPE;40.130297609, -8.8606;;
2025-04;Região de Saúde do Alentejo;Unidade Local de Saúde do Litoral Alentejano, EPE;38.039936, -8.731693;;
2025-04;Região de Saúde Norte;Unidade Local de Saúde do Médio Ave, EPE;41.3422317504883, -8.0;381;165
2025-04;Região de Saúde LVT;Unidade Local de Saúde do Médio Tejo, EPE;39.605565, -8.404399;254;86
2024-05;Região de Saúde LVT;Hospital de Cascais, PPP;38.730076, -9.418207;1224;366
2024-05;Região de Saúde LVT;Unidade Local de Saúde da Arrábida, EPE;38.529351, -8.881073;502;157
2024-05;Região de Saúde do Centro;Unidade Local de Saúde da Guarda, EPE;40.5309943471486, -7.0;201;80
2024-05;Região de Saúde do Centro;Unidade Local de Saúde da Região de Leiria, EPE;39.7418, -8.79444;668;233
2024-05;Região de Saúde LVT;Unidade Local de Saúde de Almada-Seixal, EPE;38.67381, -9.17597;1049;348
2024-05;Região de Saúde LVT;Unidade Local de Saúde de Amadora/Sintra, EPE;38.7436332060551, -9.0;1304;469
2024-05;Região de Saúde do Centro;Unidade Local de Saúde de Coimbra, EPE;40.217426, -8.410075;1995;575
2024-05;Região de Saúde do Centro;Unidade Local de Saúde de Dão-Lafões, EPE;40.6509, -7.91039;720;245
2024-05;Região de Saúde LVT;Unidade Local de Saúde de Lisboa Ocidental, EPE;38.7084, -9.21711;947;355
2024-05;Região de Saúde LVT;Unidade Local de Saúde do Médio Tejo, EPE;39.605565, -8.404399;294;97
2024-05;Região de Saúde LVT;Unidade Local de Saúde do Oeste, EPE;39.4055519104004, -9.0;353;139
2024-05;Região de Saúde Norte;Unidade Local de Saúde do Tâmega e Sousa, EPE;41.1971153671548, -8.0;781;188
2025-05;Região de Saúde LVT;Hospital de Cascais, PPP;38.730076, -9.418207;1202;342
2025-05;Região de Saúde do Centro;Unidade Local de Saúde Castelo Branco, EPE;39.822737, -7.499876;201;42
2025-05;Região de Saúde LVT;Unidade Local de Saúde da Arrábida, EPE;38.529351, -8.881073;500;180
2025-05;Região de Saúde do Centro;Unidade Local de Saúde de Coimbra, EPE;40.217426, -8.410075;2002;520
2025-05;Região de Saúde LVT;Unidade Local de Saúde de Loures-Odivelas, EPE;38.821769, -9.176301;960;260
2025-05;Região de Saúde Norte;Unidade Local de Saúde de Matosinhos, EPE;41.181859, -8.663374;584;154
2025-05;Região de Saúde Norte;Unidade Local de Saúde de Santo António, EPE;41.147283, -8.619536;1113;390
2025-05;Região de Saúde Norte;Unidade Local de Saúde de Vila Nova de Gaia/Espinho, EPE;41.1254463195801, -8.0;993;275
2025-05;Região de Saúde do Algarve;Unidade Local de Saúde do Algarve, EPE;37.024668, -7.928949;1468;505
2025-05;Região de Saúde Norte;Unidade Local de Saúde do Médio Ave, EPE;41.3422317504883, -8.0;495;216
2025-05;Região de Saúde Norte;Unidade Local de Saúde do Nordeste, EPE;41.802452, -6.768198;165;78
2024-06;Região de Saúde do Centro;Unidade Local de Saúde Castelo Branco, EPE;39.822737, -7.499876;236;61
2024-06;Região de Saúde do Centro;Unidade Local de Saúde de Coimbra, EPE;40.217426, -8.410075;2411;680
2024-06;Região de Saúde LVT;Unidade Local de Saúde de Loures-Odivelas, EPE;38.821769, -9.176301;1443;445
2024-06;Região de Saúde Norte;Unidade Local de Saúde do Alto Minho, EPE;41.697519, -8.832517;711;228
2024-06;Região de Saúde LVT;Unidade Local de Saúde do Arco Ribeirinho, EPE;38.6527214050293, -9.0;654;190
2024-06;Região de Saúde do Alentejo;Unidade Local de Saúde do Baixo Alentejo, EPE;38.0146, -7.86863;503;199
2025-06;Região de Saúde do Centro;Unidade Local de Saúde da Guarda, EPE;40.5309943471486, -7.0;237;74
2025-06;Região de Saúde Norte;Unidade Local de Saúde da Póvoa de Varzim/Vila do Conde, EPE;41.383183, -8.758784;588;232
2025-06;Região de Saúde Norte;Unidade Local de Saúde de Braga, EPE;41.562328338623, -8.3;1403;474
2025-06;Região de Saúde Norte;Unidade Local de Saúde de Entre Douro e Vouga, EPE;40.9295, -8.54567;663;242
2025-06;Região de Saúde Norte;Unidade Local de Saúde de Santo António, EPE;41.147283, -8.619536;1340;478
2025-06;Região de Saúde LVT;Unidade Local de Saúde do Estuário do Tejo, EPE;38.977344, -8.984882;614;194
2025-06;Região de Saúde Norte;Unidade Local de Saúde do Nordeste, EPE;41.802452, -6.768198;206;100
2025-06;Região de Saúde LVT;Unidade Local de Saúde do Oeste, EPE;39.4055519104004, -9.0;584;216
2024-07;Região de Saúde Norte;Unidade Local de Saúde da Póvoa de Varzim/Vila do Conde, EPE;41.383183, -8.758784;750;267
2024-07;Região de Saúde LVT;Unidade Local de Saúde de Almada-Seixal, EPE;38.67381, -9.17597;1435;493
2024-07;Região de Saúde Norte;Unidade Local de Saúde de Entre Douro e Vouga, EPE;40.9295, -8.54567;717;245
2024-07;Região de Saúde Norte;Unidade Local de Saúde de Matosinhos, EPE;41.181859, -8.663374;791;226
2024-07;Região de Saúde Norte;Unidade Local de Saúde de Vila Nova de Gaia/Espinho, EPE;41.1254463195801, -8.0;1190;395
2024-07;Região de Saúde do Alentejo;Unidade Local de Saúde do Litoral Alentejano, EPE;38.039936, -8.731693;;
2024-07;Região de Saúde Norte;Unidade Local de Saúde do Nordeste, EPE;41.802452, -6.768198;204;87
2025-07;Região de Saúde Norte;Unidade Local de Saúde de Entre Douro e Vouga, EPE;40.9295, -8.54567;827;300
2025-07;Região de Saúde do Alentejo;Unidade Local de Saúde do Alto Alentejo, EPE;39.2999, -7.4267;260;105
2025-07;Região de Saúde LVT;Unidade Local de Saúde do Médio Tejo, EPE;39.605565, -8.404399;456;157
2025-07;Região de Saúde LVT;Unidade Local de Saúde do Oeste, EPE;39.4055519104004, -9.0;700;250
2024-08;Região de Saúde do Centro;Unidade Local de Saúde Castelo Branco, EPE;39.822737, -7.499876;312;82
2024-08;Região de Saúde Norte;Unidade Local de Saúde de Barcelos/Esposende, EPE;41.533438, -8.616604;;
2024-08;Região de Saúde do Centro;Unidade Local de Saúde de Coimbra, EPE;40.217426, -8.410075;3323;932
2024-08;Região de Saúde LVT;Unidade Local de Saúde de Loures-Odivelas, EPE;38.821769, -9.176301;1878;575
2024-08;Região de Saúde Norte;Unidade Local de Saúde do Alto Ave, EPE;41.488574, -8.338685;1226;479
2024-08;Região de Saúde LVT;Unidade Local de Saúde do Estuário do Tejo, EPE;38.977344, -8.984882;1090;305
2024-08;Região de Saúde LVT;Unidade Local de Saúde do Oeste, EPE;39.4055519104004, -9.0;630;234
2025-08;Região de Saúde LVT;Hospital de Cascais, PPP;38.730076, -9.418207;1882;579
2025-08;Região de Saúde LVT;Unidade Local de Saúde da Arrábida, EPE;38.529351, -8.881073;877;337
2025-08;Região de Saúde do Centro;Unidade Local de Saúde da Guarda, EPE;40.5309943471486, -7.0;320;105
2025-08;Região de Saúde LVT;Unidade Local de Saúde de Amadora/Sintra, EPE;38.7436332060551, -9.0;1989;750
2025-08;Região de Saúde Norte;Unidade Local de Saúde de Entre Douro e Vouga, EPE;40.9295, -8.54567;978;356
2025-08;Região de Saúde LVT;Unidade Local de Saúde de Loures-Odivelas, EPE;38.821769, -9.176301;1675;455
2025-08;Região de Saúde LVT;Unidade Local de Saúde do Arco Ribeirinho, EPE;38.6527214050293, -9.0;757;235
2025-08;Região de Saúde do Alentejo;Unidade Local de Saúde do Litoral Alentejano, EPE;38.039936, -8.731693;;
2024-09;Região de Saúde LVT;Unidade Local de Saúde da Lezíria, EPE;39.232503, -8.715083;886;281
2024-09;Região de Saúde LVT;Unidade Local de Saúde de Amadora/Sintra, EPE;38.7436332060551, -9.0;2496;866
2024-09;Região de Saúde Norte;Unidade Local de Saúde de São João, EPE;41.1833, -8.60193;1526;526
2024-09;Região de Saúde Norte;Unidade Local de Saúde do Alto Ave, EPE;41.488574, -8.338685;1390;548
2024-09;Região de Saúde do Alentejo;Unidade Local de Saúde do Baixo Alentejo, EPE;38.0146, -7.86863;788;311
2024-09;Região de Saúde LVT;Unidade Local de Saúde do Estuário do Tejo, EPE;38.977344, -8.984882;1239;354
2025-09;Região de Saúde LVT;Hospital de Cascais, PPP;38.730076, -9.418207;2111;637
2025-09;Região de Saúde Norte;Unidade Local de Saúde da Póvoa de Varzim/Vila do Conde, EPE;41.383183, -8.758784;935;347
2025-09;Região de Saúde Norte;Unidade Local de Saúde de Matosinhos, EPE;41.181859, -8.663374;1079;323
2025-09;Região de Saúde Norte;Unidade Local de Saúde de Santo António, EPE;41.147283, -8.619536;2058;732
2025-09;Região de Saúde do Alentejo;Unidade Local de Saúde do Alto Alentejo, EPE;39.2999, -7.4267;336;133
2025-09;Região de Saúde Norte;Unidade Local de Saúde do Médio Ave, EPE;41.3422317504883, -8.0;916;352
2025-09;Região de Saúde LVT;Unidade Local de Saúde do Médio Tejo, EPE;39.605565, -8.404399;609;211
2025-09;Região de Saúde Norte;Unidade Local de Saúde do Nordeste, EPE;41.802452, -6.768198;324;160
2024-10;Região de Saúde do Centro;Unidade Local de Saúde da Guarda, EPE;40.5309943471486, -7.0;397;143
2024-10;Região de Saúde Norte;Unidade Local de Saúde da Póvoa de Varzim/Vila do Conde, EPE;41.383183, -8.758784;1087;382
2024-10;Região de Saúde Norte;Unidade Local de Saúde de Braga, EPE;41.562328338623, -8.3;2331;765
2024-10;Região de Saúde LVT;Unidade Local de Saúde de Lisboa Ocidental, EPE;38.7084, -9.21711;1807;674
2024-10;Região de Saúde Norte;Unidade Local de Saúde de Vila Nova de Gaia/Espinho, EPE;41.1254463195801, -8.0;1809;557
2024-10;Região de Saúde Norte;Unidade Local de Saúde do Alto Ave, EPE;41.488574, -8.338685;1544;608
2024-10;Região de Saúde do Alentejo;Unidade Local de Saúde do Litoral Alentejano, EPE;38.039936, -8.731693;;
2024-10;Região de Saúde LVT;Unidade Local de Saúde do Médio Tejo, EPE;39.605565, -8.404399;620;201
2025-10;Região de Saúde do Centro;Unidade Local de Saúde da Cova da Beira, EPE;40.2776794433594, -7.0;435;136
2025-10;Região de Saúde do Centro;Unidade Local de Saúde da Região de Leiria, EPE;39.7418, -8.79444;1202;434
2025-10;Região de Saúde LVT;Unidade Local de Saúde de Loures-Odivelas, EPE;38.821769, -9.176301;2134;572
2025-10;Região de Saúde Norte;Unidade Local de Saúde de Trás-os-Montes e Alto Douro, EPE;41.310331, -7.760103;1015;446
2025-10;Região de Saúde Norte;Unidade Local de Saúde de Vila Nova de Gaia/Espinho, EPE;41.1254463195801, -8.0;2071;612
2025-10;Região de Saúde do Alentejo;Unidade Local de Saúde do Alentejo Central, EPE;38.568838, -7.903064;866;339
2025-10;Região de Saúde Norte;Unidade Local de Saúde do Alto Minho, EPE;41.697519, -8.832517;1270;423
2025-10;Região de Saúde Norte;Unidade Local de Saúde do Médio Ave, EPE;41.3422317504883, -8.0;1024;404
2025-10;Região de Saúde Norte;Unidade Local de Saúde do Nordeste, EPE;41.802452, -6.768198;378;181
2024-11;Região de Saúde do Centro;Unidade Local de Saúde Castelo Branco, EPE;39.822737, -7.499876;451;119
2024-11;Região de Saúde LVT;Unidade Local de Saúde da Lezíria, EPE;39.232503, -8.715083;1065;336
2024-11;Região de Saúde Norte;Unidade Local de Saúde de São João, EPE;41.1833, -8.60193;1907;663
2024-11;Região de Saúde do Algarve;Unidade Local de Saúde do Algarve, EPE;37.024668, -7.928949;3301;1147
2024-11;Região de Saúde LVT;Unidade Local de Saúde do Estuário do Tejo, EPE;38.977344, -8.984882;1487;426
2024-11;Região de Saúde do Alentejo;Unidade Local de Saúde do Litoral Alentejano, EPE;38.039936, -8.731693;;
2024-11;Região de Saúde Norte;Unidade Local de Saúde do Médio Ave, EPE;41.3422317504883, -8.0;1205;486
2024-11;Região de Saúde LVT;Unidade Local de Saúde do Médio Tejo, EPE;39.605565, -8.404399;697;230
2024-11;Região de Saúde LVT;Unidade Local de Saúde do Oeste, EPE;39.4055519104004, -9.0;937;324
2025-11;Região de Saúde Norte;Unidade Local de Saúde de Entre Douro e Vouga, EPE;40.9295, -8.54567;1393;522
2025-11;Região de Saúde do Alentejo;Unidade Local de Saúde do Baixo Alentejo, EPE;38.0146, -7.86863;951;373
2025-11;Região de Saúde LVT;Unidade Local de Saúde do Estuário do Tejo, EPE;38.977344, -8.984882;786;277
2024-12;Região de Saúde do Centro;Unidade Local de Saúde da Cova da Beira, EPE;40.2776794433594, -7.0;490;161
2024-12;Região de Saúde do Centro;Unidade Local de Saúde da Região de Aveiro, EPE;40.636332, -8.654388;1648;467
2024-12;Região de Saúde LVT;Unidade Local de Saúde de Almada-Seixal, EPE;38.67381, -9.17597;2300;789
2024-12;Região de Saúde Norte;Unidade Local de Saúde de Barcelos/Esposende, EPE;41.533438, -8.616604;;
2024-12;Região de Saúde LVT;Unidade Local de Saúde de Lisboa Ocidental, EPE;38.7084, -9.21711;2127;796
2024-12;Região de Saúde Norte;Unidade Local de Saúde de São João, EPE;41.1833, -8.60193;2083;734
2024-12;Região de Saúde LVT;Unidade Local de Saúde do Oeste, EPE;39.4055519104004, -9.0;1040;358
2025-12;Região de Saúde LVT;Hospital de Cascais, PPP;38.730076, -9.418207;2714;825
2025-12;Região de Saúde LVT;Unidade Local de Saúde de Lisboa Ocidental, EPE;38.7084, -9.21711;2278;805
2025-12;Região de Saúde LVT;Unidade Local de Saúde de Loures-Odivelas, EPE;38.821769, -9.176301;2620;719
2025-12;Região de Saúde Norte;Unidade Local de Saúde de São João, EPE;41.1833, -8.60193;2267;857
2025-12;Região de Saúde LVT;Unidade Local de Saúde do Arco Ribeirinho, EPE;38.6527214050293, -9.0;1129;363
2013-01;Região de Saúde do Algarve;Centro Hospitalar Universitário do Algarve,EPE;37.0238973, -7.9281554;307;101
2013-01;Região de Saúde do Centro;Unidade Local de Saúde de Castelo Branco, EPE;39.8212263, -7.4981271;40;9
2013-01;Região de Saúde LVT;Centro Hospitalar Barreiro/Montijo, EPE;38.6554005, -9.0592392;143;53
2013-01;Região de Saúde LVT;Centro Hospitalar Universitário Lisboa Central, EPE;38.7166948, -9.1371248;346;117
2013-01;Região de Saúde LVT;Centro Hospitalar de Setúbal, EPE;38.5283754, -8.8818638;143;43
2013-01;Região de Saúde Norte;Centro Hospitalar do Médio Ave, EPE;41.3423984, -8.4802503;135;67
2013-01;Região de Saúde Norte;Centro Hospitalar Tâmega e Sousa, EPE;41.2494561, -8.264901;192;57
2013-01;Região de Saúde Norte;Centro Hospitalar Trás-os-Montes e Alto Douro, EPE;41.3031784, -7.7515252;129;60
2013-01;Região de Saúde Norte;Hospital de Braga, PPP;41.56785, -8.398982;217;71
2013-01;Região de Saúde Norte;Unidade Local de Saúde de Matosinhos, EPE;41.1794456, -8.6745115;126;37
2013-01;Região de Saúde Norte;Unidade Local de Saúde do Nordeste, EPE;41.8056532, -6.7888197;36;14
2013-02;Região de Saúde do Alentejo;Hospital Espírito Santo de Évora, EPE;38.5684861, -7.9032848;166;48
2013-02;Região de Saúde do Algarve;Centro Hospitalar Universitário do Algarve,EPE;37.0238973, -7.9281554;568;199
2013-02;Região de Saúde do Centro;Unidade Local de Saúde da Guarda, EPE;40.5309916, -7.2734793;89;37
2013-02;Região de Saúde LVT;Centro Hospitalar de Lisboa Ocidental, EPE;38.708454, -9.216985;391;134
2013-02;Região de Saúde LVT;Hospital Distrital de Santarém, EPE;39.2410946, -8.6937515;210;72
2013-02;Região de Saúde LVT;Hospital Garcia de Orta, EPE;38.6658713, -9.1822554;382;107
2013-02;Região de Saúde Norte;Hospital de Braga, PPP;41.56785, -8.398982;408;133
2013-03;Região de Saúde do Alentejo;Unidade Local de Saúde do Baixo Alentejo, EPE;38.014123, -7.8721227;245;63
2013-03;Região de Saúde do Alentejo;Unidade Local de Saúde do Norte Alentejano, EPE;39.3003425, -7.4263845;140;48
2013-03;Região de Saúde do Centro;Centro Hospitalar Tondela-Viseu, EPE;40.516364, -8.0827433;462;144
2013-03;Região de Saúde do Centro;Unidade Local de Saúde de Castelo Branco, EPE;39.8212263, -7.4981271;96;28
2013-03;Região de Saúde LVT;Centro Hospitalar de Setúbal, EPE;38.5283754, -8.8818638;387;119
2013-03;Região de Saúde LVT;Hospital de Loures, EPE;38.821455, -9.176296;522;117
2013-03;Região de Saúde Norte;Centro Hospitalar Universitário do Porto, EPE;41.1472498, -8.6172617;731;266
2013-03;Região de Saúde Norte;Centro Hospitalar Tâmega e Sousa, EPE;41.2494561, -8.264901;575;152
2013-03;Região de Saúde Norte;Unidade Local de Saúde de Matosinhos, EPE;41.1794456, -8.6745115;359;104
2013-04;Região de Saúde do Alentejo;Unidade Local de Saúde do Norte Alentejano, EPE;39.3003425, -7.4263845;177;63
2013-04;Região de Saúde do Centro;Centro Hospitalar Universitário Cova da Beira, EPE;40.2804158, -7.4922407;198;67
2013-04;Região de Saúde do Centro;Centro Hospitalar do Baixo Vouga, EPE;40.6362453, -8.6543716;558;173
2013-04;Região de Saúde do Centro;Centro Hospitalar e Universitário de Coimbra, EPE;40.2191523, -8.4098211;1540;457
2013-04;Região de Saúde LVT;Centro Hospitalar Barreiro/Montijo, EPE;38.6554005, -9.0592392;497;175
2013-04;Região de Saúde LVT;Hospital Distrital de Santarém, EPE;39.2410946, -8.6937515;380;120
2013-04;Região de Saúde LVT;Hospital Professor Doutor Fernando Fonseca, EPE;38.7422257, -9.2264834;827;321
2013-04;Região de Saúde Norte;Centro Hospitalar Vila Nova de Gaia/Espinho, EPE;41.1094138, -8.5972617;548;204
2013-05;Região de Saúde LVT;Centro Hospitalar de Setúbal, EPE;38.5283754, -8.8818638;643;203
2013-05;Região de Saúde LVT;Centro Hospitalar Médio Tejo, EPE;39.478072, -8.5404429;319;92
2013-05;Região de Saúde LVT;Hospital de Loures, PPP;38.821455, -9.176296;835;193
2013-05;Região de Saúde Norte;Centro Hospitalar Universitário de São João, EPE;41.1831056, -8.6010558;1009;267
2013-05;Região de Saúde Norte;Centro Hospitalar Universitário do Porto, EPE;41.1472498, -8.6172617;1173;420
2013-05;Região de Saúde Norte;Hospital de Braga, PPP;41.56785, -8.398982;1023;308
2013-06;Região de Saúde do Algarve;Centro Hospitalar Universitário do Algarve,EPE;37.0238973, -7.9281554;1652;529
2013-06;Região de Saúde do Centro;Unidade Local de Saúde da Guarda, EPE;40.5309916, -7.2734793;286;104
2013-06;Região de Saúde LVT;Centro Hospitalar Universitário Lisboa Central, EPE;38.7166948, -9.1371248;1812;536
2013-06;Região de Saúde LVT;Centro Hospitalar Universitário de Lisboa Norte, EPE;38.7500861, -9.1616116;1102;312
2013-06;Região de Saúde LVT;Hospital de Loures, EPE;38.821455, -9.176296;1014;228
2013-06;Região de Saúde LVT;Hospital Distrital de Santarém, EPE;39.2410946, -8.6937515;566;179
2013-06;Região de Saúde Norte;Centro Hospitalar Tâmega e Sousa, EPE;41.2494561, -8.264901;1114;300
2013-06;Região de Saúde Norte;Centro Hospitalar Trás-os-Montes e Alto Douro, EPE;41.3031784, -7.7515252;699;294
2013-06;Região de Saúde Norte;Unidade Local de Saúde do Alto Minho, EPE;41.7056054, -8.8252713;694;208
2013-07;Região de Saúde do Alentejo;Unidade Local de Saúde do Norte Alentejano, EPE;39.3003425, -7.4263845;321;115
2013-07;Região de Saúde do Centro;Centro Hospitalar e Universitário de Coimbra, EPE;40.2191523, -8.4098211;2723;787
2013-07;Região de Saúde LVT;Centro Hospitalar Universitário Lisboa Central, EPE;38.7166948, -9.1371248;2122;621
2013-07;Região de Saúde LVT;Hospital de Cascais, PPP;38.729006, -9.418267;1311;419
2013-07;Região de Saúde LVT;Hospital Garcia de Orta, EPE;38.6658713, -9.1822554;1430;334
2013-07;Região de Saúde Norte;Centro Hospitalar Universitário do Porto, EPE;41.1472498, -8.6172617;1631;589
2013-07;Região de Saúde Norte;Centro Hospitalar Póvoa de Varzim/Vila do Conde, EPE;41.3828711, -8.7589945;428;140
2013-07;Região de Saúde Norte;Hospital de Braga, PPP;41.56785, -8.398982;1443;436
2013-07;Região de Saúde Norte;Unidade Local de Saúde de Matosinhos, EPE;41.1794456, -8.6745115;797;231
2013-07;Região de Saúde Norte;Unidade Local de Saúde do Alto Minho, EPE;41.7056054, -8.8252713;844;258
2013-08;Região de Saúde do Alentejo;Hospital Espírito Santo de Évora, EPE;38.5684861, -7.9032848;738;260
2013-08;Região de Saúde do Centro;Unidade Local de Saúde da Guarda, EPE;40.5309916, -7.2734793;380;138
2013-08;Região de Saúde do Centro;Unidade Local de Saúde de Castelo Branco, EPE;39.8212263, -7.4981271;246;65
2013-08;Região de Saúde LVT;Centro Hospitalar de Lisboa Ocidental, EPE;38.708454, -9.216985;1547;505
2013-08;Região de Saúde LVT;Centro Hospitalar de Setúbal, EPE;38.5283754, -8.8818638;1044;318
2013-08;Região de Saúde LVT;Centro Hospitalar do Oeste, EPE;39.4054629, -9.1258493;1074;301
2013-08;Região de Saúde Norte;Hospital de Braga, PPP;41.56785, -8.398982;1698;512
2013-09;Região de Saúde do Alentejo;Unidade Local de Saúde do Norte Alentejano, EPE;39.3003425, -7.4263845;417;146
2013-09;Região de Saúde do Centro;Centro Hospitalar Universitário Cova da Beira, EPE;40.2804158, -7.4922407;460;138
2013-09;Região de Saúde do Centro;Centro Hospitalar de Leiria, EPE;39.7414812, -8.7982706;1308;358
2013-09;Região de Saúde LVT;Hospital de Loures, EPE;38.821455, -9.176296;1581;341
2013-09;Região de Saúde Norte;Centro Hospitalar Universitário de São João, EPE;41.1831056, -8.6010558;1814;474
2013-09;Região de Saúde Norte;Centro Hospitalar Entre Douro e Vouga, EPE;40.9293884, -8.5458794;1297;331
2013-09;Região de Saúde Norte;Centro Hospitalar Póvoa de Varzim/Vila do Conde, EPE;41.3828711, -8.7589945;585;187
2013-09;Região de Saúde Norte;Centro Hospitalar Trás-os-Montes e Alto Douro, EPE;41.3031784, -7.7515252;1045;420
2013-09;Região de Saúde Norte;Hospital de Braga, PPP;41.56785, -8.398982;1910;574
2013-10;Região de Saúde do Alentejo;Hospital Espírito Santo de Évora, EPE;38.5684861, -7.9032848;936;353
2013-10;Região de Saúde do Centro;Unidade Local de Saúde da Guarda, EPE;40.5309916, -7.2734793;474;171
2013-10;Região de Saúde LVT;Centro Hospitalar Universitário Lisboa Central, EPE;38.7166948, -9.1371248;3070;906
2013-10;Região de Saúde LVT;Centro Hospitalar Médio Tejo, EPE;39.478072, -8.5404429;668;194
2013-10;Região de Saúde LVT;Hospital Garcia de Orta, EPE;38.6658713, -9.1822554;2110;459
2013-11;Região de Saúde do Alentejo;Unidade Local de Saúde do Baixo Alentejo, EPE;38.014123, -7.8721227;936;243
2013-11;Região de Saúde do Alentejo;Unidade Local de Saúde do Norte Alentejano, EPE;39.3003425, -7.4263845;521;184
2013-11;Região de Saúde LVT;Centro Hospitalar de Lisboa Ocidental, EPE;38.708454, -9.216985;2119;672
2013-11;Região de Saúde LVT;Centro Hospitalar de Setúbal, EPE;38.5283754, -8.8818638;1468;442
2013-11;Região de Saúde LVT;Hospital de Loures, EPE;38.821455, -9.176296;1945;425
2013-11;Região de Saúde Norte;Centro Hospitalar do Alto Ave, EPE;41.4387173, -8.3086907;1861;570
2013-11;Região de Saúde Norte;Centro Hospitalar Universitário do Porto, EPE;41.1472498, -8.6172617;2628;971
2013-11;Região de Saúde Norte;Unidade Local de Saúde do Alto Minho, EPE;41.7056054, -8.8252713;1384;417
2013-11;Região de Saúde Norte;Unidade Local de Saúde do Nordeste, EPE;41.8056532, -6.7888197;483;197
2013-12;Região de Saúde do Alentejo;Unidade Local de Saúde do Norte Alentejano, EPE;39.3003425, -7.4263845;568;198
2013-12;Região de Saúde LVT;Centro Hospitalar de Setúbal, EPE;38.5283754, -8.8818638;1608;482
2013-12;Região de Saúde LVT;Hospital de Loures, PPP;38.821455, -9.176296;2146;475
2013-12;Região de Saúde LVT;Hospital Professor Doutor Fernando Fonseca, EPE;38.7422257, -9.2264834;2647;945
2013-12;Região de Saúde Norte;Centro Hospitalar Trás-os-Montes e Alto Douro, EPE;41.3031784, -7.7515252;1355;542
2013-12;Região de Saúde Norte;Centro Hospitalar Vila Nova de Gaia/Espinho, EPE;41.1094138, -8.5972617;1663;612
2013-12;Região de Saúde Norte;Hospital de Braga, PPP;41.56785, -8.398982;2579;802
2014-01;Região de Saúde do Centro;Centro Hospitalar Universitário Cova da Beira, EPE;40.2804158, -7.4922407;44;10
2014-01;Região de Saúde do Centro;Centro Hospitalar do Baixo Vouga, EPE;40.6362453, -8.6543716;145;37
2014-01;Região de Saúde do Centro;Centro Hospitalar e Universitário de Coimbra, EPE;40.2191523, -8.4098211;389;115
2014-01;Região de Saúde do Centro;Centro Hospitalar Tondela-Viseu, EPE;40.516364, -8.0827433;166;38
2014-01;Região de Saúde LVT;Centro Hospitalar de Lisboa Ocidental, EPE;38.708454, -9.216985;196;57
2014-01;Região de Saúde LVT;Centro Hospitalar do Oeste, EPE;39.4054629, -9.1258493;130;37
2014-01;Região de Saúde LVT;Centro Hospitalar Universitário de Lisboa Norte, EPE;38.7500861, -9.1616116;187;60
2014-01;Região de Saúde LVT;Hospital de Loures, EPE;38.821455, -9.176296;195;45
2014-01;Região de Saúde LVT;Hospital de Loures, PPP;38.821455, -9.176296;195;45
2014-01;Região de Saúde LVT;Hospital de Vila Franca de Xira, PPP;38.977235, -8.984506;86;25
2014-01;Região de Saúde Norte;Centro Hospitalar Entre Douro e Vouga, EPE;40.9293884, -8.5458794;146;32
2014-01;Região de Saúde Norte;Hospital de Braga, PPP;41.56785, -8.398982;213;73
2014-01;Região de Saúde Norte;Unidade Local de Saúde do Nordeste, EPE;41.8056532, -6.7888197;45;20
2014-02;Região de Saúde do Alentejo;Hospital Espírito Santo de Évora, EPE;38.5684861, -7.9032848;151;60
2014-02;Região de Saúde do Alentejo;Unidade Local de Saúde do Norte Alentejano, EPE;39.3003425, -7.4263845;82;30
2014-02;Região de Saúde do Centro;Centro Hospitalar do Baixo Vouga, EPE;40.6362453, -8.6543716;270;63
2014-02;Região de Saúde do Centro;Centro Hospitalar Tondela-Viseu, EPE;40.516364, -8.0827433;296;80
2014-02;Região de Saúde LVT;Centro Hospitalar de Setúbal, EPE;38.5283754, -8.8818638;247;68
2014-02;Região de Saúde LVT;Centro Hospitalar Médio Tejo, EPE;39.478072, -8.5404429;132;34
2014-02;Região de Saúde LVT;Hospital de Loures, PPP;38.821455, -9.176296;386;81
2014-02;Região de Saúde Norte;Centro Hospitalar do Alto Ave, EPE;41.4387173, -8.3086907;307;113
2014-02;Região de Saúde Norte;Centro Hospitalar Entre Douro e Vouga, EPE;40.9293884, -8.5458794;250;56
2014-02;Região de Saúde Norte;Unidade Local de Saúde do Nordeste, EPE;41.8056532, -6.7888197;81;32
2014-03;Região de Saúde LVT;Hospital de Loures, EPE;38.821455, -9.176296;561;114
2014-03;Região de Saúde LVT;Hospital Professor Doutor Fernando Fonseca, EPE;38.7422257, -9.2264834;597;185
2014-03;Região de Saúde LVT;Hospital Garcia de Orta, EPE;38.6658713, -9.1822554;575;139
2014-03;Região de Saúde Norte;Unidade Local de Saúde de Matosinhos, EPE;41.1794456, -8.6745115;356;89
2014-04;Região de Saúde do Alentejo;Hospital Espírito Santo de Évora, EPE;38.5684861, -7.9032848;312;123
2014-04;Região de Saúde do Alentejo;Unidade Local de Saúde do Baixo Alentejo, EPE;38.014123, -7.8721227;343;78
2014-04;Região de Saúde do Alentejo;Unidade Local de Saúde do Norte Alentejano, EPE;39.3003425, -7.4263845;163;48
2014-04;Região de Saúde do Algarve;Centro Hospitalar Universitário do Algarve,EPE;37.0238973, -7.9281554;1045;267
2014-04;Região de Saúde do Centro;Unidade Local de Saúde da Guarda, EPE;40.5309916, -7.2734793;195;78
2014-04;Região de Saúde LVT;Centro Hospitalar do Oeste, EPE;39.4054629, -9.1258493;464;120
2014-04;Região de Saúde Norte;Centro Hospitalar do Médio Ave, EPE;41.3423984, -8.4802503;393;106
2014-04;Região de Saúde Norte;Unidade Local de Saúde do Nordeste, EPE;41.8056532, -6.7888197;176;67
2014-05;Região de Saúde do Alentejo;Unidade Local de Saúde do Baixo Alentejo, EPE;38.014123, -7.8721227;414;91
2014-05;Região de Saúde LVT;Centro Hospitalar Universitário Lisboa Central, EPE;38.7166948, -9.1371248;1407;423
2014-05;Região de Saúde LVT;Centro Hospitalar de Lisboa Ocidental, EPE;38.708454, -9.216985;901;250
2014-05;Região de Saúde LVT;Centro Hospitalar Médio Tejo, EPE;39.478072, -8.5404429;312;94
2014-05;Região de Saúde LVT;Hospital Distrital de Santarém, EPE;39.2410946, -8.6937515;441;117
2014-05;Região de Saúde Norte;Centro Hospitalar Universitário de São João, EPE;41.1831056, -8.6010558;1003;268
2014-05;Região de Saúde Norte;Centro Hospitalar Trás-os-Montes e Alto Douro, EPE;41.3031784, -7.7515252;480;169
2014-06;Região de Saúde LVT;Centro Hospitalar Médio Tejo, EPE;39.478072, -8.5404429;376;106
2014-06;Região de Saúde LVT;Hospital de Loures, EPE;38.821455, -9.176296;1075;217
2014-06;Região de Saúde LVT;Hospital de Loures, PPP;38.821455, -9.176296;1075;217
2014-06;Região de Saúde LVT;Hospital de Vila Franca de Xira, PPP;38.977235, -8.984506;614;150
2014-06;Região de Saúde LVT;Hospital Professor Doutor Fernando Fonseca, EPE;38.7422257, -9.2264834;1203;383
2014-06;Região de Saúde Norte;Centro Hospitalar do Médio Ave, EPE;41.3423984, -8.4802503;573;168
2014-06;Região de Saúde Norte;Unidade Local de Saúde de Matosinhos, EPE;41.1794456, -8.6745115;699;178
2014-07;Região de Saúde do Alentejo;Hospital Espírito Santo de Évora, EPE;38.5684861, -7.9032848;567;211
2014-07;Região de Saúde do Algarve;Centro Hospitalar Universitário do Algarve,EPE;37.0238973, -7.9281554;1893;507
2014-07;Região de Saúde do Centro;Centro Hospitalar do Baixo Vouga, EPE;40.6362453, -8.6543716;919;216
2014-07;Região de Saúde do Centro;Unidade Local de Saúde de Castelo Branco, EPE;39.8212263, -7.4981271;195;57
2014-07;Região de Saúde LVT;Centro Hospitalar de Lisboa Ocidental, EPE;38.708454, -9.216985;1279;361
2014-07;Região de Saúde LVT;Hospital de Loures, EPE;38.821455, -9.176296;1264;246
2014-07;Região de Saúde Norte;Centro Hospitalar Universitário do Porto, EPE;41.1472498, -8.6172617;1504;462
2014-07;Região de Saúde Norte;Centro Hospitalar Vila Nova de Gaia/Espinho, EPE;41.1094138, -8.5972617;913;263
2014-08;Região de Saúde do Centro;Centro Hospitalar do Baixo Vouga, EPE;40.6362453, -8.6543716;1056;247
2014-08;Região de Saúde do Centro;Unidade Local de Saúde de Castelo Branco, EPE;39.8212263, -7.4981271;214;61
2014-08;Região de Saúde LVT;Centro Hospitalar Barreiro/Montijo, EPE;38.6554005, -9.0592392;977;323
2014-08;Região de Saúde LVT;Centro Hospitalar Universitário Lisboa Central, EPE;38.7166948, -9.1371248;2330;704
2014-08;Região de Saúde LVT;Centro Hospitalar de Lisboa Ocidental, EPE;38.708454, -9.216985;1468;408
2014-08;Região de Saúde LVT;Centro Hospitalar de Setúbal, EPE;38.5283754, -8.8818638;1031;290
2014-09;Região de Saúde do Centro;Centro Hospitalar do Baixo Vouga, EPE;40.6362453, -8.6543716;1195;282
2014-09;Região de Saúde do Centro;Unidade Local de Saúde de Castelo Branco, EPE;39.8212263, -7.4981271;251;80
2014-09;Região de Saúde LVT;Centro Hospitalar Universitário Lisboa Central, EPE;38.7166948, -9.1371248;2665;818
2014-09;Região de Saúde LVT;Centro Hospitalar de Lisboa Ocidental, EPE;38.708454, -9.216985;1685;473
2014-09;Região de Saúde LVT;Centro Hospitalar do Oeste, EPE;39.4054629, -9.1258493;1137;315
2014-09;Região de Saúde LVT;Hospital de Cascais, PPP;38.729006, -9.418267;1700;466
2014-09;Região de Saúde LVT;Hospital Professor Doutor Fernando Fonseca, EPE;38.7422257, -9.2264834;1980;597
2014-10;Região de Saúde do Alentejo;Hospital Espírito Santo de Évora, EPE;38.5684861, -7.9032848;856;305
2014-10;Região de Saúde do Centro;Centro Hospitalar Universitário Cova da Beira, EPE;40.2804158, -7.4922407;463;125
2014-10;Região de Saúde do Centro;Unidade Local de Saúde de Castelo Branco, EPE;39.8212263, -7.4981271;283;93
2014-10;Região de Saúde LVT;Centro Hospitalar Barreiro/Montijo, EPE;38.6554005, -9.0592392;1223;405
2014-10;Região de Saúde LVT;Centro Hospitalar Universitário Lisboa Central, EPE;38.7166948, -9.1371248;3014;931
2014-10;Região de Saúde LVT;Centro Hospitalar de Lisboa Ocidental, EPE;38.708454, -9.216985;1911;552
2014-10;Região de Saúde LVT;Hospital Distrital de Santarém, EPE;39.2410946, -8.6937515;939;249
2014-10;Região de Saúde Norte;Centro Hospitalar Póvoa de Varzim/Vila do Conde, EPE;41.3828711, -8.7589945;589;195
2014-10;Região de Saúde Norte;Centro Hospitalar Vila Nova de Gaia/Espinho, EPE;41.1094138, -8.5972617;1368;422
2014-11;Região de Saúde do Alentejo;Unidade Local de Saúde do Baixo Alentejo, EPE;38.014123, -7.8721227;967;214
2014-11;Região de Saúde do Alentejo;Unidade Local de Saúde do Norte Alentejano, EPE;39.3003425, -7.4263845;481;115
2014-11;Região de Saúde do Centro;Unidade Local de Saúde de Castelo Branco, EPE;39.8212263, -7.4981271;311;104
2014-11;Região de Saúde LVT;Centro Hospitalar de Lisboa Ocidental, EPE;38.708454, -9.216985;2101;614
2014-11;Região de Saúde LVT;Centro Hospitalar Médio Tejo, EPE;39.478072, -8.5404429;729;208
2014-11;Região de Saúde LVT;Hospital Garcia de Orta, EPE;38.6658713, -9.1822554;2214;514
2014-11;Região de Saúde Norte;Centro Hospitalar Universitário de São João, EPE;41.1831056, -8.6010558;2255;582
2014-11;Região de Saúde Norte;Centro Hospitalar Póvoa de Varzim/Vila do Conde, EPE;41.3828711, -8.7589945;665;222
2014-11;Região de Saúde Norte;Centro Hospitalar Vila Nova de Gaia/Espinho, EPE;41.1094138, -8.5972617;1510;475
2014-12;Região de Saúde do Alentejo;Hospital Espírito Santo de Évora, EPE;38.5684861, -7.9032848;1042;364
2014-12;Região de Saúde do Alentejo;Unidade Local de Saúde do Norte Alentejano, EPE;39.3003425, -7.4263845;519;127
2014-12;Região de Saúde do Centro;Centro Hospitalar Tondela-Viseu, EPE;40.516364, -8.0827433;1796;447
2014-12;Região de Saúde LVT;Centro Hospitalar Universitário Lisboa Central, EPE;38.7166948, -9.1371248;3573;1050
2014-12;Região de Saúde Norte;Centro Hospitalar Universitário do Porto, EPE;41.1472498, -8.6172617;2778;829
2014-12;Região de Saúde Norte;Centro Hospitalar Entre Douro e Vouga, EPE;40.9293884, -8.5458794;1636;394
2014-12;Região de Saúde Norte;Centro Hospitalar Tâmega e Sousa, EPE;41.2494561, -8.264901;2314;598
2015-01;Região de Saúde do Centro;Centro Hospitalar de Leiria, EPE;39.7414812, -8.7982706;153;44
2015-01;Região de Saúde do Centro;Centro Hospitalar Tondela-Viseu, EPE;40.516364, -8.0827433;167;31
2015-01;Região de Saúde LVT;Hospital Distrital de Santarém, EPE;39.2410946, -8.6937515;99;33
2015-01;Região de Saúde LVT;Hospital Garcia de Orta, EPE;38.6658713, -9.1822554;190;49
2015-01;Região de Saúde Norte;Hospital de Braga, PPP;41.56785, -8.398982;224;76
2015-01;Região de Saúde Norte;Unidade Local de Saúde do Alto Minho, EPE;41.7056054, -8.8252713;127;28
2015-01;Região de Saúde Norte;Unidade Local de Saúde do Nordeste, EPE;41.8056532, -6.7888197;34;22
2015-02;Região de Saúde do Alentejo;Unidade Local de Saúde do Baixo Alentejo, EPE;38.014123, -7.8721227;146;39
2015-02;Região de Saúde do Algarve;Centro Hospitalar Universitário do Algarve,EPE;37.0238973, -7.9281554;567;127
2015-02;Região de Saúde do Centro;Centro Hospitalar Universitário Cova da Beira, EPE;40.2804158, -7.4922407;105;23
2015-02;Região de Saúde do Centro;Unidade Local de Saúde de Castelo Branco, EPE;39.8212263, -7.4981271;44;11
2015-02;Região de Saúde LVT;Centro Hospitalar Barreiro/Montijo, EPE;38.6554005, -9.0592392;225;81
2015-02;Região de Saúde LVT;Centro Hospitalar do Oeste, EPE;39.4054629, -9.1258493;219;64
2015-02;Região de Saúde LVT;Hospital de Cascais, PPP;38.729006, -9.418267;378;113
2015-02;Região de Saúde LVT;Hospital de Loures, EPE;38.821455, -9.176296;358;87
2015-02;Região de Saúde LVT;Hospital Garcia de Orta, EPE;38.6658713, -9.1822554;359;105
2015-02;Região de Saúde Norte;Centro Hospitalar Póvoa de Varzim/Vila do Conde, EPE;41.3828711, -8.7589945;109;40
2015-02;Região de Saúde Norte;Hospital da Senhora da Oliveira, Guimarães, EPE;41.4387173, -8.3086907;281;82
2015-02;Região de Saúde Norte;Unidade Local de Saúde do Alto Minho, EPE;41.7056054, -8.8252713;226;54
2015-03;Região de Saúde do Alentejo;Unidade Local de Saúde do Baixo Alentejo, EPE;38.014123, -7.8721227;214;56
2015-03;Região de Saúde LVT;Centro Hospitalar de Lisboa Ocidental, EPE;38.708454, -9.216985;527;161
2015-03;Região de Saúde LVT;Hospital de Vila Franca de Xira, PPP;38.977235, -8.984506;360;87
2015-03;Região de Saúde LVT;Hospital Professor Doutor Fernando Fonseca, EPE;38.7422257, -9.2264834;640;193
2015-03;Região de Saúde Norte;Centro Hospitalar Entre Douro e Vouga, EPE;40.9293884, -8.5458794;360;108
2015-03;Região de Saúde Norte;Centro Hospitalar Vila Nova de Gaia/Espinho, EPE;41.1094138, -8.5972617;390;113
2015-03;Região de Saúde Norte;Unidade Local de Saúde de Matosinhos, EPE;41.1794456, -8.6745115;343;88
2015-03;Região de Saúde Norte;Unidade Local de Saúde do Alto Minho, EPE;41.7056054, -8.8252713;351;83
2015-04;Região de Saúde do Alentejo;Hospital Espírito Santo de Évora, EPE;38.5684861, -7.9032848;376;106
2015-04;Região de Saúde Norte;Centro Hospitalar do Médio Ave, EPE;41.3423984, -8.4802503;388;140
2015-04;Região de Saúde Norte;Centro Hospitalar Trás-os-Montes e Alto Douro, EPE;41.3031784, -7.7515252;416;154
2015-04;Região de Saúde Norte;Unidade Local de Saúde de Matosinhos, EPE;41.1794456, -8.6745115;458;121
2015-04;Região de Saúde Norte;Unidade Local de Saúde do Nordeste, EPE;41.8056532, -6.7888197;151;71
2015-05;Região de Saúde do Alentejo;Hospital Espírito Santo de Évora, EPE;38.5684861, -7.9032848;463;126
2015-05;Região de Saúde do Centro;Centro Hospitalar de Leiria, EPE;39.7414812, -8.7982706;765;238
2015-05;Região de Saúde LVT;Centro Hospitalar do Oeste, EPE;39.4054629, -9.1258493;545;168
2015-05;Região de Saúde LVT;Hospital de Cascais, PPP;38.729006, -9.418267;1024;275
2015-05;Região de Saúde LVT;Hospital de Loures, PPP;38.821455, -9.176296;964;218
2015-05;Região de Saúde LVT;Hospital Garcia de Orta, EPE;38.6658713, -9.1822554;913;244
2015-05;Região de Saúde Norte;Centro Hospitalar Universitário de São João, EPE;41.1831056, -8.6010558;964;291
2015-05;Região de Saúde Norte;Centro Hospitalar Trás-os-Montes e Alto Douro, EPE;41.3031784, -7.7515252;536;196
2015-05;Região de Saúde Norte;Unidade Local de Saúde do Alto Minho, EPE;41.7056054, -8.8252713;570;137
2015-06;Região de Saúde LVT;Centro Hospitalar Universitário de Lisboa Norte, EPE;38.7500861, -9.1616116;1104;272
2015-06;Região de Saúde LVT;Centro Hospitalar Médio Tejo, EPE;39.478072, -8.5404429;379;112
2015-06;Região de Saúde LVT;Hospital de Vila Franca de Xira, PPP;38.977235, -8.984506;763;181
2015-06;Região de Saúde Norte;Centro Hospitalar do Médio Ave, EPE;41.3423984, -8.4802503;610;232
2015-06;Região de Saúde Norte;Centro Hospitalar Póvoa de Varzim/Vila do Conde, EPE;41.3828711, -8.7589945;350;124
2015-06;Região de Saúde Norte;Centro Hospitalar Tâmega e Sousa, EPE;41.2494561, -8.264901;1089;273
2015-06;Região de Saúde Norte;Unidade Local de Saúde de Matosinhos, EPE;41.1794456, -8.6745115;691;188
2015-07;Região de Saúde do Algarve;Centro Hospitalar Universitário do Algarve,EPE;37.0238973, -7.9281554;1992;488
2015-07;Região de Saúde do Centro;Unidade Local de Saúde da Guarda, EPE;40.5309916, -7.2734793;325;106
2015-07;Região de Saúde LVT;Centro Hospitalar de Lisboa Ocidental, EPE;38.708454, -9.216985;1320;384
2015-07;Região de Saúde LVT;Centro Hospitalar Médio Tejo, EPE;39.478072, -8.5404429;444;123
2015-07;Região de Saúde LVT;Hospital de Loures, PPP;38.821455, -9.176296;1336;298
2015-07;Região de Saúde LVT;Hospital de Vila Franca de Xira, PPP;38.977235, -8.984506;885;211
2015-07;Região de Saúde Norte;Centro Hospitalar do Médio Ave, EPE;41.3423984, -8.4802503;718;279
2015-07;Região de Saúde Norte;Centro Hospitalar Universitário do Porto, EPE;41.1472498, -8.6172617;1798;487
2015-07;Região de Saúde Norte;Hospital de Braga, PPP;41.56785, -8.398982;1581;463
2015-07;Região de Saúde Norte;Unidade Local de Saúde do Alto Minho, EPE;41.7056054, -8.8252713;807;202
2015-08;Região de Saúde do Alentejo;Unidade Local de Saúde do Baixo Alentejo, EPE;38.014123, -7.8721227;648;156
2015-08;Região de Saúde do Centro;Centro Hospitalar do Baixo Vouga, EPE;40.6362453, -8.6543716;1119;237
2015-08;Região de Saúde do Centro;Centro Hospitalar Tondela-Viseu, EPE;40.516364, -8.0827433;1222;263
2015-08;Região de Saúde LVT;Centro Hospitalar de Setúbal, EPE;38.5283754, -8.8818638;1062;307
2015-08;Região de Saúde LVT;Centro Hospitalar Universitário de Lisboa Norte, EPE;38.7500861, -9.1616116;1499;366
2015-08;Região de Saúde LVT;Hospital Distrital de Santarém, EPE;39.2410946, -8.6937515;796;223
2015-08;Região de Saúde Norte;Centro Hospitalar Póvoa de Varzim/Vila do Conde, EPE;41.3828711, -8.7589945;498;180
2015-08;Região de Saúde Norte;Centro Hospitalar Tâmega e Sousa, EPE;41.2494561, -8.264901;1500;373
2015-08;Região de Saúde Norte;Unidade Local de Saúde de Matosinhos, EPE;41.1794456, -8.6745115;975;259
2015-08;Região de Saúde Norte;Unidade Local de Saúde do Alto Minho, EPE;41.7056054, -8.8252713;943;239
2015-09;Região de Saúde LVT;Centro Hospitalar Universitário Lisboa Central, EPE;38.7166948, -9.1371248;2621;736
2015-09;Região de Saúde LVT;Centro Hospitalar Universitário de Lisboa Norte, EPE;38.7500861, -9.1616116;1698;419
2015-09;Região de Saúde LVT;Hospital Distrital de Santarém, EPE;39.2410946, -8.6937515;910;250
2015-09;Região de Saúde Norte;Centro Hospitalar Tâmega e Sousa, EPE;41.2494561, -8.264901;1752;446
2015-10;Região de Saúde do Alentejo;Unidade Local de Saúde do Baixo Alentejo, EPE;38.014123, -7.8721227;862;200
2015-10;Região de Saúde do Centro;Unidade Local de Saúde de Castelo Branco, EPE;39.8212263, -7.4981271;303;73
2015-10;Região de Saúde LVT;Centro Hospitalar Barreiro/Montijo, EPE;38.6554005, -9.0592392;1182;335
2015-10;Região de Saúde LVT;Centro Hospitalar de Setúbal, EPE;38.5283754, -8.8818638;1347;393
2015-10;Região de Saúde LVT;Centro Hospitalar do Oeste, EPE;39.4054629, -9.1258493;1148;322
2015-10;Região de Saúde LVT;Hospital de Loures, EPE;38.821455, -9.176296;2068;444
2015-10;Região de Saúde LVT;Hospital de Loures, PPP;38.821455, -9.176296;2068;444
2015-10;Região de Saúde LVT;Hospital Distrital de Santarém, EPE;39.2410946, -8.6937515;1015;286
2015-10;Região de Saúde LVT;Hospital Professor Doutor Fernando Fonseca, EPE;38.7422257, -9.2264834;2257;643
2015-10;Região de Saúde Norte;Centro Hospitalar Universitário de São João, EPE;41.1831056, -8.6010558;2059;610
2015-10;Região de Saúde Norte;Centro Hospitalar Tâmega e Sousa, EPE;41.2494561, -8.264901;1968;499
2015-10;Região de Saúde Norte;Centro Hospitalar Trás-os-Montes e Alto Douro, EPE;41.3031784, -7.7515252;1163;434
2015-11;Região de Saúde do Alentejo;Unidade Local de Saúde do Norte Alentejano, EPE;39.3003425, -7.4263845;502;113
2015-11;Região de Saúde do Centro;Centro Hospitalar e Universitário de Coimbra, EPE;40.2191523, -8.4098211;4546;1279
2015-11;Região de Saúde LVT;Centro Hospitalar de Setúbal, EPE;38.5283754, -8.8818638;1499;435
2015-11;Região de Saúde LVT;Hospital de Cascais, PPP;38.729006, -9.418267;2349;619
2015-11;Região de Saúde LVT;Hospital de Loures, EPE;38.821455, -9.176296;2288;487
2015-11;Região de Saúde LVT;Hospital de Loures, PPP;38.821455, -9.176296;2288;487
2015-11;Região de Saúde Norte;Centro Hospitalar do Médio Ave, EPE;41.3423984, -8.4802503;1140;422
2015-11;Região de Saúde Norte;Centro Hospitalar Universitário do Porto, EPE;41.1472498, -8.6172617;2870;785
2015-11;Região de Saúde Norte;Unidade Local de Saúde do Nordeste, EPE;41.8056532, -6.7888197;439;189
2015-12;Região de Saúde do Algarve;Centro Hospitalar Universitário do Algarve,EPE;37.0238973, -7.9281554;3670;945
2015-12;Região de Saúde do Centro;Centro Hospitalar de Leiria, EPE;39.7414812, -8.7982706;1940;584
2015-12;Região de Saúde LVT;Hospital de Loures, PPP;38.821455, -9.176296;2502;534
2015-12;Região de Saúde Norte;Centro Hospitalar Universitário do Porto, EPE;41.1472498, -8.6172617;3112;849
2015-12;Região de Saúde Norte;Centro Hospitalar Trás-os-Montes e Alto Douro, EPE;41.3031784, -7.7515252;1406;526
2016-01;Região de Saúde do Centro;Centro Hospitalar Tondela-Viseu, EPE;40.516364, -8.0827433;163;36
2016-01;Região de Saúde LVT;Hospital de Vila Franca de Xira, PPP;38.977235, -8.984506;133;35
2016-01;Região de Saúde Norte;Centro Hospitalar Póvoa de Varzim/Vila do Conde, EPE;41.3828711, -8.7589945;53;14
2016-01;Região de Saúde Norte;Centro Hospitalar Tâmega e Sousa, EPE;41.2494561, -8.264901;181;51
2016-01;Região de Saúde Norte;Centro Hospitalar Vila Nova de Gaia/Espinho, EPE;41.1094138, -8.5972617;136;38
2016-01;Região de Saúde Norte;Hospital da Senhora da Oliveira, Guimarães, EPE;41.4387173, -8.3086907;163;54
2016-02;Região de Saúde do Alentejo;Hospital Espírito Santo de Évora, EPE;38.5684861, -7.9032848;204;57
2016-02;Região de Saúde do Algarve;Centro Hospitalar Universitário do Algarve,EPE;37.0238973, -7.9281554;565;164
2016-02;Região de Saúde do Centro;Unidade Local de Saúde de Castelo Branco, EPE;39.8212263, -7.4981271;59;16
2016-02;Região de Saúde LVT;Centro Hospitalar de Setúbal, EPE;38.5283754, -8.8818638;236;80
2016-02;Região de Saúde LVT;Hospital de Loures, PPP;38.821455, -9.176296;414;90
2016-02;Região de Saúde Norte;Centro Hospitalar Universitário do Porto, EPE;41.1472498, -8.6172617;518;137
2016-02;Região de Saúde Norte;Centro Hospitalar Vila Nova de Gaia/Espinho, EPE;41.1094138, -8.5972617;258;94
2016-02;Região de Saúde Norte;Unidade Local de Saúde do Alto Minho, EPE;41.7056054, -8.8252713;218;67
2016-03;Região de Saúde LVT;Centro Hospitalar de Setúbal, EPE;38.5283754, -8.8818638;340;119
2016-03;Região de Saúde LVT;Hospital Professor Doutor Fernando Fonseca, EPE;38.7422257, -9.2264834;672;194
2016-03;Região de Saúde Norte;Centro Hospitalar Universitário do Porto, EPE;41.1472498, -8.6172617;755;209
2016-04;Região de Saúde LVT;Centro Hospitalar de Lisboa Ocidental, EPE;38.708454, -9.216985;761;211
2016-04;Região de Saúde LVT;Centro Hospitalar Médio Tejo, EPE;39.478072, -8.5404429;262;58
2016-04;Região de Saúde LVT;Hospital de Loures, EPE;38.821455, -9.176296;816;164
2016-04;Região de Saúde LVT;Hospital Professor Doutor Fernando Fonseca, EPE;38.7422257, -9.2264834;874;246
2016-04;Região de Saúde Norte;Centro Hospitalar Universitário de São João, EPE;41.1831056, -8.6010558;833;245
2016-04;Região de Saúde Norte;Centro Hospitalar Universitário do Porto, EPE;41.1472498, -8.6172617;1034;285
2016-05;Região de Saúde do Alentejo;Hospital Espírito Santo de Évora, EPE;38.5684861, -7.9032848;460;130
2016-05;Região de Saúde do Centro;Centro Hospitalar de Leiria, EPE;39.7414812, -8.7982706;837;228
2016-05;Região de Saúde LVT;Hospital de Cascais, PPP;38.729006, -9.418267;1048;305
2016-05;Região de Saúde Norte;Centro Hospitalar Póvoa de Varzim/Vila do Conde, EPE;41.3828711, -8.7589945;306;96
2016-05;Região de Saúde Norte;Centro Hospitalar Tâmega e Sousa, EPE;41.2494561, -8.264901;935;268
2016-05;Região de Saúde Norte;Hospital da Senhora da Oliveira, Guimarães, EPE;41.4387173, -8.3086907;833;241
2016-05;Região de Saúde Norte;Unidade Local de Saúde de Matosinhos, EPE;41.1794456, -8.6745115;616;177
2016-06;Região de Saúde do Centro;Centro Hospitalar do Baixo Vouga, EPE;40.6362453, -8.6543716;836;223
2016-06;Região de Saúde do Centro;Centro Hospitalar e Universitário de Coimbra, EPE;40.2191523, -8.4098211;2332;641
2016-06;Região de Saúde do Centro;Unidade Local de Saúde de Castelo Branco, EPE;39.8212263, -7.4981271;195;52
2016-06;Região de Saúde LVT;Centro Hospitalar Universitário Lisboa Central, EPE;38.7166948, -9.1371248;1694;505
2016-06;Região de Saúde LVT;Centro Hospitalar de Lisboa Ocidental, EPE;38.708454, -9.216985;1186;316
2016-06;Região de Saúde LVT;Centro Hospitalar Universitário de Lisboa Norte, EPE;38.7500861, -9.1616116;1198;303
2016-06;Região de Saúde LVT;Hospital Distrital de Santarém, EPE;39.2410946, -8.6937515;564;163
2016-06;Região de Saúde Norte;Centro Hospitalar Vila Nova de Gaia/Espinho, EPE;41.1094138, -8.5972617;820;278
2016-07;Região de Saúde do Centro;Centro Hospitalar e Universitário de Coimbra, EPE;40.2191523, -8.4098211;2755;735
2016-07;Região de Saúde do Centro;Centro Hospitalar Tondela-Viseu, EPE;40.516364, -8.0827433;1150;248
2016-07;Região de Saúde do Centro;Unidade Local de Saúde da Guarda, EPE;40.5309916, -7.2734793;329;131
2016-07;Região de Saúde LVT;Hospital de Loures, PPP;38.821455, -9.176296;1494;286
2016-07;Região de Saúde Norte;Centro Hospitalar Universitário de São João, EPE;41.1831056, -8.6010558;1452;423
2016-07;Região de Saúde Norte;Centro Hospitalar do Médio Ave, EPE;41.3423984, -8.4802503;698;248
2016-07;Região de Saúde Norte;Centro Hospitalar Universitário do Porto, EPE;41.1472498, -8.6172617;1833;520
2016-07;Região de Saúde Norte;Centro Hospitalar Entre Douro e Vouga, EPE;40.9293884, -8.5458794;949;233
2016-07;Região de Saúde Norte;Hospital da Senhora da Oliveira, Guimarães, EPE;41.4387173, -8.3086907;1198;325
2016-08;Região de Saúde do Alentejo;Hospital Espírito Santo de Évora, EPE;38.5684861, -7.9032848;767;212
2016-08;Região de Saúde do Centro;Centro Hospitalar Universitário Cova da Beira, EPE;40.2804158, -7.4922407;348;135
2016-08;Região de Saúde LVT;Hospital de Cascais, PPP;38.729006, -9.418267;1667;455
2016-08;Região de Saúde Norte;Centro Hospitalar Vila Nova de Gaia/Espinho, EPE;41.1094138, -8.5972617;1116;379
2016-09;Região de Saúde do Centro;Centro Hospitalar e Universitário de Coimbra, EPE;40.2191523, -8.4098211;3667;955
2016-09;Região de Saúde LVT;Centro Hospitalar Universitário Lisboa Central, EPE;38.7166948, -9.1371248;2645;732
2016-09;Região de Saúde LVT;Hospital de Vila Franca de Xira, PPP;38.977235, -8.984506;1249;361
2016-09;Região de Saúde Norte;Centro Hospitalar Universitário de São João, EPE;41.1831056, -8.6010558;1888;547
2016-09;Região de Saúde Norte;Hospital da Senhora da Oliveira, Guimarães, EPE;41.4387173, -8.3086907;1595;434
2016-09;Região de Saúde Norte;Unidade Local de Saúde do Alto Minho, EPE;41.7056054, -8.8252713;1138;318
2016-10;Região de Saúde LVT;Centro Hospitalar Universitário Lisboa Central, EPE;38.7166948, -9.1371248;2981;822
2016-10;Região de Saúde LVT;Hospital de Loures, PPP;38.821455, -9.176296;2143;417
2016-10;Região de Saúde LVT;Hospital de Vila Franca de Xira, PPP;38.977235, -8.984506;1379;405
2016-10;Região de Saúde Norte;Centro Hospitalar do Médio Ave, EPE;41.3423984, -8.4802503;1034;382
2016-10;Região de Saúde Norte;Centro Hospitalar Vila Nova de Gaia/Espinho, EPE;41.1094138, -8.5972617;1401;460
2016-11;Região de Saúde do Centro;Centro Hospitalar Universitário Cova da Beira, EPE;40.2804158, -7.4922407;489;187
2016-11;Região de Saúde do Centro;Centro Hospitalar de Leiria, EPE;39.7414812, -8.7982706;1847;521
2016-11;Região de Saúde LVT;Centro Hospitalar Universitário de Lisboa Norte, EPE;38.7500861, -9.1616116;2203;531
2016-11;Região de Saúde LVT;Centro Hospitalar Médio Tejo, EPE;39.478072, -8.5404429;731;188
2016-11;Região de Saúde LVT;Hospital de Cascais, PPP;38.729006, -9.418267;2329;618
2016-11;Região de Saúde LVT;Hospital Distrital de Santarém, EPE;39.2410946, -8.6937515;1093;300
2016-11;Região de Saúde Norte;Centro Hospitalar Vila Nova de Gaia/Espinho, EPE;41.1094138, -8.5972617;1544;488
2016-12;Região de Saúde do Centro;Centro Hospitalar do Baixo Vouga, EPE;40.6362453, -8.6543716;1725;441
2016-12;Região de Saúde LVT;Hospital de Loures, EPE;38.821455, -9.176296;2546;501
2016-12;Região de Saúde LVT;Hospital de Vila Franca de Xira, PPP;38.977235, -8.984506;1667;493
2016-12;Região de Saúde Norte;Centro Hospitalar Entre Douro e Vouga, EPE;40.9293884, -8.5458794;1646;417
2017-01;Região de Saúde do Algarve;Centro Hospitalar Universitário do Algarve,EPE;37.0238973, -7.9281554;321;84
2017-01;Região de Saúde do Centro;Centro Hospitalar Universitário Cova da Beira, EPE;40.2804158, -7.4922407;45;17
2017-01;Região de Saúde do Centro;Centro Hospitalar e Universitário de Coimbra, EPE;40.2191523, -8.4098211;418;126
2017-01;Região de Saúde LVT;Centro Hospitalar de Setúbal, EPE;38.5283754, -8.8818638;121;27
2017-01;Região de Saúde LVT;Centro Hospitalar Médio Tejo, EPE;39.478072, -8.5404429;57;15
2017-01;Região de Saúde LVT;Hospital de Cascais, PPP;38.729006, -9.418267;209;59
2017-01;Região de Saúde Norte;Centro Hospitalar Universitário do Porto, EPE;41.1472498, -8.6172617;266;72
2017-01;Região de Saúde Norte;Centro Hospitalar Póvoa de Varzim/Vila do Conde, EPE;41.3828711, -8.7589945;80;19
2017-01;Região de Saúde Norte;Hospital da Senhora da Oliveira, Guimarães, EPE;41.4387173, -8.3086907;174;42
2017-02;Região de Saúde do Alentejo;Hospital Espírito Santo de Évora, EPE;38.5684861, -7.9032848;175;57
2017-02;Região de Saúde do Alentejo;Unidade Local de Saúde do Baixo Alentejo, EPE;38.014123, -7.8721227;188;47
2017-02;Região de Saúde do Algarve;Centro Hospitalar Universitário do Algarve,EPE;37.0238973, -7.9281554;593;144
2017-02;Região de Saúde do Centro;Centro Hospitalar Universitário Cova da Beira, EPE;40.2804158, -7.4922407;85;30
2017-02;Região de Saúde do Centro;Centro Hospitalar do Baixo Vouga, EPE;40.6362453, -8.6543716;257;76
2017-02;Região de Saúde LVT;Centro Hospitalar Universitário de Lisboa Norte, EPE;38.7500861, -9.1616116;395;93
2017-02;Região de Saúde LVT;Centro Hospitalar Médio Tejo, EPE;39.478072, -8.5404429;113;28
2017-02;Região de Saúde LVT;Hospital de Loures, EPE;38.821455, -9.176296;381;73
2017-02;Região de Saúde LVT;Hospital Distrital de Santarém, EPE;39.2410946, -8.6937515;165;47
2017-02;Região de Saúde Norte;Centro Hospitalar Vila Nova de Gaia/Espinho, EPE;41.1094138, -8.5972617;252;82
2017-02;Região de Saúde Norte;Hospital da Senhora da Oliveira, Guimarães, EPE;41.4387173, -8.3086907;337;80
2017-02;Região de Saúde Norte;Unidade Local de Saúde do Nordeste, EPE;41.8056532, -6.7888197;64;23
2017-03;Região de Saúde do Algarve;Centro Hospitalar Universitário do Algarve,EPE;37.0238973, -7.9281554;902;222
2017-03;Região de Saúde LVT;Centro Hospitalar de Setúbal, EPE;38.5283754, -8.8818638;359;88
2017-03;Região de Saúde LVT;Centro Hospitalar Universitário de Lisboa Norte, EPE;38.7500861, -9.1616116;584;143
2017-03;Região de Saúde LVT;Hospital de Cascais, PPP;38.729006, -9.418267;605;148
2017-03;Região de Saúde LVT;Hospital de Loures, EPE;38.821455, -9.176296;609;126
2017-03;Região de Saúde LVT;Hospital Distrital de Santarém, EPE;39.2410946, -8.6937515;246;71
2017-03;Região de Saúde Norte;Centro Hospitalar Universitário do Porto, EPE;41.1472498, -8.6172617;785;199
2017-03;Região de Saúde Norte;Centro Hospitalar Tâmega e Sousa, EPE;41.2494561, -8.264901;546;131
2017-03;Região de Saúde Norte;Unidade Local de Saúde do Nordeste, EPE;41.8056532, -6.7888197;97;35
2017-04;Região de Saúde do Alentejo;Unidade Local de Saúde do Baixo Alentejo, EPE;38.014123, -7.8721227;351;95
2017-04;Região de Saúde do Centro;Centro Hospitalar Universitário Cova da Beira, EPE;40.2804158, -7.4922407;172;69
2017-04;Região de Saúde LVT;Hospital Distrital de Santarém, EPE;39.2410946, -8.6937515;349;94
2017-04;Região de Saúde Norte;Centro Hospitalar do Médio Ave, EPE;41.3423984, -8.4802503;363;106
2017-04;Região de Saúde Norte;Centro Hospitalar Universitário do Porto, EPE;41.1472498, -8.6172617;1046;262
2017-04;Região de Saúde Norte;Unidade Local de Saúde do Nordeste, EPE;41.8056532, -6.7888197;137;56
2017-05;Região de Saúde do Alentejo;Unidade Local de Saúde do Norte Alentejano, EPE;39.3003425, -7.4263845;206;64
2017-05;Região de Saúde do Algarve;Centro Hospitalar Universitário do Algarve,EPE;37.0238973, -7.9281554;1465;388
2017-05;Região de Saúde do Centro;Centro Hospitalar de Leiria, EPE;39.7414812, -8.7982706;805;244
2017-05;Região de Saúde do Centro;Unidade Local de Saúde da Guarda, EPE;40.5309916, -7.2734793;223;97
2017-05;Região de Saúde LVT;Hospital Distrital de Santarém, EPE;39.2410946, -8.6937515;444;122
2017-05;Região de Saúde Norte;Centro Hospitalar Universitário do Porto, EPE;41.1472498, -8.6172617;1331;334
2017-05;Região de Saúde Norte;Centro Hospitalar Tâmega e Sousa, EPE;41.2494561, -8.264901;913;241
2017-05;Região de Saúde Norte;Centro Hospitalar Trás-os-Montes e Alto Douro, EPE;41.3031784, -7.7515252;516;169
2017-05;Região de Saúde Norte;Unidade Local de Saúde do Alto Minho, EPE;41.7056054, -8.8252713;509;142
2017-06;Região de Saúde do Alentejo;Hospital Espírito Santo de Évora, EPE;38.5684861, -7.9032848;531;150
2017-06;Região de Saúde do Centro;Centro Hospitalar Tondela-Viseu, EPE;40.516364, -8.0827433;904;196
2017-06;Região de Saúde do Centro;Unidade Local de Saúde de Castelo Branco, EPE;39.8212263, -7.4981271;184;49
2017-06;Região de Saúde LVT;Centro Hospitalar de Setúbal, EPE;38.5283754, -8.8818638;689;166
2017-06;Região de Saúde LVT;Hospital Distrital de Santarém, EPE;39.2410946, -8.6937515;532;144
2017-06;Região de Saúde LVT;Hospital Garcia de Orta, EPE;38.6658713, -9.1822554;1304;339
2017-06;Região de Saúde Norte;Centro Hospitalar Tâmega e Sousa, EPE;41.2494561, -8.264901;1089;276
2017-06;Região de Saúde Norte;Hospital de Braga, PPP;41.56785, -8.398982;1460;414
2017-06;Região de Saúde Norte;Unidade Local de Saúde de Matosinhos, EPE;41.1794456, -8.6745115;725;185
2017-06;Região de Saúde Norte;Unidade Local de Saúde do Alto Minho, EPE;41.7056054, -8.8252713;605;178
2017-06;Região de Saúde Norte;Unidade Local de Saúde do Nordeste, EPE;41.8056532, -6.7888197;213;90
2017-07;Região de Saúde do Alentejo;Unidade Local de Saúde do Baixo Alentejo, EPE;38.014123, -7.8721227;601;170
2017-07;Região de Saúde do Alentejo;Unidade Local de Saúde do Norte Alentejano, EPE;39.3003425, -7.4263845;295;96
2017-07;Região de Saúde do Centro;Centro Hospitalar de Leiria, EPE;39.7414812, -8.7982706;1123;336
2017-07;Região de Saúde do Centro;Unidade Local de Saúde de Castelo Branco, EPE;39.8212263, -7.4981271;220;57
2017-07;Região de Saúde Norte;Centro Hospitalar Trás-os-Montes e Alto Douro, EPE;41.3031784, -7.7515252;743;241
2017-07;Região de Saúde Norte;Hospital da Senhora da Oliveira, Guimarães, EPE;41.4387173, -8.3086907;1130;291
2017-08;Região de Saúde do Algarve;Centro Hospitalar Universitário do Algarve,EPE;37.0238973, -7.9281554;2349;644
2017-08;Região de Saúde LVT;Centro Hospitalar Universitário Lisboa Central, EPE;38.7166948, -9.1371248;2407;702
2017-08;Região de Saúde LVT;Centro Hospitalar de Setúbal, EPE;38.5283754, -8.8818638;911;211
2017-08;Região de Saúde LVT;Centro Hospitalar do Oeste, EPE;39.4054629, -9.1258493;813;216
2017-09;Região de Saúde do Alentejo;Unidade Local de Saúde do Baixo Alentejo, EPE;38.014123, -7.8721227;766;219
2017-09;Região de Saúde do Alentejo;Unidade Local de Saúde do Norte Alentejano, EPE;39.3003425, -7.4263845;383;122
2017-09;Região de Saúde do Centro;Centro Hospitalar Tondela-Viseu, EPE;40.516364, -8.0827433;1374;298
2017-09;Região de Saúde do Centro;Unidade Local de Saúde de Castelo Branco, EPE;39.8212263, -7.4981271;299;80
2017-09;Região de Saúde LVT;Centro Hospitalar de Setúbal, EPE;38.5283754, -8.8818638;1074;262
2017-09;Região de Saúde LVT;Hospital de Loures, PPP;38.821455, -9.176296;1960;426
2017-09;Região de Saúde LVT;Hospital Distrital de Santarém, EPE;39.2410946, -8.6937515;852;226
2017-09;Região de Saúde Norte;Centro Hospitalar Trás-os-Montes e Alto Douro, EPE;41.3031784, -7.7515252;969;310
2017-10;Região de Saúde do Centro;Centro Hospitalar de Leiria, EPE;39.7414812, -8.7982706;1641;498
2017-10;Região de Saúde do Centro;Centro Hospitalar do Baixo Vouga, EPE;40.6362453, -8.6543716;1428;399
2017-10;Região de Saúde do Centro;Centro Hospitalar e Universitário de Coimbra, EPE;40.2191523, -8.4098211;4006;1130
2017-10;Região de Saúde do Centro;Centro Hospitalar Tondela-Viseu, EPE;40.516364, -8.0827433;1548;326
2017-10;Região de Saúde do Centro;Unidade Local de Saúde da Guarda, EPE;40.5309916, -7.2734793;450;187
2017-10;Região de Saúde do Centro;Unidade Local de Saúde de Castelo Branco, EPE;39.8212263, -7.4981271;333;85
2017-10;Região de Saúde LVT;Centro Hospitalar Universitário Lisboa Central, EPE;38.7166948, -9.1371248;3043;900
2017-10;Região de Saúde LVT;Centro Hospitalar de Lisboa Ocidental, EPE;38.708454, -9.216985;2076;569
2017-11;Região de Saúde do Centro;Centro Hospitalar e Universitário de Coimbra, EPE;40.2191523, -8.4098211;4409;1235
2017-11;Região de Saúde LVT;Centro Hospitalar Médio Tejo, EPE;39.478072, -8.5404429;656;176
2017-11;Região de Saúde LVT;Hospital de Loures, PPP;38.821455, -9.176296;2460;531
2017-11;Região de Saúde Norte;Centro Hospitalar Póvoa de Varzim/Vila do Conde, EPE;41.3828711, -8.7589945;879;262
2017-11;Região de Saúde Norte;Centro Hospitalar Trás-os-Montes e Alto Douro, EPE;41.3031784, -7.7515252;1217;399
2017-11;Região de Saúde Norte;Hospital da Senhora da Oliveira, Guimarães, EPE;41.4387173, -8.3086907;1809;477
2017-12;Região de Saúde do Centro;Centro Hospitalar Universitário Cova da Beira, EPE;40.2804158, -7.4922407;543;196
2017-12;Região de Saúde do Centro;Unidade Local de Saúde da Guarda, EPE;40.5309916, -7.2734793;553;221
2017-12;Região de Saúde do Centro;Unidade Local de Saúde de Castelo Branco, EPE;39.8212263, -7.4981271;418;100
2017-12;Região de Saúde Norte;Centro Hospitalar Universitário de São João, EPE;41.1831056, -8.6010558;2433;691
2017-12;Região de Saúde Norte;Centro Hospitalar Póvoa de Varzim/Vila do Conde, EPE;41.3828711, -8.7589945;957;285
2017-12;Região de Saúde Norte;Centro Hospitalar Trás-os-Montes e Alto Douro, EPE;41.3031784, -7.7515252;1353;459
2017-12;Região de Saúde Norte;Centro Hospitalar Vila Nova de Gaia/Espinho, EPE;41.1094138, -8.5972617;1724;516
2017-12;Região de Saúde Norte;Hospital da Senhora da Oliveira, Guimarães, EPE;41.4387173, -8.3086907;1995;526
2017-12;Região de Saúde Norte;Hospital de Braga, PPP;41.56785, -8.398982;3046;828
2018-01;Região de Saúde do Alentejo;Hospital Espírito Santo de Évora, EPE;38.5684861, -7.9032848;82;28
2018-01;Região de Saúde do Alentejo;Unidade Local de Saúde do Baixo Alentejo, EPE;38.014123, -7.8721227;82;31
2018-01;Região de Saúde do Centro;Centro Hospitalar Tondela-Viseu, EPE;40.516364, -8.0827433;136;39
2018-01;Região de Saúde do Centro;Unidade Local de Saúde de Castelo Branco, EPE;39.8212263, -7.4981271;30;10
2018-01;Região de Saúde LVT;Centro Hospitalar Barreiro/Montijo, EPE;38.6554005, -9.0592392;125;37
2018-01;Região de Saúde LVT;Centro Hospitalar Médio Tejo, EPE;39.478072, -8.5404429;66;19
2018-01;Região de Saúde LVT;Hospital de Loures, EPE;38.821455, -9.176296;217;49
2018-01;Região de Saúde LVT;Hospital de Loures, PPP;38.821455, -9.176296;217;49
2018-01;Região de Saúde Norte;Centro Hospitalar Trás-os-Montes e Alto Douro, EPE;41.3031784, -7.7515252;125;42
2018-02;Região de Saúde do Alentejo;Unidade Local de Saúde do Norte Alentejano, EPE;39.3003425, -7.4263845;78;21
2018-02;Região de Saúde do Centro;Centro Hospitalar Universitário Cova da Beira, EPE;40.2804158, -7.4922407;90;35
2018-02;Região de Saúde do Centro;Centro Hospitalar de Leiria, EPE;39.7414812, -8.7982706;282;93
2018-02;Região de Saúde do Centro;Unidade Local de Saúde da Guarda, EPE;40.5309916, -7.2734793;100;27
2018-02;Região de Saúde LVT;Hospital de Loures, PPP;38.821455, -9.176296;431;104
2018-02;Região de Saúde LVT;Hospital de Vila Franca de Xira, PPP;38.977235, -8.984506;294;68
2018-02;Região de Saúde LVT;Hospital Professor Doutor Fernando Fonseca, EPE;38.7422257, -9.2264834;412;126
2018-02;Região de Saúde Norte;Centro Hospitalar Universitário de São João, EPE;41.1831056, -8.6010558;356;89
2018-02;Região de Saúde Norte;Centro Hospitalar do Médio Ave, EPE;41.3423984, -8.4802503;182;74
2018-02;Região de Saúde Norte;Centro Hospitalar Entre Douro e Vouga, EPE;40.9293884, -8.5458794;249;61
2018-02;Região de Saúde Norte;Centro Hospitalar Póvoa de Varzim/Vila do Conde, EPE;41.3828711, -8.7589945;172;51
2018-02;Região de Saúde Norte;Unidade Local de Saúde do Alto Minho, EPE;41.7056054, -8.8252713;203;56
2018-02;Região de Saúde Norte;Unidade Local de Saúde do Nordeste, EPE;41.8056532, -6.7888197;76;30
2018-03;Região de Saúde do Centro;Centro Hospitalar Universitário Cova da Beira, EPE;40.2804158, -7.4922407;135;49
2018-03;Região de Saúde LVT;Centro Hospitalar de Setúbal, EPE;38.5283754, -8.8818638;326;99
2018-03;Região de Saúde LVT;Centro Hospitalar do Oeste, EPE;39.4054629, -9.1258493;257;79
2018-03;Região de Saúde LVT;Centro Hospitalar Médio Tejo, EPE;39.478072, -8.5404429;190;54
2018-03;Região de Saúde LVT;Hospital Garcia de Orta, EPE;38.6658713, -9.1822554;610;144
2018-03;Região de Saúde Norte;Centro Hospitalar Universitário de São João, EPE;41.1831056, -8.6010558;521;133
2018-03;Região de Saúde Norte;Hospital da Senhora da Oliveira, Guimarães, EPE;41.4387173, -8.3086907;467;139
2018-03;Região de Saúde Norte;Hospital de Braga, PPP;41.56785, -8.398982;722;223
2018-03;Região de Saúde Norte;Unidade Local de Saúde do Alto Minho, EPE;41.7056054, -8.8252713;329;90
2018-04;Região de Saúde do Alentejo;Unidade Local de Saúde do Baixo Alentejo, EPE;38.014123, -7.8721227;307;99
2018-04;Região de Saúde do Centro;Centro Hospitalar Universitário Cova da Beira, EPE;40.2804158, -7.4922407;174;63
2018-04;Região de Saúde do Centro;Centro Hospitalar de Leiria, EPE;39.7414812, -8.7982706;605;192
2018-04;Região de Saúde do Centro;Centro Hospitalar do Baixo Vouga, EPE;40.6362453, -8.6543716;555;133
2018-04;Região de Saúde do Centro;Unidade Local de Saúde da Guarda, EPE;40.5309916, -7.2734793;184;64
2018-04;Região de Saúde LVT;Centro Hospitalar do Oeste, EPE;39.4054629, -9.1258493;369;114
2018-04;Região de Saúde LVT;Centro Hospitalar Médio Tejo, EPE;39.478072, -8.5404429;234;63
2018-04;Região de Saúde LVT;Hospital de Loures, EPE;38.821455, -9.176296;840;192
2018-04;Região de Saúde LVT;Hospital de Loures, PPP;38.821455, -9.176296;840;192
2018-04;Região de Saúde Norte;Centro Hospitalar Universitário de São João, EPE;41.1831056, -8.6010558;701;175
2018-04;Região de Saúde Norte;Centro Hospitalar Entre Douro e Vouga, EPE;40.9293884, -8.5458794;478;126
2018-04;Região de Saúde Norte;Unidade Local de Saúde de Matosinhos, EPE;41.1794456, -8.6745115;474;144
2018-04;Região de Saúde Norte;Unidade Local de Saúde do Nordeste, EPE;41.8056532, -6.7888197;133;55
2018-05;Região de Saúde do Alentejo;Hospital Espírito Santo de Évora, EPE;38.5684861, -7.9032848;416;143
2018-05;Região de Saúde do Centro;Centro Hospitalar Universitário Cova da Beira, EPE;40.2804158, -7.4922407;220;80
2018-05;Região de Saúde LVT;Hospital de Vila Franca de Xira, PPP;38.977235, -8.984506;737;206
2018-05;Região de Saúde LVT;Hospital Distrital de Santarém, EPE;39.2410946, -8.6937515;408;117
2018-05;Região de Saúde Norte;Centro Hospitalar Póvoa de Varzim/Vila do Conde, EPE;41.3828711, -8.7589945;399;110
2018-05;Região de Saúde Norte;Unidade Local de Saúde do Alto Minho, EPE;41.7056054, -8.8252713;545;146
2018-06;Região de Saúde do Centro;Centro Hospitalar de Leiria, EPE;39.7414812, -8.7982706;959;291
2018-06;Região de Saúde do Centro;Centro Hospitalar do Baixo Vouga, EPE;40.6362453, -8.6543716;836;204
2018-06;Região de Saúde do Centro;Centro Hospitalar e Universitário de Coimbra, EPE;40.2191523, -8.4098211;2288;700
2018-06;Região de Saúde do Centro;Centro Hospitalar Tondela-Viseu, EPE;40.516364, -8.0827433;908;187
2018-06;Região de Saúde do Centro;Unidade Local de Saúde da Guarda, EPE;40.5309916, -7.2734793;284;95
2018-06;Região de Saúde LVT;Hospital Garcia de Orta, EPE;38.6658713, -9.1822554;1291;315
2018-06;Região de Saúde Norte;Centro Hospitalar do Médio Ave, EPE;41.3423984, -8.4802503;541;178
2018-06;Região de Saúde Norte;Hospital da Senhora da Oliveira, Guimarães, EPE;41.4387173, -8.3086907;976;294
2018-07;Região de Saúde do Centro;Centro Hospitalar Universitário Cova da Beira, EPE;40.2804158, -7.4922407;319;119
2018-07;Região de Saúde do Centro;Centro Hospitalar Tondela-Viseu, EPE;40.516364, -8.0827433;1094;235
2018-07;Região de Saúde do Centro;Unidade Local de Saúde da Guarda, EPE;40.5309916, -7.2734793;338;120
2018-07;Região de Saúde LVT;Centro Hospitalar Barreiro/Montijo, EPE;38.6554005, -9.0592392;816;250
2018-07;Região de Saúde LVT;Hospital de Loures, EPE;38.821455, -9.176296;1541;357
2018-07;Região de Saúde Norte;Centro Hospitalar Entre Douro e Vouga, EPE;40.9293884, -8.5458794;873;230
2018-07;Região de Saúde Norte;Centro Hospitalar Vila Nova de Gaia/Espinho, EPE;41.1094138, -8.5972617;920;268
2018-08;Região de Saúde do Alentejo;Hospital Espírito Santo de Évora, EPE;38.5684861, -7.9032848;714;242
2018-08;Região de Saúde do Centro;Centro Hospitalar de Leiria, EPE;39.7414812, -8.7982706;1314;392
2018-08;Região de Saúde do Centro;Unidade Local de Saúde da Guarda, EPE;40.5309916, -7.2734793;393;137
2018-08;Região de Saúde LVT;Centro Hospitalar do Oeste, EPE;39.4054629, -9.1258493;805;226
2018-08;Região de Saúde Norte;Unidade Local de Saúde do Alto Minho, EPE;41.7056054, -8.8252713;922;253
2018-09;Região de Saúde do Alentejo;Unidade Local de Saúde do Baixo Alentejo, EPE;38.014123, -7.8721227;773;219
2018-09;Região de Saúde do Centro;Centro Hospitalar Universitário Cova da Beira, EPE;40.2804158, -7.4922407;407;151
2018-09;Região de Saúde LVT;Centro Hospitalar Universitário Lisboa Central, EPE;38.7166948, -9.1371248;2601;812
2018-09;Região de Saúde LVT;Centro Hospitalar do Oeste, EPE;39.4054629, -9.1258493;910;257
2018-09;Região de Saúde Norte;Centro Hospitalar Póvoa de Varzim/Vila do Conde, EPE;41.3828711, -8.7589945;746;213
2018-09;Região de Saúde Norte;Centro Hospitalar Vila Nova de Gaia/Espinho, EPE;41.1094138, -8.5972617;1214;354
2018-09;Região de Saúde Norte;Hospital de Braga, PPP;41.56785, -8.398982;2351;714
2018-10;Região de Saúde do Alentejo;Unidade Local de Saúde do Norte Alentejano, EPE;39.3003425, -7.4263845;443;135
2018-10;Região de Saúde do Centro;Unidade Local de Saúde de Castelo Branco, EPE;39.8212263, -7.4981271;371;86
2018-10;Região de Saúde LVT;Centro Hospitalar Universitário de Lisboa Norte, EPE;38.7500861, -9.1616116;2047;522
2018-10;Região de Saúde LVT;Hospital de Loures, PPP;38.821455, -9.176296;2309;542
2018-10;Região de Saúde Norte;Hospital da Senhora da Oliveira, Guimarães, EPE;41.4387173, -8.3086907;1713;492
2018-10;Região de Saúde Norte;Unidade Local de Saúde de Matosinhos, EPE;41.1794456, -8.6745115;1292;348
2018-11;Região de Saúde do Alentejo;Hospital Espírito Santo de Évora, EPE;38.5684861, -7.9032848;985;335
2018-11;Região de Saúde do Centro;Centro Hospitalar de Leiria, EPE;39.7414812, -8.7982706;1816;518
2018-11;Região de Saúde do Centro;Unidade Local de Saúde da Guarda, EPE;40.5309916, -7.2734793;536;173
2018-11;Região de Saúde LVT;Centro Hospitalar de Lisboa Ocidental, EPE;38.708454, -9.216985;2414;668
2018-11;Região de Saúde LVT;Hospital de Loures, EPE;38.821455, -9.176296;2561;601
2018-11;Região de Saúde LVT;Hospital Garcia de Orta, EPE;38.6658713, -9.1822554;2586;686
2018-12;Região de Saúde do Centro;Centro Hospitalar do Baixo Vouga, EPE;40.6362453, -8.6543716;1765;415
2018-12;Região de Saúde do Centro;Unidade Local de Saúde da Guarda, EPE;40.5309916, -7.2734793;580;186
2018-12;Região de Saúde LVT;Centro Hospitalar do Oeste, EPE;39.4054629, -9.1258493;1235;348
2018-12;Região de Saúde LVT;Centro Hospitalar Médio Tejo, EPE;39.478072, -8.5404429;792;217
2018-12;Região de Saúde LVT;Hospital de Loures, PPP;38.821455, -9.176296;2803;657
2018-12;Região de Saúde LVT;Hospital Distrital de Santarém, EPE;39.2410946, -8.6937515;1073;313
2018-12;Região de Saúde Norte;Centro Hospitalar Entre Douro e Vouga, EPE;40.9293884, -8.5458794;1548;401
2018-12;Região de Saúde Norte;Centro Hospitalar Tâmega e Sousa, EPE;41.2494561, -8.264901;2317;519
2018-12;Região de Saúde Norte;Unidade Local de Saúde de Matosinhos, EPE;41.1794456, -8.6745115;1574;435
2018-12;Região de Saúde Norte;Unidade Local de Saúde do Alto Minho, EPE;41.7056054, -8.8252713;1425;411
2019-01;Região de Saúde do Centro;Unidade Local de Saúde da Guarda, EPE;40.5309916, -7.2734793;45;12
2019-01;Região de Saúde LVT;Centro Hospitalar de Lisboa Ocidental, EPE;38.708454, -9.216985;208;45
2019-01;Região de Saúde LVT;Hospital de Cascais, PPP;38.729006, -9.418267;211;62
2019-01;Região de Saúde Norte;Centro Hospitalar Universitário de São João, EPE;41.1831056, -8.6010558;207;65
2019-01;Região de Saúde Norte;Centro Hospitalar Entre Douro e Vouga, EPE;40.9293884, -8.5458794;137;44
2019-01;Região de Saúde Norte;Centro Hospitalar Póvoa de Varzim/Vila do Conde, EPE;41.3828711, -8.7589945;121;41
2019-01;Região de Saúde Norte;Hospital de Braga, PPP;41.56785, -8.398982;274;61
2019-02;Região de Saúde do Alentejo;Hospital Espírito Santo de Évora, EPE;38.5684861, -7.9032848;190;67
2019-02;Região de Saúde do Centro;Unidade Local de Saúde de Castelo Branco, EPE;39.8212263, -7.4981271;52;12
2019-02;Região de Saúde LVT;Centro Hospitalar Barreiro/Montijo, EPE;38.6554005, -9.0592392;234;67
2019-02;Região de Saúde LVT;Centro Hospitalar do Oeste, EPE;39.4054629, -9.1258493;178;50
2019-02;Região de Saúde LVT;Centro Hospitalar Universitário de Lisboa Norte, EPE;38.7500861, -9.1616116;371;87
2019-02;Região de Saúde LVT;Centro Hospitalar Médio Tejo, EPE;39.478072, -8.5404429;131;36
2019-02;Região de Saúde LVT;Hospital de Vila Franca de Xira, PPP;38.977235, -8.984506;303;82
2019-02;Região de Saúde LVT;Hospital Professor Doutor Fernando Fonseca, EPE;38.7422257, -9.2264834;428;130
2019-02;Região de Saúde Norte;Centro Hospitalar Entre Douro e Vouga, EPE;40.9293884, -8.5458794;276;75
2019-02;Região de Saúde Norte;Centro Hospitalar Trás-os-Montes e Alto Douro, EPE;41.3031784, -7.7515252;192;81
2019-02;Região de Saúde Norte;Centro Hospitalar Vila Nova de Gaia/Espinho, EPE;41.1094138, -8.5972617;259;74
2019-02;Região de Saúde Norte;Hospital de Braga, PPP;41.56785, -8.398982;494;117
2019-03;Região de Saúde do Centro;Unidade Local de Saúde de Castelo Branco, EPE;39.8212263, -7.4981271;79;23
2019-03;Região de Saúde LVT;Centro Hospitalar Universitário Lisboa Central, EPE;38.7166948, -9.1371248;824;233
2019-03;Região de Saúde LVT;Hospital Distrital de Santarém, EPE;39.2410946, -8.6937515;267;73
2019-03;Região de Saúde Norte;Centro Hospitalar Trás-os-Montes e Alto Douro, EPE;41.3031784, -7.7515252;273;105
2019-03;Região de Saúde Norte;Unidade Local de Saúde de Matosinhos, EPE;41.1794456, -8.6745115;361;100
2019-04;Região de Saúde do Alentejo;Unidade Local de Saúde do Baixo Alentejo, EPE;38.014123, -7.8721227;308;105
2019-04;Região de Saúde do Centro;Centro Hospitalar de Leiria, EPE;39.7414812, -8.7982706;605;180
2019-04;Região de Saúde do Centro;Centro Hospitalar do Baixo Vouga, EPE;40.6362453, -8.6543716;562;129
2019-04;Região de Saúde LVT;Centro Hospitalar de Setúbal, EPE;38.5283754, -8.8818638;488;185
2019-04;Região de Saúde LVT;Centro Hospitalar Médio Tejo, EPE;39.478072, -8.5404429;244;67
2019-04;Região de Saúde LVT;Hospital Distrital de Santarém, EPE;39.2410946, -8.6937515;344;94
2019-04;Região de Saúde Norte;Centro Hospitalar Universitário do Porto, EPE;41.1472498, -8.6172617;1097;332
2019-04;Região de Saúde Norte;Centro Hospitalar Tâmega e Sousa, EPE;41.2494561, -8.264901;712;155
2019-04;Região de Saúde Norte;Unidade Local de Saúde de Matosinhos, EPE;41.1794456, -8.6745115;472;128
2019-05;Região de Saúde LVT;Centro Hospitalar Médio Tejo, EPE;39.478072, -8.5404429;310;83
2019-05;Região de Saúde LVT;Hospital de Loures, PPP;38.821455, -9.176296;1125;239
2019-05;Região de Saúde Norte;Centro Hospitalar Tâmega e Sousa, EPE;41.2494561, -8.264901;898;196
2019-05;Região de Saúde Norte;Unidade Local de Saúde do Alto Minho, EPE;41.7056054, -8.8252713;557;156
2019-05;Região de Saúde Norte;Unidade Local de Saúde do Nordeste, EPE;41.8056532, -6.7888197;209;91
2019-06;Região de Saúde do Algarve;Centro Hospitalar Universitário do Algarve,EPE;37.0238973, -7.9281554;1817;550
2019-06;Região de Saúde do Centro;Centro Hospitalar do Baixo Vouga, EPE;40.6362453, -8.6543716;843;198
2019-06;Região de Saúde do Centro;Unidade Local de Saúde da Guarda, EPE;40.5309916, -7.2734793;270;74
2019-06;Região de Saúde LVT;Centro Hospitalar Universitário de Lisboa Norte, EPE;38.7500861, -9.1616116;1221;293
2019-06;Região de Saúde LVT;Hospital de Vila Franca de Xira, PPP;38.977235, -8.984506;934;275
2019-06;Região de Saúde Norte;Centro Hospitalar Universitário de São João, EPE;41.1831056, -8.6010558;1110;330
2019-06;Região de Saúde Norte;Hospital da Senhora da Oliveira, Guimarães, EPE;41.4387173, -8.3086907;894;310
2019-06;Região de Saúde Norte;Hospital de Braga, PPP;41.56785, -8.398982;1500;397
2019-06;Região de Saúde Norte;Unidade Local de Saúde de Matosinhos, EPE;41.1794456, -8.6745115;723;208
2019-07;Região de Saúde do Alentejo;Unidade Local de Saúde do Norte Alentejano, EPE;39.3003425, -7.4263845;250;77
2019-07;Região de Saúde do Centro;Centro Hospitalar do Baixo Vouga, EPE;40.6362453, -8.6543716;990;233
2019-07;Região de Saúde do Centro;Centro Hospitalar e Universitário de Coimbra, EPE;40.2191523, -8.4098211;2654;770
2019-07;Região de Saúde do Centro;Centro Hospitalar Tondela-Viseu, EPE;40.516364, -8.0827433;1068;270
2019-07;Região de Saúde do Centro;Unidade Local de Saúde da Guarda, EPE;40.5309916, -7.2734793;315;91
2019-07;Região de Saúde do Centro;Unidade Local de Saúde de Castelo Branco, EPE;39.8212263, -7.4981271;209;59
2019-07;Região de Saúde LVT;Centro Hospitalar de Lisboa Ocidental, EPE;38.708454, -9.216985;1437;408
2019-07;Região de Saúde LVT;Centro Hospitalar do Oeste, EPE;39.4054629, -9.1258493;706;206
2019-07;Região de Saúde LVT;Centro Hospitalar Médio Tejo, EPE;39.478072, -8.5404429;433;116
2019-07;Região de Saúde LVT;Hospital Professor Doutor Fernando Fonseca, EPE;38.7422257, -9.2264834;1541;492
2019-07;Região de Saúde Norte;Centro Hospitalar do Médio Ave, EPE;41.3423984, -8.4802503;632;217
2019-07;Região de Saúde Norte;Unidade Local de Saúde de Matosinhos, EPE;41.1794456, -8.6745115;825;239
2019-07;Região de Saúde Norte;Unidade Local de Saúde do Alto Minho, EPE;41.7056054, -8.8252713;811;245
2019-08;Região de Saúde do Centro;Centro Hospitalar de Leiria, EPE;39.7414812, -8.7982706;1238;348
2019-08;Região de Saúde do Centro;Centro Hospitalar do Baixo Vouga, EPE;40.6362453, -8.6543716;1156;272
2019-08;Região de Saúde do Centro;Centro Hospitalar Tondela-Viseu, EPE;40.516364, -8.0827433;1234;322
2019-08;Região de Saúde LVT;Centro Hospitalar de Lisboa Ocidental, EPE;38.708454, -9.216985;1636;473
2019-08;Região de Saúde LVT;Centro Hospitalar do Oeste, EPE;39.4054629, -9.1258493;839;242
2019-08;Região de Saúde LVT;Centro Hospitalar Médio Tejo, EPE;39.478072, -8.5404429;514;135
2019-08;Região de Saúde LVT;Hospital de Cascais, PPP;38.729006, -9.418267;1687;462
2019-08;Região de Saúde Norte;Centro Hospitalar Entre Douro e Vouga, EPE;40.9293884, -8.5458794;1012;300
2019-08;Região de Saúde Norte;Hospital de Braga, PPP;41.56785, -8.398982;2055;579
2019-08;Região de Saúde Norte;Unidade Local de Saúde do Nordeste, EPE;41.8056532, -6.7888197;336;146
2019-09;Região de Saúde do Centro;Centro Hospitalar do Baixo Vouga, EPE;40.6362453, -8.6543716;1341;317
2019-09;Região de Saúde do Centro;Centro Hospitalar Tondela-Viseu, EPE;40.516364, -8.0827433;1427;378
2019-09;Região de Saúde do Centro;Unidade Local de Saúde da Guarda, EPE;40.5309916, -7.2734793;407;125
2019-09;Região de Saúde do Centro;Unidade Local de Saúde de Castelo Branco, EPE;39.8212263, -7.4981271;279;79
2019-09;Região de Saúde LVT;Centro Hospitalar do Oeste, EPE;39.4054629, -9.1258493;967;285
2019-09;Região de Saúde LVT;Hospital de Loures, PPP;38.821455, -9.176296;2039;454
2019-09;Região de Saúde Norte;Centro Hospitalar Universitário do Porto, EPE;41.1472498, -8.6172617;2590;732
2019-09;Região de Saúde Norte;Hospital da Senhora da Oliveira, Guimarães, EPE;41.4387173, -8.3086907;1439;513
2019-10;Região de Saúde LVT;Centro Hospitalar de Setúbal, EPE;38.5283754, -8.8818638;1403;511
2019-10;Região de Saúde LVT;Centro Hospitalar Universitário de Lisboa Norte, EPE;38.7500861, -9.1616116;2091;517
2019-10;Região de Saúde LVT;Centro Hospitalar Médio Tejo, EPE;39.478072, -8.5404429;657;187
2019-10;Região de Saúde LVT;Hospital de Cascais, PPP;38.729006, -9.418267;2179;608
2019-10;Região de Saúde LVT;Hospital Professor Doutor Fernando Fonseca, EPE;38.7422257, -9.2264834;2273;738
2019-10;Região de Saúde Norte;Centro Hospitalar do Médio Ave, EPE;41.3423984, -8.4802503;955;339
2019-10;Região de Saúde Norte;Centro Hospitalar Póvoa de Varzim/Vila do Conde, EPE;41.3828711, -8.7589945;1070;318
2019-11;Região de Saúde do Alentejo;Unidade Local de Saúde do Baixo Alentejo, EPE;38.014123, -7.8721227;928;293
2019-11;Região de Saúde do Centro;Centro Hospitalar Tondela-Viseu, EPE;40.516364, -8.0827433;1742;465
2019-11;Região de Saúde LVT;Centro Hospitalar de Lisboa Ocidental, EPE;38.708454, -9.216985;2256;664
2019-11;Região de Saúde LVT;Centro Hospitalar Universitário de Lisboa Norte, EPE;38.7500861, -9.1616116;2301;580
2019-11;Região de Saúde Norte;Hospital de Braga, EPE;41.56785, -8.398982;2887;813
2019-12;Região de Saúde do Alentejo;Hospital Espírito Santo de Évora, EPE;38.5684861, -7.9032848;1092;381
2019-12;Região de Saúde do Alentejo;Unidade Local de Saúde do Baixo Alentejo, EPE;38.014123, -7.8721227;1012;315
2019-12;Região de Saúde do Alentejo;Unidade Local de Saúde do Norte Alentejano, EPE;39.3003425, -7.4263845;438;136
2019-12;Região de Saúde do Algarve;Centro Hospitalar Universitário do Algarve,EPE;37.0238973, -7.9281554;3813;1163
2019-12;Região de Saúde do Centro;Centro Hospitalar do Baixo Vouga, EPE;40.6362453, -8.6543716;1798;436
2019-12;Região de Saúde LVT;Centro Hospitalar de Lisboa Ocidental, EPE;38.708454, -9.216985;2448;714
2019-12;Região de Saúde LVT;Centro Hospitalar do Oeste, EPE;39.4054629, -9.1258493;1327;387
2019-12;Região de Saúde LVT;Hospital de Loures, EPE;38.821455, -9.176296;2757;607
2019-12;Região de Saúde LVT;Hospital Professor Doutor Fernando Fonseca, EPE;38.7422257, -9.2264834;2755;905
2019-12;Região de Saúde Norte;Centro Hospitalar Entre Douro e Vouga, EPE;40.9293884, -8.5458794;1550;447
2020-01;Região de Saúde do Alentejo;Unidade Local de Saúde do Norte Alentejano, EPE;39.3003425, -7.4263845;37;13
2020-01;Região de Saúde do Centro;Centro Hospitalar Universitário Cova da Beira, EPE;40.2804158, -7.4922407;56;18
2020-01;Região de Saúde LVT;Hospital Professor Doutor Fernando Fonseca, EPE;38.7422257, -9.2264834;259;100
2020-01;Região de Saúde Norte;Centro Hospitalar Tâmega e Sousa, EPE;41.2494561, -8.264901;174;45
2020-01;Região de Saúde Norte;Centro Hospitalar Vila Nova de Gaia/Espinho, EPE;41.1094138, -8.5972617;138;42
2020-01;Região de Saúde Norte;Unidade Local de Saúde de Matosinhos, EPE;41.1794456, -8.6745115;119;32
2020-01;Região de Saúde Norte;Unidade Local de Saúde do Nordeste, EPE;41.8056532, -6.7888197;38;13
2020-02;Região de Saúde do Centro;Centro Hospitalar e Universitário de Coimbra, EPE;40.2191523, -8.4098211;738;223
2020-02;Região de Saúde LVT;Centro Hospitalar Universitário Lisboa Central, EPE;38.7166948, -9.1371248;546;167
2020-02;Região de Saúde LVT;Centro Hospitalar do Oeste, EPE;39.4054629, -9.1258493;211;61
2020-02;Região de Saúde LVT;Hospital de Loures, EPE;38.821455, -9.176296;413;98
2020-02;Região de Saúde LVT;Hospital Distrital de Santarém, EPE;39.2410946, -8.6937515;173;43
2020-02;Região de Saúde Norte;Centro Hospitalar Entre Douro e Vouga, EPE;40.9293884, -8.5458794;243;68
2020-03;Região de Saúde do Centro;Centro Hospitalar Universitário Cova da Beira, EPE;40.2804158, -7.4922407;131;42
2020-03;Região de Saúde do Centro;Centro Hospitalar Tondela-Viseu, EPE;40.516364, -8.0827433;438;111
2020-03;Região de Saúde do Centro;Unidade Local de Saúde de Castelo Branco, EPE;39.8212263, -7.4981271;92;29
2020-03;Região de Saúde LVT;Centro Hospitalar Barreiro/Montijo, EPE;38.6554005, -9.0592392;362;118
2020-03;Região de Saúde LVT;Centro Hospitalar de Lisboa Ocidental, EPE;38.708454, -9.216985;542;159
2020-03;Região de Saúde LVT;Centro Hospitalar do Oeste, EPE;39.4054629, -9.1258493;328;100
2020-03;Região de Saúde LVT;Hospital de Cascais, PPP;38.729006, -9.418267;546;152
2020-03;Região de Saúde LVT;Hospital Professor Doutor Fernando Fonseca, EPE;38.7422257, -9.2264834;666;223
2020-03;Região de Saúde Norte;Centro Hospitalar Tâmega e Sousa, EPE;41.2494561, -8.264901;508;137
2020-03;Região de Saúde Norte;Unidade Local de Saúde do Alto Minho, EPE;41.7056054, -8.8252713;317;95
2020-04;Região de Saúde do Alentejo;Unidade Local de Saúde do Baixo Alentejo, EPE;38.014123, -7.8721227;359;105
2020-04;Região de Saúde do Alentejo;Unidade Local de Saúde do Norte Alentejano, EPE;39.3003425, -7.4263845;140;59
2020-04;Região de Saúde do Centro;Centro Hospitalar de Leiria, EPE;39.7414812, -8.7982706;623;158
2020-04;Região de Saúde do Centro;Centro Hospitalar e Universitário de Coimbra, EPE;40.2191523, -8.4098211;1496;421
2020-04;Região de Saúde LVT;Centro Hospitalar Universitário Lisboa Central, EPE;38.7166948, -9.1371248;1082;338
2020-04;Região de Saúde LVT;Centro Hospitalar de Lisboa Ocidental, EPE;38.708454, -9.216985;727;204
2020-04;Região de Saúde LVT;Hospital Garcia de Orta, EPE;38.6658713, -9.1822554;900;285
2020-04;Região de Saúde Norte;Centro Hospitalar do Médio Ave, EPE;41.3423984, -8.4802503;356;126
2020-04;Região de Saúde Norte;Hospital da Senhora da Oliveira, Guimarães, EPE;41.4387173, -8.3086907;660;235
2020-04;Região de Saúde Norte;Unidade Local de Saúde de Matosinhos, EPE;41.1794456, -8.6745115;491;152
2020-04;Região de Saúde Norte;Unidade Local de Saúde do Nordeste, EPE;41.8056532, -6.7888197;140;62
2020-05;Região de Saúde do Alentejo;Unidade Local de Saúde do Baixo Alentejo, EPE;38.014123, -7.8721227;440;128
2020-05;Região de Saúde do Centro;Centro Hospitalar do Baixo Vouga, EPE;40.6362453, -8.6543716;715;165
2020-05;Região de Saúde LVT;Centro Hospitalar de Lisboa Ocidental, EPE;38.708454, -9.216985;878;254
2020-05;Região de Saúde LVT;Centro Hospitalar do Oeste, EPE;39.4054629, -9.1258493;544;167
2020-05;Região de Saúde LVT;Centro Hospitalar Universitário de Lisboa Norte, EPE;38.7500861, -9.1616116;945;238
2020-05;Região de Saúde Norte;Centro Hospitalar Universitário do Porto, EPE;41.1472498, -8.6172617;1411;389
2020-05;Região de Saúde Norte;Unidade Local de Saúde de Matosinhos, EPE;41.1794456, -8.6745115;610;178
2020-06;Região de Saúde do Centro;Unidade Local de Saúde de Castelo Branco, EPE;39.8212263, -7.4981271;195;50
2020-06;Região de Saúde LVT;Centro Hospitalar Universitário de Lisboa Norte, EPE;38.7500861, -9.1616116;1116;280
2020-06;Região de Saúde Norte;Centro Hospitalar Póvoa de Varzim/Vila do Conde, EPE;41.3828711, -8.7589945;605;185
2020-06;Região de Saúde Norte;Centro Hospitalar Trás-os-Montes e Alto Douro, EPE;41.3031784, -7.7515252;582;249
2020-06;Região de Saúde Norte;Centro Hospitalar Vila Nova de Gaia/Espinho, EPE;41.1094138, -8.5972617;798;259
2020-06;Região de Saúde Norte;Hospital de Braga, EPE;41.56785, -8.398982;1567;420
2020-07;Região de Saúde do Alentejo;Hospital Espírito Santo de Évora, EPE;38.5684861, -7.9032848;632;198
2020-07;Região de Saúde LVT;Centro Hospitalar Barreiro/Montijo, EPE;38.6554005, -9.0592392;889;281
2020-07;Região de Saúde LVT;Hospital de Cascais, PPP;38.729006, -9.418267;1274;354
2020-07;Região de Saúde LVT;Hospital de Loures, EPE;38.821455, -9.176296;1386;329
2020-07;Região de Saúde LVT;Hospital de Vila Franca de Xira, PPP;38.977235, -8.984506;1131;355
2020-07;Região de Saúde LVT;Hospital Professor Doutor Fernando Fonseca, EPE;38.7422257, -9.2264834;1464;532
2020-07;Região de Saúde Norte;Centro Hospitalar Entre Douro e Vouga, EPE;40.9293884, -8.5458794;830;244
2020-08;Região de Saúde do Centro;Centro Hospitalar de Leiria, EPE;39.7414812, -8.7982706;1212;312
2020-08;Região de Saúde do Centro;Centro Hospitalar e Universitário de Coimbra, EPE;40.2191523, -8.4098211;3022;844
2020-08;Região de Saúde LVT;Centro Hospitalar de Lisboa Ocidental, EPE;38.708454, -9.216985;1453;421
2020-08;Região de Saúde LVT;Centro Hospitalar do Oeste, EPE;39.4054629, -9.1258493;908;269
2020-08;Região de Saúde LVT;Centro Hospitalar Universitário de Lisboa Norte, EPE;38.7500861, -9.1616116;1534;401
2020-08;Região de Saúde LVT;Hospital de Vila Franca de Xira, PPP;38.977235, -8.984506;1282;400
2020-08;Região de Saúde Norte;Centro Hospitalar Entre Douro e Vouga, EPE;40.9293884, -8.5458794;963;290
2020-08;Região de Saúde Norte;Hospital da Senhora da Oliveira, Guimarães, EPE;41.4387173, -8.3086907;1356;470
2020-08;Região de Saúde Norte;Unidade Local de Saúde do Alto Minho, EPE;41.7056054, -8.8252713;866;292
2020-09;Região de Saúde do Algarve;Centro Hospitalar Universitário do Algarve,EPE;37.0238973, -7.9281554;2737;752
2020-09;Região de Saúde do Centro;Centro Hospitalar do Baixo Vouga, EPE;40.6362453, -8.6543716;1334;337
2020-09;Região de Saúde do Centro;Centro Hospitalar Tondela-Viseu, EPE;40.516364, -8.0827433;1376;345
2020-09;Região de Saúde do Centro;Unidade Local de Saúde da Guarda, EPE;40.5309916, -7.2734793;419;151
2020-09;Região de Saúde LVT;Centro Hospitalar Médio Tejo, EPE;39.478072, -8.5404429;615;161
2020-09;Região de Saúde Norte;Centro Hospitalar Universitário de São João, EPE;41.1831056, -8.6010558;1599;483
2020-09;Região de Saúde Norte;Centro Hospitalar do Médio Ave, EPE;41.3423984, -8.4802503;843;266
2020-09;Região de Saúde Norte;Centro Hospitalar Trás-os-Montes e Alto Douro, EPE;41.3031784, -7.7515252;907;386
2020-09;Região de Saúde Norte;Centro Hospitalar Vila Nova de Gaia/Espinho, EPE;41.1094138, -8.5972617;1215;377
2020-09;Região de Saúde Norte;Hospital de Braga, EPE;41.56785, -8.398982;2392;631
2020-10;Região de Saúde do Alentejo;Unidade Local de Saúde do Baixo Alentejo, EPE;38.014123, -7.8721227;833;247
2020-10;Região de Saúde do Centro;Centro Hospitalar do Baixo Vouga, EPE;40.6362453, -8.6543716;1471;381
2020-10;Região de Saúde do Centro;Unidade Local de Saúde da Guarda, EPE;40.5309916, -7.2734793;462;166
2020-10;Região de Saúde LVT;Centro Hospitalar de Setúbal, EPE;38.5283754, -8.8818638;1200;391
2020-10;Região de Saúde LVT;Centro Hospitalar Médio Tejo, EPE;39.478072, -8.5404429;701;187
2020-10;Região de Saúde LVT;Hospital de Cascais, PPP;38.729006, -9.418267;1874;517
2020-10;Região de Saúde LVT;Hospital de Vila Franca de Xira, PPP;38.977235, -8.984506;1633;514
2020-10;Região de Saúde Norte;Centro Hospitalar Universitário de São João, EPE;41.1831056, -8.6010558;1792;545
2020-10;Região de Saúde Norte;Centro Hospitalar Tâmega e Sousa, EPE;41.2494561, -8.264901;1824;454
2020-10;Região de Saúde Norte;Centro Hospitalar Trás-os-Montes e Alto Douro, EPE;41.3031784, -7.7515252;994;429
2020-10;Região de Saúde Norte;Centro Hospitalar Vila Nova de Gaia/Espinho, EPE;41.1094138, -8.5972617;1358;428
2020-10;Região de Saúde Norte;Hospital da Senhora da Oliveira, Guimarães, EPE;41.4387173, -8.3086907;1707;609
2020-10;Região de Saúde Norte;Unidade Local de Saúde do Alto Minho, EPE;41.7056054, -8.8252713;1133;395
2020-10;Região de Saúde Norte;Unidade Local de Saúde do Nordeste, EPE;41.8056532, -6.7888197;355;149
2020-11;Região de Saúde do Alentejo;Unidade Local de Saúde do Baixo Alentejo, EPE;38.014123, -7.8721227;908;276
2020-11;Região de Saúde do Algarve;Centro Hospitalar Universitário do Algarve,EPE;37.0238973, -7.9281554;3355;923
2020-11;Região de Saúde do Centro;Centro Hospitalar de Leiria, EPE;39.7414812, -8.7982706;1723;439
2020-11;Região de Saúde do Centro;Unidade Local de Saúde de Castelo Branco, EPE;39.8212263, -7.4981271;349;91
2020-11;Região de Saúde LVT;Hospital de Vila Franca de Xira, PPP;38.977235, -8.984506;1779;567
2020-11;Região de Saúde LVT;Hospital Garcia de Orta, EPE;38.6658713, -9.1822554;2549;778
2020-11;Região de Saúde Norte;Centro Hospitalar Tâmega e Sousa, EPE;41.2494561, -8.264901;2011;508
2020-11;Região de Saúde Norte;Unidade Local de Saúde de Matosinhos, EPE;41.1794456, -8.6745115;1421;414
2020-12;Região de Saúde do Alentejo;Unidade Local de Saúde do Baixo Alentejo, EPE;38.014123, -7.8721227;980;293
2020-12;Região de Saúde do Alentejo;Unidade Local de Saúde do Norte Alentejano, EPE;39.3003425, -7.4263845;440;149
2020-12;Região de Saúde LVT;Centro Hospitalar Universitário Lisboa Central, EPE;38.7166948, -9.1371248;3116;1031
2020-12;Região de Saúde LVT;Centro Hospitalar de Setúbal, EPE;38.5283754, -8.8818638;1421;459
2020-12;Região de Saúde LVT;Centro Hospitalar Universitário de Lisboa Norte, EPE;38.7500861, -9.1616116;2303;594
2020-12;Região de Saúde LVT;Hospital de Loures, EPE;38.821455, -9.176296;2360;566
2020-12;Região de Saúde Norte;Centro Hospitalar Universitário do Porto, EPE;41.1472498, -8.6172617;3304;887
2021-01;Região de Saúde do Algarve;Centro Hospitalar Universitário do Algarve,EPE;37.0238973, -7.9281554;255;71
2021-01;Região de Saúde do Centro;Unidade Local de Saúde da Guarda, EPE;40.5309916, -7.2734793;40;15
2021-01;Região de Saúde LVT;Centro Hospitalar Universitário Lisboa Central, EPE;38.7166948, -9.1371248;217;78
2021-01;Região de Saúde LVT;Hospital de Vila Franca de Xira, PPP;38.977235, -8.984506;141;41
2021-01;Região de Saúde LVT;Hospital Distrital de Santarém, EPE;39.2410946, -8.6937515;77;31
2021-01;Região de Saúde Norte;Centro Hospitalar Entre Douro e Vouga, EPE;40.9293884, -8.5458794;104;41
2021-01;Região de Saúde Norte;Centro Hospitalar Tâmega e Sousa, EPE;41.2494561, -8.264901;151;39
2021-01;Região de Saúde Norte;Unidade Local de Saúde de Matosinhos, EPE;41.1794456, -8.6745115;149;41
2021-01;Região de Saúde Norte;Unidade Local de Saúde do Nordeste, EPE;41.8056532, -6.7888197;26;13
2021-02;Região de Saúde do Alentejo;Unidade Local de Saúde do Baixo Alentejo, EPE;38.014123, -7.8721227;152;41
2021-02;Região de Saúde do Centro;Centro Hospitalar Universitário Cova da Beira, EPE;40.2804158, -7.4922407;57;28
2021-02;Região de Saúde do Centro;Centro Hospitalar de Leiria, EPE;39.7414812, -8.7982706;228;70
2021-02;Região de Saúde do Centro;Unidade Local de Saúde da Guarda, EPE;40.5309916, -7.2734793;67;32
2021-02;Região de Saúde do Centro;Unidade Local de Saúde de Castelo Branco, EPE;39.8212263, -7.4981271;44;10
2021-02;Região de Saúde LVT;Centro Hospitalar Barreiro/Montijo, EPE;38.6554005, -9.0592392;198;66
2021-02;Região de Saúde LVT;Centro Hospitalar Universitário Lisboa Central, EPE;38.7166948, -9.1371248;421;148
2021-02;Região de Saúde LVT;Centro Hospitalar Universitário de Lisboa Norte, EPE;38.7500861, -9.1616116;329;95
2021-02;Região de Saúde LVT;Hospital de Loures, EPE;38.821455, -9.176296;300;64
2021-02;Região de Saúde LVT;Hospital Distrital de Santarém, EPE;39.2410946, -8.6937515;166;55
2021-02;Região de Saúde Norte;Centro Hospitalar do Médio Ave, EPE;41.3423984, -8.4802503;136;48
2021-02;Região de Saúde Norte;Centro Hospitalar Tâmega e Sousa, EPE;41.2494561, -8.264901;275;69
2021-02;Região de Saúde Norte;Unidade Local de Saúde do Alto Minho, EPE;41.7056054, -8.8252713;196;71
2021-03;Região de Saúde do Centro;Centro Hospitalar de Leiria, EPE;39.7414812, -8.7982706;382;115
2021-03;Região de Saúde LVT;Centro Hospitalar Universitário Lisboa Central, EPE;38.7166948, -9.1371248;648;225
2021-03;Região de Saúde LVT;Centro Hospitalar de Lisboa Ocidental, EPE;38.708454, -9.216985;444;132
2021-03;Região de Saúde LVT;Centro Hospitalar Médio Tejo, EPE;39.478072, -8.5404429;153;46
2021-03;Região de Saúde LVT;Hospital Distrital de Santarém, EPE;39.2410946, -8.6937515;258;77
2021-03;Região de Saúde LVT;Hospital Garcia de Orta, EPE;38.6658713, -9.1822554;544;151
2021-03;Região de Saúde Norte;Centro Hospitalar Trás-os-Montes e Alto Douro, EPE;41.3031784, -7.7515252;269;126
2021-03;Região de Saúde Norte;Hospital da Senhora da Oliveira, Guimarães, EPE;41.4387173, -8.3086907;381;143
2021-04;Região de Saúde do Centro;Centro Hospitalar de Leiria, EPE;39.7414812, -8.7982706;512;145
2021-04;Região de Saúde LVT;Centro Hospitalar Barreiro/Montijo, EPE;38.6554005, -9.0592392;405;132
2021-04;Região de Saúde LVT;Centro Hospitalar Universitário de Lisboa Norte, EPE;38.7500861, -9.1616116;708;207
2021-04;Região de Saúde LVT;Hospital de Loures, EPE;38.821455, -9.176296;635;144
2021-04;Região de Saúde LVT;Hospital Distrital de Santarém, EPE;39.2410946, -8.6937515;348;99
2021-04;Região de Saúde LVT;Hospital Professor Doutor Fernando Fonseca, EPE;38.7422257, -9.2264834;655;260
2021-05;Região de Saúde do Alentejo;Hospital Espírito Santo de Évora, EPE;38.5684861, -7.9032848;382;160
2021-05;Região de Saúde LVT;Centro Hospitalar Universitário Lisboa Central, EPE;38.7166948, -9.1371248;1101;369
2021-05;Região de Saúde LVT;Centro Hospitalar de Lisboa Ocidental, EPE;38.708454, -9.216985;745;226
2021-05;Região de Saúde LVT;Centro Hospitalar Universitário de Lisboa Norte, EPE;38.7500861, -9.1616116;912;263
2021-05;Região de Saúde LVT;Hospital de Loures, PPP;38.821455, -9.176296;854;196
2021-05;Região de Saúde LVT;Hospital de Vila Franca de Xira, PPP;38.977235, -8.984506;656;218
2021-05;Região de Saúde LVT;Hospital Garcia de Orta, EPE;38.6658713, -9.1822554;944;282
2021-06;Região de Saúde LVT;Centro Hospitalar Universitário Lisboa Central, EPE;38.7166948, -9.1371248;1347;439
2021-06;Região de Saúde LVT;Centro Hospitalar de Lisboa Ocidental, EPE;38.708454, -9.216985;919;281
2021-06;Região de Saúde LVT;Centro Hospitalar do Oeste, EPE;39.4054629, -9.1258493;619;197
2021-06;Região de Saúde LVT;Hospital de Loures, EPE;38.821455, -9.176296;1050;238
2021-06;Região de Saúde Norte;Centro Hospitalar Universitário de São João, EPE;41.1831056, -8.6010558;906;263
2021-06;Região de Saúde Norte;Hospital da Senhora da Oliveira, Guimarães, EPE;41.4387173, -8.3086907;796;275
2021-06;Região de Saúde Norte;Unidade Local de Saúde do Nordeste, EPE;41.8056532, -6.7888197;187;81
2021-07;Região de Saúde do Alentejo;Unidade Local de Saúde do Norte Alentejano, EPE;39.3003425, -7.4263845;229;58
2021-07;Região de Saúde LVT;Centro Hospitalar Universitário Lisboa Central, EPE;38.7166948, -9.1371248;1590;528
2021-07;Região de Saúde LVT;Centro Hospitalar de Lisboa Ocidental, EPE;38.708454, -9.216985;1085;332
2021-07;Região de Saúde LVT;Centro Hospitalar do Oeste, EPE;39.4054629, -9.1258493;723;217
2021-07;Região de Saúde LVT;Hospital de Loures, PPP;38.821455, -9.176296;1257;287
2021-07;Região de Saúde Norte;Centro Hospitalar do Médio Ave, EPE;41.3423984, -8.4802503;533;178
2021-07;Região de Saúde Norte;Centro Hospitalar Universitário do Porto, EPE;41.1472498, -8.6172617;1726;505
2021-08;Região de Saúde do Centro;Centro Hospitalar Universitário Cova da Beira, EPE;40.2804158, -7.4922407;314;156
2021-08;Região de Saúde LVT;Centro Hospitalar Universitário de Lisboa Norte, EPE;38.7500861, -9.1616116;1528;396
2021-08;Região de Saúde LVT;Centro Hospitalar Médio Tejo, EPE;39.478072, -8.5404429;463;127
2021-08;Região de Saúde LVT;Hospital Professor Doutor Fernando Fonseca, EPE;38.7422257, -9.2264834;1355;521
2021-08;Região de Saúde Norte;Centro Hospitalar Vila Nova de Gaia/Espinho, EPE;41.1094138, -8.5972617;951;297
2021-08;Região de Saúde Norte;Hospital de Braga, EPE;41.56785, -8.398982;1839;547
2021-09;Região de Saúde do Centro;Centro Hospitalar de Leiria, EPE;39.7414812, -8.7982706;1303;362
2021-09;Região de Saúde LVT;Centro Hospitalar do Oeste, EPE;39.4054629, -9.1258493;943;284
2021-09;Região de Saúde LVT;Hospital de Loures, EPE;38.821455, -9.176296;1683;381
2021-09;Região de Saúde LVT;Hospital Garcia de Orta, EPE;38.6658713, -9.1822554;1839;535
2021-09;Região de Saúde Norte;Centro Hospitalar Entre Douro e Vouga, EPE;40.9293884, -8.5458794;1019;353
2021-09;Região de Saúde Norte;Centro Hospitalar Tâmega e Sousa, EPE;41.2494561, -8.264901;1473;319
2021-09;Região de Saúde Norte;Unidade Local de Saúde de Matosinhos, EPE;41.1794456, -8.6745115;1154;310
2021-09;Região de Saúde Norte;Unidade Local de Saúde do Alto Minho, EPE;41.7056054, -8.8252713;896;299
2021-10;Região de Saúde do Centro;Unidade Local de Saúde da Guarda, EPE;40.5309916, -7.2734793;385;140
2021-10;Região de Saúde LVT;Hospital de Loures, EPE;38.821455, -9.176296;1898;432
2021-10;Região de Saúde LVT;Hospital de Vila Franca de Xira, EPE;38.977235, -8.984506;1330;455
2021-10;Região de Saúde Norte;Centro Hospitalar Universitário de São João, EPE;41.1831056, -8.6010558;1594;485
2021-10;Região de Saúde Norte;Centro Hospitalar Póvoa de Varzim/Vila do Conde, EPE;41.3828711, -8.7589945;1252;447
2021-10;Região de Saúde Norte;Hospital de Braga, EPE;41.56785, -8.398982;2321;690
2021-10;Região de Saúde Norte;Unidade Local de Saúde do Nordeste, EPE;41.8056532, -6.7888197;319;133
2021-11;Região de Saúde do Alentejo;Hospital Espírito Santo de Évora, EPE;38.5684861, -7.9032848;900;380
2021-11;Região de Saúde do Alentejo;Unidade Local de Saúde do Baixo Alentejo, EPE;38.014123, -7.8721227;928;270
2021-11;Região de Saúde do Centro;Unidade Local de Saúde da Guarda, EPE;40.5309916, -7.2734793;428;155
2021-11;Região de Saúde do Centro;Unidade Local de Saúde de Castelo Branco, EPE;39.8212263, -7.4981271;291;69
2021-11;Região de Saúde LVT;Centro Hospitalar Barreiro/Montijo, EPE;38.6554005, -9.0592392;1272;408
2021-11;Região de Saúde LVT;Centro Hospitalar do Oeste, EPE;39.4054629, -9.1258493;1156;353
2021-11;Região de Saúde Norte;Centro Hospitalar do Médio Ave, EPE;41.3423984, -8.4802503;889;312
2021-11;Região de Saúde Norte;Centro Hospitalar Tâmega e Sousa, EPE;41.2494561, -8.264901;1803;401
2021-11;Região de Saúde Norte;Centro Hospitalar Trás-os-Montes e Alto Douro, EPE;41.3031784, -7.7515252;960;422
2021-12;Região de Saúde do Centro;Centro Hospitalar e Universitário de Coimbra, EPE;40.2191523, -8.4098211;4249;1142
2021-12;Região de Saúde LVT;Centro Hospitalar Barreiro/Montijo, EPE;38.6554005, -9.0592392;1403;460
2021-12;Região de Saúde LVT;Centro Hospitalar Universitário de Lisboa Norte, EPE;38.7500861, -9.1616116;2250;576
2021-12;Região de Saúde LVT;Hospital de Loures, PPP;38.821455, -9.176296;2295;549
2021-12;Região de Saúde LVT;Hospital Garcia de Orta, EPE;38.6658713, -9.1822554;2552;733
2021-12;Região de Saúde Norte;Centro Hospitalar Universitário de São João, EPE;41.1831056, -8.6010558;1925;594
2021-12;Região de Saúde Norte;Centro Hospitalar Universitário do Porto, EPE;41.1472498, -8.6172617;3059;921
2021-12;Região de Saúde Norte;Centro Hospitalar Entre Douro e Vouga, EPE;40.9293884, -8.5458794;1349;468
2021-12;Região de Saúde Norte;Centro Hospitalar Póvoa de Varzim/Vila do Conde, EPE;41.3828711, -8.7589945;1470;527
2021-12;Região de Saúde Norte;Centro Hospitalar Tâmega e Sousa, EPE;41.2494561, -8.264901;1997;456
2021-12;Região de Saúde Norte;Centro Hospitalar Trás-os-Montes e Alto Douro, EPE;41.3031784, -7.7515252;1057;464
2021-12;Região de Saúde Norte;Unidade Local de Saúde do Alto Minho, EPE;41.7056054, -8.8252713;1250;413
2022-01;Região de Saúde do Algarve;Centro Hospitalar Universitário do Algarve,EPE;37.0238973, -7.9281554;227;68
2022-01;Região de Saúde do Centro;Centro Hospitalar Universitário Cova da Beira, EPE;40.2804158, -7.4922407;36;17
2022-01;Região de Saúde do Centro;Unidade Local de Saúde de Castelo Branco, EPE;39.8212263, -7.4981271;25;6
2022-01;Região de Saúde LVT;Centro Hospitalar Universitário Lisboa Central, EPE;38.7166948, -9.1371248;233;85
2022-01;Região de Saúde LVT;Centro Hospitalar Médio Tejo, EPE;39.478072, -8.5404429;51;20
2022-01;Região de Saúde LVT;Hospital de Loures, EPE;38.821455, -9.176296;197;43
2022-01;Região de Saúde Norte;Centro Hospitalar Universitário de São João, EPE;41.1831056, -8.6010558;171;62
2022-01;Região de Saúde Norte;Centro Hospitalar Universitário do Porto, EPE;41.1472498, -8.6172617;249;69
2022-01;Região de Saúde Norte;Centro Hospitalar Póvoa de Varzim/Vila do Conde, EPE;41.3828711, -8.7589945;105;40
2022-01;Região de Saúde Norte;Hospital de Braga, EPE;41.56785, -8.398982;197;70
2022-02;Região de Saúde do Alentejo;Unidade Local de Saúde do Baixo Alentejo, EPE;38.014123, -7.8721227;164;57
2022-02;Região de Saúde do Centro;Centro Hospitalar do Baixo Vouga, EPE;40.6362453, -8.6543716;240;73
2022-02;Região de Saúde LVT;Centro Hospitalar de Lisboa Ocidental, EPE;38.708454, -9.216985;311;97
2022-02;Região de Saúde LVT;Centro Hospitalar de Setúbal, EPE;38.5283754, -8.8818638;190;47
2022-02;Região de Saúde LVT;Centro Hospitalar Universitário de Lisboa Norte, EPE;38.7500861, -9.1616116;376;118
2022-02;Região de Saúde LVT;Hospital de Vila Franca de Xira, EPE;38.977235, -8.984506;246;87
2022-02;Região de Saúde Norte;Centro Hospitalar Entre Douro e Vouga, EPE;40.9293884, -8.5458794;211;62
2022-03;Região de Saúde do Alentejo;Unidade Local de Saúde do Norte Alentejano, EPE;39.3003425, -7.4263845;94;37
2022-03;Região de Saúde do Algarve;Centro Hospitalar Universitário do Algarve,EPE;37.0238973, -7.9281554;774;224
2022-03;Região de Saúde LVT;Centro Hospitalar Universitário Lisboa Central, EPE;38.7166948, -9.1371248;682;240
2022-03;Região de Saúde LVT;Hospital Professor Doutor Fernando Fonseca, EPE;38.7422257, -9.2264834;551;183
2022-03;Região de Saúde Norte;Centro Hospitalar Entre Douro e Vouga, EPE;40.9293884, -8.5458794;344;93
2022-03;Região de Saúde Norte;Hospital de Braga, EPE;41.56785, -8.398982;670;215
2022-04;Região de Saúde do Centro;Centro Hospitalar do Baixo Vouga, EPE;40.6362453, -8.6543716;498;154
2022-04;Região de Saúde do Centro;Centro Hospitalar Tondela-Viseu, EPE;40.516364, -8.0827433;519;150
2022-04;Região de Saúde LVT;Centro Hospitalar de Setúbal, EPE;38.5283754, -8.8818638;399;100
2022-04;Região de Saúde LVT;Hospital de Vila Franca de Xira, EPE;38.977235, -8.984506;512;170
2022-05;Região de Saúde do Alentejo;Unidade Local de Saúde do Norte Alentejano, EPE;39.3003425, -7.4263845;158;54
2022-05;Região de Saúde do Centro;Unidade Local de Saúde de Castelo Branco, EPE;39.8212263, -7.4981271;150;41
2022-05;Região de Saúde LVT;Centro Hospitalar Barreiro/Montijo, EPE;38.6554005, -9.0592392;622;182
2022-05;Região de Saúde LVT;Centro Hospitalar de Lisboa Ocidental, EPE;38.708454, -9.216985;881;279
2022-05;Região de Saúde LVT;Centro Hospitalar de Setúbal, EPE;38.5283754, -8.8818638;520;128
2022-05;Região de Saúde LVT;Centro Hospitalar Médio Tejo, EPE;39.478072, -8.5404429;280;97
2022-05;Região de Saúde Norte;Centro Hospitalar Universitário de São João, EPE;41.1831056, -8.6010558;832;254
2022-05;Região de Saúde Norte;Centro Hospitalar do Médio Ave, EPE;41.3423984, -8.4802503;403;150
2022-05;Região de Saúde Norte;Centro Hospitalar Entre Douro e Vouga, EPE;40.9293884, -8.5458794;586;166
2022-05;Região de Saúde Norte;Unidade Local de Saúde de Matosinhos, EPE;41.1794456, -8.6745115;660;170
2022-06;Região de Saúde do Alentejo;Hospital Espírito Santo de Évora, EPE;38.5684861, -7.9032848;490;218
2022-06;Região de Saúde do Alentejo;Unidade Local de Saúde do Baixo Alentejo, EPE;38.014123, -7.8721227;455;161
2022-06;Região de Saúde do Centro;Centro Hospitalar Universitário Cova da Beira, EPE;40.2804158, -7.4922407;244;100
2022-06;Região de Saúde LVT;Centro Hospitalar Universitário Lisboa Central, EPE;38.7166948, -9.1371248;1513;517
2022-06;Região de Saúde LVT;Centro Hospitalar Médio Tejo, EPE;39.478072, -8.5404429;352;123
2022-06;Região de Saúde LVT;Hospital Professor Doutor Fernando Fonseca, EPE;38.7422257, -9.2264834;1171;386
2022-06;Região de Saúde Norte;Centro Hospitalar Vila Nova de Gaia/Espinho, EPE;41.1094138, -8.5972617;803;249
2022-06;Região de Saúde Norte;Hospital de Braga, EPE;41.56785, -8.398982;1371;435
2022-07;Região de Saúde do Alentejo;Hospital Espírito Santo de Évora, EPE;38.5684861, -7.9032848;591;260
2022-07;Região de Saúde do Alentejo;Unidade Local de Saúde do Norte Alentejano, EPE;39.3003425, -7.4263845;229;83
2022-07;Região de Saúde do Algarve;Centro Hospitalar Universitário do Algarve,EPE;37.0238973, -7.9281554;1889;594
2022-07;Região de Saúde do Centro;Centro Hospitalar Universitário Cova da Beira, EPE;40.2804158, -7.4922407;286;115
2022-07;Região de Saúde LVT;Centro Hospitalar Universitário Lisboa Central, EPE;38.7166948, -9.1371248;1787;593
2022-07;Região de Saúde LVT;Hospital de Cascais, PPP;38.729006, -9.418267;1332;452
2022-07;Região de Saúde LVT;Hospital de Vila Franca de Xira, EPE;38.977235, -8.984506;937;302
2022-07;Região de Saúde Norte;Centro Hospitalar Universitário do Porto, EPE;41.1472498, -8.6172617;1721;490
2022-07;Região de Saúde Norte;Centro Hospitalar Póvoa de Varzim/Vila do Conde, EPE;41.3828711, -8.7589945;753;260
2022-07;Região de Saúde Norte;Centro Hospitalar Tâmega e Sousa, EPE;41.2494561, -8.264901;1136;306
2022-08;Região de Saúde do Alentejo;Unidade Local de Saúde do Baixo Alentejo, EPE;38.014123, -7.8721227;619;207
2022-08;Região de Saúde do Centro;Centro Hospitalar Universitário Cova da Beira, EPE;40.2804158, -7.4922407;331;128
2022-08;Região de Saúde do Centro;Centro Hospitalar e Universitário de Coimbra, EPE;40.2191523, -8.4098211;2993;864
2022-08;Região de Saúde LVT;Centro Hospitalar Barreiro/Montijo, EPE;38.6554005, -9.0592392;1025;289
2022-08;Região de Saúde LVT;Centro Hospitalar de Setúbal, EPE;38.5283754, -8.8818638;839;212
2022-08;Região de Saúde LVT;Centro Hospitalar do Oeste, EPE;39.4054629, -9.1258493;816;286
2022-08;Região de Saúde LVT;Hospital de Cascais, PPP;38.729006, -9.418267;1565;518
2022-08;Região de Saúde LVT;Hospital Garcia de Orta, EPE;38.6658713, -9.1822554;1643;531
2022-08;Região de Saúde Norte;Centro Hospitalar Universitário do Porto, EPE;41.1472498, -8.6172617;1986;564
2022-08;Região de Saúde Norte;Centro Hospitalar Trás-os-Montes e Alto Douro, EPE;41.3031784, -7.7515252;746;341
2022-09;Região de Saúde do Centro;Centro Hospitalar do Baixo Vouga, EPE;40.6362453, -8.6543716;1161;358
2022-09;Região de Saúde do Centro;Unidade Local de Saúde de Castelo Branco, EPE;39.8212263, -7.4981271;251;59
2022-09;Região de Saúde LVT;Centro Hospitalar Barreiro/Montijo, EPE;38.6554005, -9.0592392;1167;334
2022-09;Região de Saúde LVT;Centro Hospitalar Médio Tejo, EPE;39.478072, -8.5404429;497;179
2022-09;Região de Saúde LVT;Hospital de Loures, EPE;38.821455, -9.176296;1531;440
2022-09;Região de Saúde Norte;Centro Hospitalar Entre Douro e Vouga, EPE;40.9293884, -8.5458794;1097;321
2022-09;Região de Saúde Norte;Hospital de Braga, EPE;41.56785, -8.398982;2120;636
2022-10;Região de Saúde do Algarve;Centro Hospitalar Universitário do Algarve,EPE;37.0238973, -7.9281554;2837;866
2022-10;Região de Saúde LVT;Centro Hospitalar Universitário de Lisboa Norte, EPE;38.7500861, -9.1616116;2195;636
2022-10;Região de Saúde LVT;Hospital de Cascais, PPP;38.729006, -9.418267;2056;651
2022-10;Região de Saúde Norte;Hospital de Braga, EPE;41.56785, -8.398982;2384;727
2022-11;Região de Saúde do Centro;Centro Hospitalar Universitário Cova da Beira, EPE;40.2804158, -7.4922407;480;200
2022-11;Região de Saúde do Centro;Centro Hospitalar e Universitário de Coimbra, EPE;40.2191523, -8.4098211;4202;1189
2022-11;Região de Saúde LVT;Centro Hospitalar Universitário Lisboa Central, EPE;38.7166948, -9.1371248;3008;1045
2022-11;Região de Saúde LVT;Centro Hospitalar de Lisboa Ocidental, EPE;38.708454, -9.216985;1930;631
2022-11;Região de Saúde Norte;Centro Hospitalar Universitário de São João, EPE;41.1831056, -8.6010558;1851;582
2022-12;Região de Saúde do Alentejo;Unidade Local de Saúde do Baixo Alentejo, EPE;38.014123, -7.8721227;914;299
2022-12;Região de Saúde do Centro;Centro Hospitalar Universitário Cova da Beira, EPE;40.2804158, -7.4922407;515;209
2022-12;Região de Saúde do Centro;Centro Hospitalar de Leiria, EPE;39.7414812, -8.7982706;1912;584
2022-12;Região de Saúde LVT;Centro Hospitalar do Oeste, EPE;39.4054629, -9.1258493;1230;432
2022-12;Região de Saúde LVT;Centro Hospitalar Universitário de Lisboa Norte, EPE;38.7500861, -9.1616116;2611;740
2022-12;Região de Saúde LVT;Centro Hospitalar Médio Tejo, EPE;39.478072, -8.5404429;688;244
2022-12;Região de Saúde LVT;Hospital de Vila Franca de Xira, EPE;38.977235, -8.984506;1650;525
2022-12;Região de Saúde LVT;Hospital Professor Doutor Fernando Fonseca, EPE;38.7422257, -9.2264834;2638;898
2022-12;Região de Saúde LVT;Hospital Garcia de Orta, EPE;38.6658713, -9.1822554;2480;819
2022-12;Região de Saúde Norte;Centro Hospitalar Universitário de São João, EPE;41.1831056, -8.6010558;2014;631
2022-12;Região de Saúde Norte;Centro Hospitalar Entre Douro e Vouga, EPE;40.9293884, -8.5458794;1483;436
2022-12;Região de Saúde Norte;Unidade Local de Saúde do Nordeste, EPE;41.8056532, -6.7888197;379;161
2023-01;Região de Saúde do Algarve;Centro Hospitalar Universitário do Algarve,EPE;37.0238973, -7.9281554;330;95
2023-01;Região de Saúde do Centro;Centro Hospitalar e Universitário de Coimbra, EPE;40.2191523, -8.4098211;413;114
2023-01;Região de Saúde LVT;Centro Hospitalar de Lisboa Ocidental, EPE;38.708454, -9.216985;153;51
2023-01;Região de Saúde Norte;Hospital da Senhora da Oliveira, Guimarães, EPE;41.4387173, -8.3086907;157;57
2023-01;Região de Saúde Norte;Unidade Local de Saúde do Nordeste, EPE;41.8056532, -6.7888197;40;19
2023-02;Região de Saúde LVT;Centro Hospitalar Barreiro/Montijo, EPE;38.6554005, -9.0592392;264;89
2023-02;Região de Saúde LVT;Centro Hospitalar de Setúbal, EPE;38.5283754, -8.8818638;198;54
2023-02;Região de Saúde LVT;Hospital de Cascais, PPP;38.729006, -9.418267;389;96
2023-02;Região de Saúde LVT;Hospital de Vila Franca de Xira, EPE;38.977235, -8.984506;229;73
2023-03;Região de Saúde do Alentejo;Unidade Local de Saúde do Baixo Alentejo, EPE;38.014123, -7.8721227;222;71
2023-03;Região de Saúde LVT;Centro Hospitalar de Setúbal, EPE;38.5283754, -8.8818638;283;78
2023-03;Região de Saúde LVT;Centro Hospitalar Médio Tejo, EPE;39.478072, -8.5404429;156;47
2023-03;Região de Saúde LVT;Hospital de Loures, EPE;38.821455, -9.176296;474;125
2023-03;Região de Saúde Norte;Centro Hospitalar Universitário de São João, EPE;41.1831056, -8.6010558;459;158
2023-03;Região de Saúde Norte;Centro Hospitalar Póvoa de Varzim/Vila do Conde, EPE;41.3828711, -8.7589945;293;114
2023-03;Região de Saúde Norte;Centro Hospitalar Universitário de Santo António, EPE;41.1472498, -8.6172617;743;227
2023-04;Região de Saúde do Centro;Centro Hospitalar de Leiria, EPE;39.7414812, -8.7982706;707;199
2023-04;Região de Saúde do Centro;Centro Hospitalar Tondela-Viseu, EPE;40.516364, -8.0827433;562;176
2023-04;Região de Saúde LVT;Centro Hospitalar de Setúbal, EPE;38.5283754, -8.8818638;369;112
2023-04;Região de Saúde LVT;Centro Hospitalar Médio Tejo, EPE;39.478072, -8.5404429;209;70
2023-04;Região de Saúde Norte;Centro Hospitalar do Médio Ave, EPE;41.3423984, -8.4802503;427;173
2023-04;Região de Saúde Norte;Unidade Local de Saúde do Nordeste, EPE;41.8056532, -6.7888197;148;60
2023-05;Região de Saúde do Alentejo;Unidade Local de Saúde do Baixo Alentejo, EPE;38.014123, -7.8721227;383;128
2023-05;Região de Saúde do Centro;Centro Hospitalar de Leiria, EPE;39.7414812, -8.7982706;872;243
2023-05;Região de Saúde do Centro;Unidade Local de Saúde da Guarda, EPE;40.5309916, -7.2734793;193;70
2023-05;Região de Saúde LVT;Centro Hospitalar Barreiro/Montijo, EPE;38.6554005, -9.0592392;629;214
2023-05;Região de Saúde LVT;Centro Hospitalar de Lisboa Ocidental, EPE;38.708454, -9.216985;779;270
2023-05;Região de Saúde LVT;Centro Hospitalar Universitário de Lisboa Norte, EPE;38.7500861, -9.1616116;1071;288
2023-05;Região de Saúde LVT;Hospital de Loures, EPE;38.821455, -9.176296;870;237
2023-05;Região de Saúde LVT;Hospital Garcia de Orta, EPE;38.6658713, -9.1822554;1261;395
2023-05;Região de Saúde Norte;Centro Hospitalar Universitário de São João, EPE;41.1831056, -8.6010558;774;251
2023-05;Região de Saúde Norte;Centro Hospitalar Entre Douro e Vouga, EPE;40.9293884, -8.5458794;569;169
2023-06;Região de Saúde do Alentejo;Unidade Local de Saúde do Baixo Alentejo, EPE;38.014123, -7.8721227;453;159
2023-06;Região de Saúde do Centro;Centro Hospitalar Universitário Cova da Beira, EPE;40.2804158, -7.4922407;276;118
2023-06;Região de Saúde LVT;Centro Hospitalar Barreiro/Montijo, EPE;38.6554005, -9.0592392;749;259
2023-06;Região de Saúde LVT;Centro Hospitalar de Lisboa Ocidental, EPE;38.708454, -9.216985;931;324
2023-06;Região de Saúde LVT;Hospital de Vila Franca de Xira, EPE;38.977235, -8.984506;725;224
2023-06;Região de Saúde LVT;Hospital Distrital de Santarém, EPE;39.2410946, -8.6937515;555;180
2023-06;Região de Saúde LVT;Hospital Professor Doutor Fernando Fonseca, EPE;38.7422257, -9.2264834;1299;460
2023-06;Região de Saúde Norte;Hospital da Senhora da Oliveira, Guimarães, EPE;41.4387173, -8.3086907;927;346
2023-06;Região de Saúde Norte;Unidade Local de Saúde do Alto Minho, EPE;41.7056054, -8.8252713;668;213
2023-07;Região de Saúde do Alentejo;Unidade Local de Saúde do Baixo Alentejo, EPE;38.014123, -7.8721227;526;185
2023-07;Região de Saúde LVT;Centro Hospitalar Universitário Lisboa Central, EPE;38.7166948, -9.1371248;1978;639
2023-07;Região de Saúde Norte;Centro Hospitalar Universitário de Santo António, EPE;41.1472498, -8.6172617;1679;531
2023-08;Região de Saúde do Alentejo;Unidade Local de Saúde do Baixo Alentejo, EPE;38.014123, -7.8721227;596;208
2023-08;Região de Saúde do Centro;Centro Hospitalar e Universitário de Coimbra, EPE;40.2191523, -8.4098211;3065;869
2023-08;Região de Saúde do Centro;Unidade Local de Saúde da Guarda, EPE;40.5309916, -7.2734793;320;115
2023-08;Região de Saúde LVT;Centro Hospitalar de Lisboa Ocidental, EPE;38.708454, -9.216985;1453;494
2023-08;Região de Saúde LVT;Centro Hospitalar Universitário de Lisboa Norte, EPE;38.7500861, -9.1616116;1414;405
2023-08;Região de Saúde LVT;Hospital de Cascais, PPP;38.729006, -9.418267;1747;493
2023-08;Região de Saúde Norte;Centro Hospitalar Póvoa de Varzim/Vila do Conde, EPE;41.3828711, -8.7589945;843;304
2023-08;Região de Saúde Norte;Centro Hospitalar Trás-os-Montes e Alto Douro, EPE;41.3031784, -7.7515252;723;364
2023-08;Região de Saúde Norte;Unidade Local de Saúde do Alto Minho, EPE;41.7056054, -8.8252713;921;295
2023-09;Região de Saúde do Algarve;Centro Hospitalar Universitário do Algarve,EPE;37.0238973, -7.9281554;2776;873
2023-09;Região de Saúde LVT;Centro Hospitalar do Oeste, EPE;39.4054629, -9.1258493;455;144
2023-09;Região de Saúde LVT;Centro Hospitalar Universitário de Lisboa Norte, EPE;38.7500861, -9.1616116;1414;405
2023-09;Região de Saúde Norte;Centro Hospitalar Entre Douro e Vouga, EPE;40.9293884, -8.5458794;1055;342
2023-09;Região de Saúde Norte;Centro Hospitalar Tâmega e Sousa, EPE;41.2494561, -8.264901;1646;470
2023-09;Região de Saúde Norte;Centro Hospitalar Trás-os-Montes e Alto Douro, EPE;41.3031784, -7.7515252;827;416
2023-09;Região de Saúde Norte;Centro Hospitalar Vila Nova de Gaia/Espinho, EPE;41.1094138, -8.5972617;1480;519
2023-09;Região de Saúde Norte;Unidade Local de Saúde do Nordeste, EPE;41.8056532, -6.7888197;312;126
2023-10;Região de Saúde do Centro;Centro Hospitalar de Leiria, EPE;39.7414812, -8.7982706;2044;588
2023-10;Região de Saúde LVT;Centro Hospitalar Barreiro/Montijo, EPE;38.6554005, -9.0592392;1282;428
2023-10;Região de Saúde LVT;Hospital de Cascais, PPP;38.729006, -9.418267;2273;636
2023-10;Região de Saúde Norte;Centro Hospitalar Universitário de São João, EPE;41.1831056, -8.6010558;1675;530
2023-10;Região de Saúde Norte;Centro Hospitalar Entre Douro e Vouga, EPE;40.9293884, -8.5458794;1164;378
2023-10;Região de Saúde Norte;Unidade Local de Saúde do Alto Minho, EPE;41.7056054, -8.8252713;1189;381
2023-11;Região de Saúde do Alentejo;Unidade Local de Saúde do Baixo Alentejo, EPE;38.014123, -7.8721227;906;307
2023-11;Região de Saúde do Alentejo;Unidade Local de Saúde do Norte Alentejano, EPE;39.3003425, -7.4263845;341;120
2023-11;Região de Saúde LVT;Centro Hospitalar Barreiro/Montijo, EPE;38.6554005, -9.0592392;1410;473
2023-11;Região de Saúde LVT;Centro Hospitalar de Setúbal, EPE;38.5283754, -8.8818638;1169;356
2023-11;Região de Saúde LVT;Hospital de Cascais, PPP;38.729006, -9.418267;2537;706
2023-11;Região de Saúde LVT;Hospital de Loures, EPE;38.821455, -9.176296;2038;567
2023-11;Região de Saúde Norte;Centro Hospitalar Universitário de São João, EPE;41.1831056, -8.6010558;1895;597
2023-11;Região de Saúde Norte;Centro Hospitalar Universitário de Santo António, EPE;41.1472498, -8.6172617;2690;849
2023-11;Região de Saúde Norte;Hospital de Braga, EPE;41.56785, -8.398982;2434;786
2023-11;Região de Saúde Norte;Unidade Local de Saúde do Alto Minho, EPE;41.7056054, -8.8252713;1330;428
2023-12;Região de Saúde do Alentejo;Unidade Local de Saúde do Norte Alentejano, EPE;39.3003425, -7.4263845;372;131
2023-12;Região de Saúde do Centro;Centro Hospitalar de Leiria, EPE;39.7414812, -8.7982706;2258;666
2023-12;Região de Saúde do Centro;Centro Hospitalar do Baixo Vouga, EPE;40.6362453, -8.6543716;1646;495
2023-12;Região de Saúde LVT;Hospital de Vila Franca de Xira, EPE;38.977235, -8.984506;1618;474
2023-12;Região de Saúde LVT;Hospital Distrital de Santarém, EPE;39.2410946, -8.6937515;1113;365
2023-12;Região de Saúde Norte;Centro Hospitalar Trás-os-Montes e Alto Douro, EPE;41.3031784, -7.7515252;1118;549
2023-12;Região de Saúde Norte;Unidade Local de Saúde de Matosinhos, EPE;41.1794456, -8.6745115;1578;401
2023-12;Região de Saúde Norte;Unidade Local de Saúde do Alto Minho, EPE;41.7056054, -8.8252713;1448;474
2024-01;Região de Saúde LVT;Hospital de Cascais, PPP;38.730076, -9.418207;267;85
2024-01;Região de Saúde do Centro;Unidade Local de Saúde Castelo Branco, EPE;39.822737, -7.499876;46;8
2024-01;Região de Saúde do Centro;Unidade Local de Saúde da Cova da Beira, EPE;40.2776794433594, -7.0;51;19
2024-01;Região de Saúde LVT;Unidade Local de Saúde de São José, EPE;38.7169, -9.13654;346;96
2025-01;Região de Saúde do Centro;Unidade Local de Saúde da Região de Leiria, EPE;39.7418, -8.79444;124;54
2025-01;Região de Saúde LVT;Unidade Local de Saúde de Almada-Seixal, EPE;38.67381, -9.17597;178;65
2025-01;Região de Saúde Norte;Unidade Local de Saúde de Braga, EPE;41.562328338623, -8.3;240;83
2025-01;Região de Saúde do Centro;Unidade Local de Saúde de Coimbra, EPE;40.217426, -8.410075;394;100
2025-01;Região de Saúde LVT;Unidade Local de Saúde de Lisboa Ocidental, EPE;38.7084, -9.21711;157;60
2025-01;Região de Saúde Norte;Unidade Local de Saúde de Matosinhos, EPE;41.181859, -8.663374;111;29
2025-01;Região de Saúde Norte;Unidade Local de Saúde de São João, EPE;41.1833, -8.60193;183;70
2025-01;Região de Saúde LVT;Unidade Local de Saúde de São José, EPE;38.7169, -9.13654;347;117
2025-01;Região de Saúde Norte;Unidade Local de Saúde de Trás-os-Montes e Alto Douro, EPE;41.310331, -7.760103;82;29
2025-01;Região de Saúde do Alentejo;Unidade Local de Saúde do Alto Alentejo, EPE;39.2999, -7.4267;51;20
2025-01;Região de Saúde do Centro;Unidade Local de Saúde do Baixo Mondego, EPE;40.130297609, -8.8606;;
2026-01;Região de Saúde do Centro;Unidade Local de Saúde da Guarda, EPE;40.5309943471486, -7.0;55;20
2026-01;Região de Saúde Norte;Unidade Local de Saúde de Barcelos/Esposende, EPE;41.533438, -8.616604;;
2026-01;Região de Saúde do Centro;Unidade Local de Saúde de Coimbra, EPE;40.217426, -8.410075;452;105
2026-01;Região de Saúde do Centro;Unidade Local de Saúde de Dão-Lafões, EPE;40.6509, -7.91039;149;41
2026-01;Região de Saúde Norte;Unidade Local de Saúde de São João, EPE;41.1833, -8.60193;190;75
2026-01;Região de Saúde LVT;Unidade Local de Saúde de São José, EPE;38.7169, -9.13654;286;92
2026-01;Região de Saúde do Algarve;Unidade Local de Saúde do Algarve, EPE;37.024668, -7.928949;278;94
2026-01;Região de Saúde LVT;Unidade Local de Saúde do Arco Ribeirinho, EPE;38.6527214050293, -9.0;67;28
2026-01;Região de Saúde LVT;Unidade Local de Saúde do Médio Tejo, EPE;39.605565, -8.404399;74;28
2024-02;Região de Saúde do Centro;Unidade Local de Saúde da Guarda, EPE;40.5309943471486, -7.0;75;29
2024-02;Região de Saúde do Centro;Unidade Local de Saúde de Coimbra, EPE;40.217426, -8.410075;828;241
2024-02;Região de Saúde LVT;Unidade Local de Saúde de Santa Maria, EPE;38.7500648498535, -9.0;2;2
2024-02;Região de Saúde Norte;Unidade Local de Saúde de São João, EPE;41.1833, -8.60193;307;105
2024-02;Região de Saúde do Alentejo;Unidade Local de Saúde do Alentejo Central, EPE;38.568838, -7.903064;183;70
2024-02;Região de Saúde do Algarve;Unidade Local de Saúde do Algarve, EPE;37.024668, -7.928949;578;205
2024-02;Região de Saúde do Alentejo;Unidade Local de Saúde do Alto Alentejo, EPE;39.2999, -7.4267;72;23
2024-02;Região de Saúde do Centro;Unidade Local de Saúde do Baixo Mondego, EPE;40.130297609, -8.8606;;
2024-02;Região de Saúde do Alentejo;Unidade Local de Saúde do Litoral Alentejano, EPE;38.039936, -8.731693;;
2024-02;Região de Saúde LVT;Unidade Local de Saúde do Médio Tejo, EPE;39.605565, -8.404399;102;28
2025-02;Região de Saúde LVT;Hospital de Cascais, PPP;38.730076, -9.418207;233;69
2025-02;Região de Saúde LVT;Unidade Local de Saúde da Arrábida, EPE;38.529351, -8.881073;210;64
2025-02;Região de Saúde Norte;Unidade Local de Saúde da Póvoa de Varzim/Vila do Conde, EPE;41.383183, -8.758784;183;73
2025-02;Região de Saúde LVT;Unidade Local de Saúde de Lisboa Ocidental, EPE;38.7084, -9.21711;304;113
2025-02;Região de Saúde Norte;Unidade Local de Saúde de Matosinhos, EPE;41.181859, -8.663374;222;51
2025-02;Região de Saúde Norte;Unidade Local de Saúde de Vila Nova de Gaia/Espinho, EPE;41.1254463195801, -8.0;367;102
2025-02;Região de Saúde do Centro;Unidade Local de Saúde do Baixo Mondego, EPE;40.130297609, -8.8606;;
2024-03;Região de Saúde do Centro;Unidade Local de Saúde Castelo Branco, EPE;39.822737, -7.499876;129;26
2024-03;Região de Saúde do Centro;Unidade Local de Saúde da Cova da Beira, EPE;40.2776794433594, -7.0;140;52
2024-03;Região de Saúde do Centro;Unidade Local de Saúde da Guarda, EPE;40.5309943471486, -7.0;119;44
2024-03;Região de Saúde LVT;Unidade Local de Saúde de Lisboa Ocidental, EPE;38.7084, -9.21711;574;213
2024-03;Região de Saúde Norte;Unidade Local de Saúde de São João, EPE;41.1833, -8.60193;460;168
2024-03;Região de Saúde Norte;Unidade Local de Saúde de Trás-os-Montes e Alto Douro, EPE;41.310331, -7.760103;291;110
2024-03;Região de Saúde do Algarve;Unidade Local de Saúde do Algarve, EPE;37.024668, -7.928949;894;302
2025-03;Região de Saúde do Centro;Unidade Local de Saúde da Cova da Beira, EPE;40.2776794433594, -7.0;123;33
2025-03;Região de Saúde do Centro;Unidade Local de Saúde da Região de Aveiro, EPE;40.636332, -8.654388;441;134
2025-03;Região de Saúde LVT;Unidade Local de Saúde de Amadora/Sintra, EPE;38.7436332060551, -9.0;772;278
2025-03;Região de Saúde Norte;Unidade Local de Saúde de Matosinhos, EPE;41.181859, -8.663374;338;83
2025-03;Região de Saúde Norte;Unidade Local de Saúde de Trás-os-Montes e Alto Douro, EPE;41.310331, -7.760103;256;105
2024-04;Região de Saúde do Centro;Unidade Local de Saúde Castelo Branco, EPE;39.822737, -7.499876;165;32
2024-04;Região de Saúde Norte;Unidade Local de Saúde de Entre Douro e Vouga, EPE;40.9295, -8.54567;387;140
2024-04;Região de Saúde Norte;Unidade Local de Saúde de Santo António, EPE;41.147283, -8.619536;881;263
2024-04;Região de Saúde LVT;Unidade Local de Saúde de São José, EPE;38.7169, -9.13654;1335;397
2024-04;Região de Saúde Norte;Unidade Local de Saúde de Trás-os-Montes e Alto Douro, EPE;41.310331, -7.760103;374;150
2025-04;Região de Saúde do Centro;Unidade Local de Saúde Castelo Branco, EPE;39.822737, -7.499876;165;35
2025-04;Região de Saúde do Centro;Unidade Local de Saúde da Cova da Beira, EPE;40.2776794433594, -7.0;160;41
2025-04;Região de Saúde Norte;Unidade Local de Saúde da Póvoa de Varzim/Vila do Conde, EPE;41.383183, -8.758784;389;159
2025-04;Região de Saúde Norte;Unidade Local de Saúde de Braga, EPE;41.562328338623, -8.3;907;305
2025-04;Região de Saúde Norte;Unidade Local de Saúde de Matosinhos, EPE;41.181859, -8.663374;449;116
2025-04;Região de Saúde Norte;Unidade Local de Saúde de Trás-os-Montes e Alto Douro, EPE;41.310331, -7.760103;362;151
2025-04;Região de Saúde Norte;Unidade Local de Saúde do Tâmega e Sousa, EPE;41.1971153671548, -8.0;611;169
2024-05;Região de Saúde Norte;Unidade Local de Saúde de Barcelos/Esposende, EPE;41.533438, -8.616604;;
2024-05;Região de Saúde Norte;Unidade Local de Saúde de Matosinhos, EPE;41.181859, -8.663374;558;150
2024-05;Região de Saúde LVT;Unidade Local de Saúde de Santa Maria, EPE;38.7500648498535, -9.0;7;6
2024-05;Região de Saúde LVT;Unidade Local de Saúde de São José, EPE;38.7169, -9.13654;1670;493
2024-05;Região de Saúde Norte;Unidade Local de Saúde de Trás-os-Montes e Alto Douro, EPE;41.310331, -7.760103;460;191
2024-05;Região de Saúde do Algarve;Unidade Local de Saúde do Algarve, EPE;37.024668, -7.928949;1471;524
2024-05;Região de Saúde do Centro;Unidade Local de Saúde do Baixo Mondego, EPE;40.130297609, -8.8606;;
2025-05;Região de Saúde do Centro;Unidade Local de Saúde da Região de Aveiro, EPE;40.636332, -8.654388;725;226
2025-05;Região de Saúde do Centro;Unidade Local de Saúde de Dão-Lafões, EPE;40.6509, -7.91039;779;262
2025-05;Região de Saúde LVT;Unidade Local de Saúde de Santa Maria, EPE;38.7500648498535, -9.0;987;268
2025-05;Região de Saúde do Alentejo;Unidade Local de Saúde do Alentejo Central, EPE;38.568838, -7.903064;440;161
2025-05;Região de Saúde Norte;Unidade Local de Saúde do Alto Ave, EPE;41.488574, -8.338685;776;311
2025-05;Região de Saúde do Alentejo;Unidade Local de Saúde do Baixo Alentejo, EPE;38.0146, -7.86863;430;174
2025-05;Região de Saúde do Centro;Unidade Local de Saúde do Baixo Mondego, EPE;40.130297609, -8.8606;;
2025-05;Região de Saúde LVT;Unidade Local de Saúde do Médio Tejo, EPE;39.605565, -8.404399;319;107
2024-06;Região de Saúde Norte;Unidade Local de Saúde de Barcelos/Esposende, EPE;41.533438, -8.616604;;
2024-06;Região de Saúde Norte;Unidade Local de Saúde de Entre Douro e Vouga, EPE;40.9295, -8.54567;621;216
2024-06;Região de Saúde Norte;Unidade Local de Saúde de Trás-os-Montes e Alto Douro, EPE;41.310331, -7.760103;561;242
2024-06;Região de Saúde Norte;Unidade Local de Saúde de Vila Nova de Gaia/Espinho, EPE;41.1254463195801, -8.0;998;338
2024-06;Região de Saúde do Centro;Unidade Local de Saúde do Baixo Mondego, EPE;40.130297609, -8.8606;;
2024-06;Região de Saúde LVT;Unidade Local de Saúde do Oeste, EPE;39.4055519104004, -9.0;451;173
2025-06;Região de Saúde do Centro;Unidade Local de Saúde da Região de Leiria, EPE;39.7418, -8.79444;646;236
2025-06;Região de Saúde LVT;Unidade Local de Saúde de Amadora/Sintra, EPE;38.7436332060551, -9.0;1468;567
2025-06;Região de Saúde Norte;Unidade Local de Saúde de Barcelos/Esposende, EPE;41.533438, -8.616604;;
2025-06;Região de Saúde do Centro;Unidade Local de Saúde de Coimbra, EPE;40.217426, -8.410075;2437;612
2025-06;Região de Saúde do Centro;Unidade Local de Saúde de Dão-Lafões, EPE;40.6509, -7.91039;939;311
2025-06;Região de Saúde Norte;Unidade Local de Saúde de Matosinhos, EPE;41.181859, -8.663374;701;197
2025-06;Região de Saúde Norte;Unidade Local de Saúde de São João, EPE;41.1833, -8.60193;1091;416
2025-06;Região de Saúde do Alentejo;Unidade Local de Saúde do Alto Alentejo, EPE;39.2999, -7.4267;209;88
2025-06;Região de Saúde Norte;Unidade Local de Saúde do Alto Ave, EPE;41.488574, -8.338685;942;376
2025-06;Região de Saúde Norte;Unidade Local de Saúde do Médio Ave, EPE;41.3422317504883, -8.0;610;260
2024-07;Região de Saúde do Centro;Unidade Local de Saúde da Cova da Beira, EPE;40.2776794433594, -7.0;296;108
2024-07;Região de Saúde do Centro;Unidade Local de Saúde da Região de Leiria, EPE;39.7418, -8.79444;894;314
2024-07;Região de Saúde Norte;Unidade Local de Saúde de Barcelos/Esposende, EPE;41.533438, -8.616604;;
2024-07;Região de Saúde Norte;Unidade Local de Saúde de Braga, EPE;41.562328338623, -8.3;1587;519
2024-07;Região de Saúde do Alentejo;Unidade Local de Saúde do Alentejo Central, EPE;38.568838, -7.903064;615;224
2024-07;Região de Saúde LVT;Unidade Local de Saúde do Estuário do Tejo, EPE;38.977344, -8.984882;913;266
2024-07;Região de Saúde LVT;Unidade Local de Saúde do Médio Tejo, EPE;39.605565, -8.404399;408;130
2025-07;Região de Saúde do Centro;Unidade Local de Saúde Castelo Branco, EPE;39.822737, -7.499876;289;53
2025-07;Região de Saúde do Centro;Unidade Local de Saúde da Cova da Beira, EPE;40.2776794433594, -7.0;291;81
2025-07;Região de Saúde do Centro;Unidade Local de Saúde da Região de Aveiro, EPE;40.636332, -8.654388;973;304
2025-07;Região de Saúde LVT;Unidade Local de Saúde de Almada-Seixal, EPE;38.67381, -9.17597;981;334
2025-07;Região de Saúde Norte;Unidade Local de Saúde de Barcelos/Esposende, EPE;41.533438, -8.616604;;
2025-07;Região de Saúde do Centro;Unidade Local de Saúde de Coimbra, EPE;40.217426, -8.410075;2912;735
2025-07;Região de Saúde LVT;Unidade Local de Saúde de Lisboa Ocidental, EPE;38.7084, -9.21711;1288;468
2025-07;Região de Saúde LVT;Unidade Local de Saúde de Loures-Odivelas, EPE;38.821769, -9.176301;1423;384
2025-07;Região de Saúde Norte;Unidade Local de Saúde de Matosinhos, EPE;41.181859, -8.663374;836;238
2025-07;Região de Saúde Norte;Unidade Local de Saúde de São João, EPE;41.1833, -8.60193;1299;501
2025-07;Região de Saúde LVT;Unidade Local de Saúde do Estuário do Tejo, EPE;38.977344, -8.984882;678;225
2024-08;Região de Saúde LVT;Hospital de Cascais, PPP;38.730076, -9.418207;1950;598
2024-08;Região de Saúde LVT;Unidade Local de Saúde de Lisboa Ocidental, EPE;38.7084, -9.21711;1494;561
2024-08;Região de Saúde LVT;Unidade Local de Saúde de São José, EPE;38.7169, -9.13654;2765;777
2024-08;Região de Saúde Norte;Unidade Local de Saúde de Trás-os-Montes e Alto Douro, EPE;41.310331, -7.760103;760;331
2024-08;Região de Saúde do Alentejo;Unidade Local de Saúde do Alentejo Central, EPE;38.568838, -7.903064;707;258
2024-08;Região de Saúde do Alentejo;Unidade Local de Saúde do Litoral Alentejano, EPE;38.039936, -8.731693;;
2024-08;Região de Saúde LVT;Unidade Local de Saúde do Médio Tejo, EPE;39.605565, -8.404399;481;160
2024-08;Região de Saúde Norte;Unidade Local de Saúde do Nordeste, EPE;41.802452, -6.768198;238;99
2025-08;Região de Saúde do Centro;Unidade Local de Saúde da Cova da Beira, EPE;40.2776794433594, -7.0;334;99
2025-08;Região de Saúde Norte;Unidade Local de Saúde da Póvoa de Varzim/Vila do Conde, EPE;41.383183, -8.758784;823;314
2025-08;Região de Saúde do Centro;Unidade Local de Saúde da Região de Aveiro, EPE;40.636332, -8.654388;1043;335
2025-08;Região de Saúde Norte;Unidade Local de Saúde de Braga, EPE;41.562328338623, -8.3;1889;639
2025-08;Região de Saúde do Centro;Unidade Local de Saúde de Coimbra, EPE;40.217426, -8.410075;3401;847
2025-08;Região de Saúde LVT;Unidade Local de Saúde de Lisboa Ocidental, EPE;38.7084, -9.21711;1489;531
2025-08;Região de Saúde Norte;Unidade Local de Saúde de Matosinhos, EPE;41.181859, -8.663374;955;281
2025-08;Região de Saúde LVT;Unidade Local de Saúde de Santa Maria, EPE;38.7500648498535, -9.0;1698;471
2025-08;Região de Saúde Norte;Unidade Local de Saúde de Trás-os-Montes e Alto Douro, EPE;41.310331, -7.760103;797;361
2025-08;Região de Saúde do Alentejo;Unidade Local de Saúde do Alentejo Central, EPE;38.568838, -7.903064;707;266
2025-08;Região de Saúde do Alentejo;Unidade Local de Saúde do Baixo Alentejo, EPE;38.0146, -7.86863;696;287
2025-08;Região de Saúde Norte;Unidade Local de Saúde do Médio Ave, EPE;41.3422317504883, -8.0;815;324
2024-09;Região de Saúde do Centro;Unidade Local de Saúde da Guarda, EPE;40.5309943471486, -7.0;362;133
2024-09;Região de Saúde Norte;Unidade Local de Saúde da Póvoa de Varzim/Vila do Conde, EPE;41.383183, -8.758784;971;348
2024-09;Região de Saúde do Centro;Unidade Local de Saúde da Região de Leiria, EPE;39.7418, -8.79444;1090;382
2024-09;Região de Saúde Norte;Unidade Local de Saúde de Barcelos/Esposende, EPE;41.533438, -8.616604;;
2024-09;Região de Saúde Norte;Unidade Local de Saúde de Braga, EPE;41.562328338623, -8.3;2083;683
2024-09;Região de Saúde LVT;Unidade Local de Saúde de Loures-Odivelas, EPE;38.821769, -9.176301;2049;625
2024-09;Região de Saúde LVT;Unidade Local de Saúde de São José, EPE;38.7169, -9.13654;3135;879
2024-09;Região de Saúde Norte;Unidade Local de Saúde de Vila Nova de Gaia/Espinho, EPE;41.1254463195801, -8.0;1608;502
2024-09;Região de Saúde do Centro;Unidade Local de Saúde do Baixo Mondego, EPE;40.130297609, -8.8606;;
2024-09;Região de Saúde Norte;Unidade Local de Saúde do Médio Ave, EPE;41.3422317504883, -8.0;953;387
2025-09;Região de Saúde LVT;Unidade Local de Saúde da Arrábida, EPE;38.529351, -8.881073;973;366
2025-09;Região de Saúde do Centro;Unidade Local de Saúde da Guarda, EPE;40.5309943471486, -7.0;369;124
2025-09;Região de Saúde do Centro;Unidade Local de Saúde de Dão-Lafões, EPE;40.6509, -7.91039;1444;470
2025-09;Região de Saúde LVT;Unidade Local de Saúde do Arco Ribeirinho, EPE;38.6527214050293, -9.0;867;272
2025-09;Região de Saúde do Centro;Unidade Local de Saúde do Baixo Mondego, EPE;40.130297609, -8.8606;;
2025-09;Região de Saúde Norte;Unidade Local de Saúde do Tâmega e Sousa, EPE;41.1971153671548, -8.0;1535;439
2024-10;Região de Saúde do Centro;Unidade Local de Saúde da Cova da Beira, EPE;40.2776794433594, -7.0;415;135
2024-10;Região de Saúde LVT;Unidade Local de Saúde da Lezíria, EPE;39.232503, -8.715083;973;316
2024-10;Região de Saúde do Centro;Unidade Local de Saúde de Coimbra, EPE;40.217426, -8.410075;4216;1148
2024-10;Região de Saúde LVT;Unidade Local de Saúde de Loures-Odivelas, EPE;38.821769, -9.176301;2232;686
2024-10;Região de Saúde do Alentejo;Unidade Local de Saúde do Alto Alentejo, EPE;39.2999, -7.4267;338;118
2024-10;Região de Saúde LVT;Unidade Local de Saúde do Arco Ribeirinho, EPE;38.6527214050293, -9.0;1153;323
2024-10;Região de Saúde LVT;Unidade Local de Saúde do Estuário do Tejo, EPE;38.977344, -8.984882;1372;389
2024-10;Região de Saúde Norte;Unidade Local de Saúde do Médio Ave, EPE;41.3422317504883, -8.0;1080;432
2025-10;Região de Saúde LVT;Unidade Local de Saúde de Almada-Seixal, EPE;38.67381, -9.17597;1661;529
2025-10;Região de Saúde LVT;Unidade Local de Saúde de São José, EPE;38.7169, -9.13654;3202;1029
2025-10;Região de Saúde do Alentejo;Unidade Local de Saúde do Alto Alentejo, EPE;39.2999, -7.4267;373;138
2024-11;Região de Saúde do Centro;Unidade Local de Saúde da Região de Aveiro, EPE;40.636332, -8.654388;1491;424
2024-11;Região de Saúde LVT;Unidade Local de Saúde de Amadora/Sintra, EPE;38.7436332060551, -9.0;3098;1070
2024-11;Região de Saúde do Alentejo;Unidade Local de Saúde do Baixo Alentejo, EPE;38.0146, -7.86863;963;362
2024-11;Região de Saúde Norte;Unidade Local de Saúde do Nordeste, EPE;41.802452, -6.768198;337;140
2025-11;Região de Saúde LVT;Hospital de Cascais, PPP;38.730076, -9.418207;2509;758
2025-11;Região de Saúde Norte;Unidade Local de Saúde da Póvoa de Varzim/Vila do Conde, EPE;41.383183, -8.758784;1163;436
2025-11;Região de Saúde do Centro;Unidade Local de Saúde da Região de Leiria, EPE;39.7418, -8.79444;1343;500
2025-11;Região de Saúde Norte;Unidade Local de Saúde de Matosinhos, EPE;41.181859, -8.663374;1320;386
2025-11;Região de Saúde do Alentejo;Unidade Local de Saúde do Alto Alentejo, EPE;39.2999, -7.4267;411;158
2025-11;Região de Saúde Norte;Unidade Local de Saúde do Alto Minho, EPE;41.697519, -8.832517;1399;462
2025-11;Região de Saúde LVT;Unidade Local de Saúde do Arco Ribeirinho, EPE;38.6527214050293, -9.0;1042;330
2025-11;Região de Saúde do Centro;Unidade Local de Saúde do Baixo Mondego, EPE;40.130297609, -8.8606;;
2025-11;Região de Saúde LVT;Unidade Local de Saúde do Médio Tejo, EPE;39.605565, -8.404399;747;261
2025-11;Região de Saúde Norte;Unidade Local de Saúde do Nordeste, EPE;41.802452, -6.768198;417;196
2024-12;Região de Saúde LVT;Hospital de Cascais, PPP;38.730076, -9.418207;2979;890
2024-12;Região de Saúde do Centro;Unidade Local de Saúde Castelo Branco, EPE;39.822737, -7.499876;485;125
2024-12;Região de Saúde do Centro;Unidade Local de Saúde da Região de Leiria, EPE;39.7418, -8.79444;1413;504
2024-12;Região de Saúde Norte;Unidade Local de Saúde de Entre Douro e Vouga, EPE;40.9295, -8.54567;1332;446
2024-12;Região de Saúde LVT;Unidade Local de Saúde do Arco Ribeirinho, EPE;38.6527214050293, -9.0;1362;387
2024-12;Região de Saúde do Centro;Unidade Local de Saúde do Baixo Mondego, EPE;40.130297609, -8.8606;;
2024-12;Região de Saúde Norte;Unidade Local de Saúde do Tâmega e Sousa, EPE;41.1971153671548, -8.0;1927;536
2025-12;Região de Saúde do Centro;Unidade Local de Saúde Castelo Branco, EPE;39.822737, -7.499876;506;105
2025-12;Região de Saúde do Centro;Unidade Local de Saúde da Cova da Beira, EPE;40.2776794433594, -7.0;531;167
2025-12;Região de Saúde LVT;Unidade Local de Saúde da Lezíria, EPE;39.232503, -8.715083;993;300
2025-12;Região de Saúde Norte;Unidade Local de Saúde da Póvoa de Varzim/Vila do Conde, EPE;41.383183, -8.758784;1275;474
2025-12;Região de Saúde do Centro;Unidade Local de Saúde da Região de Leiria, EPE;39.7418, -8.79444;1489;554
2025-12;Região de Saúde LVT;Unidade Local de Saúde de Amadora/Sintra, EPE;38.7436332060551, -9.0;3002;1133
2025-12;Região de Saúde Norte;Unidade Local de Saúde de Barcelos/Esposende, EPE;41.533438, -8.616604;;
2025-12;Região de Saúde Norte;Unidade Local de Saúde de Matosinhos, EPE;41.181859, -8.663374;1464;432
2025-12;Região de Saúde LVT;Unidade Local de Saúde de Santa Maria, EPE;38.7500648498535, -9.0;2702;769
2025-12;Região de Saúde Norte;Unidade Local de Saúde de Trás-os-Montes e Alto Douro, EPE;41.310331, -7.760103;1219;535
2025-12;Região de Saúde do Algarve;Unidade Local de Saúde do Algarve, EPE;37.024668, -7.928949;3649;1281
2025-12;Região de Saúde do Alentejo;Unidade Local de Saúde do Baixo Alentejo, EPE;38.0146, -7.86863;1041;410
2025-12;Região de Saúde do Centro;Unidade Local de Saúde do Baixo Mondego, EPE;40.130297609, -8.8606;;
2025-12;Região de Saúde do Alentejo;Unidade Local de Saúde do Litoral Alentejano, EPE;38.039936, -8.731693;;
2025-12;Região de Saúde LVT;Unidade Local de Saúde do Médio Tejo, EPE;39.605565, -8.404399;803;277
2025-12;Região de Saúde LVT;Unidade Local de Saúde do Oeste, EPE;39.4055519104004, -9.0;1166;412
2013-01;Região de Saúde do Alentejo;Hospital Espírito Santo de Évora, EPE;38.5684861, -7.9032848;99;31
2013-01;Região de Saúde do Alentejo;Unidade Local de Saúde do Baixo Alentejo, EPE;38.014123, -7.8721227;83;22
2013-01;Região de Saúde do Centro;Centro Hospitalar de Leiria, EPE;39.7414812, -8.7982706;150;41
2013-01;Região de Saúde do Centro;Centro Hospitalar e Universitário de Coimbra, EPE;40.2191523, -8.4098211;405;120
2013-01;Região de Saúde do Centro;Centro Hospitalar Tondela-Viseu, EPE;40.516364, -8.0827433;142;44
2013-01;Região de Saúde LVT;Centro Hospitalar Universitário de Lisboa Norte, EPE;38.7500861, -9.1616116;208;54
2013-01;Região de Saúde LVT;Hospital Professor Doutor Fernando Fonseca, EPE;38.7422257, -9.2264834;216;92
2013-02;Região de Saúde do Alentejo;Unidade Local de Saúde do Baixo Alentejo, EPE;38.014123, -7.8721227;167;37
2013-02;Região de Saúde do Centro;Unidade Local de Saúde de Castelo Branco, EPE;39.8212263, -7.4981271;68;19
2013-02;Região de Saúde LVT;Centro Hospitalar Universitário Lisboa Central, EPE;38.7166948, -9.1371248;614;186
2013-02;Região de Saúde LVT;Hospital de Loures, EPE;38.821455, -9.176296;342;80
2013-02;Região de Saúde Norte;Centro Hospitalar do Médio Ave, EPE;41.3423984, -8.4802503;209;93
2013-03;Região de Saúde do Alentejo;Hospital Espírito Santo de Évora, EPE;38.5684861, -7.9032848;266;83
2013-03;Região de Saúde LVT;Centro Hospitalar Barreiro/Montijo, EPE;38.6554005, -9.0592392;381;134
2013-03;Região de Saúde LVT;Centro Hospitalar Universitário Lisboa Central, EPE;38.7166948, -9.1371248;922;274
2013-03;Região de Saúde LVT;Centro Hospitalar de Lisboa Ocidental, EPE;38.708454, -9.216985;570;194
2013-03;Região de Saúde LVT;Centro Hospitalar Médio Tejo, EPE;39.478072, -8.5404429;182;54
2013-03;Região de Saúde LVT;Hospital de Loures, PPP;38.821455, -9.176296;522;117
2013-03;Região de Saúde LVT;Hospital de Vila Franca de Xira, PPP;38.977235, -8.984506;238;67
2013-03;Região de Saúde LVT;Hospital Garcia de Orta, EPE;38.6658713, -9.1822554;594;155
2013-03;Região de Saúde Norte;Centro Hospitalar Entre Douro e Vouga, EPE;40.9293884, -8.5458794;398;90
2013-03;Região de Saúde Norte;Hospital de Braga, PPP;41.56785, -8.398982;598;190
2013-03;Região de Saúde Norte;Unidade Local de Saúde do Nordeste, EPE;41.8056532, -6.7888197;117;35
2013-04;Região de Saúde do Centro;Centro Hospitalar Tondela-Viseu, EPE;40.516364, -8.0827433;626;189
2013-04;Região de Saúde do Centro;Unidade Local de Saúde da Guarda, EPE;40.5309916, -7.2734793;189;68
2013-04;Região de Saúde LVT;Centro Hospitalar de Lisboa Ocidental, EPE;38.708454, -9.216985;762;258
2013-04;Região de Saúde LVT;Centro Hospitalar de Setúbal, EPE;38.5283754, -8.8818638;511;152
2013-04;Região de Saúde LVT;Centro Hospitalar Médio Tejo, EPE;39.478072, -8.5404429;245;68
2013-04;Região de Saúde Norte;Centro Hospitalar Entre Douro e Vouga, EPE;40.9293884, -8.5458794;539;126
2013-04;Região de Saúde Norte;Centro Hospitalar Trás-os-Montes e Alto Douro, EPE;41.3031784, -7.7515252;481;209
2013-04;Região de Saúde Norte;Hospital de Braga, PPP;41.56785, -8.398982;796;251
2013-05;Região de Saúde do Alentejo;Unidade Local de Saúde do Norte Alentejano, EPE;39.3003425, -7.4263845;227;79
2013-05;Região de Saúde do Centro;Centro Hospitalar Universitário Cova da Beira, EPE;40.2804158, -7.4922407;253;86
2013-05;Região de Saúde do Centro;Unidade Local de Saúde da Guarda, EPE;40.5309916, -7.2734793;241;89
2013-05;Região de Saúde LVT;Centro Hospitalar Barreiro/Montijo, EPE;38.6554005, -9.0592392;637;229
2013-05;Região de Saúde LVT;Centro Hospitalar Universitário de Lisboa Norte, EPE;38.7500861, -9.1616116;917;269
2013-05;Região de Saúde LVT;Hospital Garcia de Orta, EPE;38.6658713, -9.1822554;1016;236
2013-05;Região de Saúde Norte;Centro Hospitalar Entre Douro e Vouga, EPE;40.9293884, -8.5458794;682;168
2013-05;Região de Saúde Norte;Centro Hospitalar Tâmega e Sousa, EPE;41.2494561, -8.264901;939;244
2013-05;Região de Saúde Norte;Centro Hospitalar Trás-os-Montes e Alto Douro, EPE;41.3031784, -7.7515252;598;255
2013-05;Região de Saúde Norte;Centro Hospitalar Vila Nova de Gaia/Espinho, EPE;41.1094138, -8.5972617;679;249
2013-06;Região de Saúde do Alentejo;Unidade Local de Saúde do Norte Alentejano, EPE;39.3003425, -7.4263845;272;97
2013-06;Região de Saúde do Centro;Centro Hospitalar do Baixo Vouga, EPE;40.6362453, -8.6543716;824;265
2013-06;Região de Saúde LVT;Centro Hospitalar de Lisboa Ocidental, EPE;38.708454, -9.216985;1143;393
2013-06;Região de Saúde LVT;Centro Hospitalar de Setúbal, EPE;38.5283754, -8.8818638;764;241
2013-07;Região de Saúde do Alentejo;Unidade Local de Saúde do Baixo Alentejo, EPE;38.014123, -7.8721227;595;156
2013-07;Região de Saúde do Centro;Centro Hospitalar Universitário Cova da Beira, EPE;40.2804158, -7.4922407;351;106
2013-07;Região de Saúde LVT;Centro Hospitalar Universitário de Lisboa Norte, EPE;38.7500861, -9.1616116;1276;352
2013-07;Região de Saúde LVT;Hospital de Loures, PPP;38.821455, -9.176296;1180;259
2013-07;Região de Saúde LVT;Hospital Professor Doutor Fernando Fonseca, EPE;38.7422257, -9.2264834;1517;566
2013-07;Região de Saúde Norte;Centro Hospitalar Universitário de São João, EPE;41.1831056, -8.6010558;1411;368
2013-07;Região de Saúde Norte;Centro Hospitalar do Alto Ave, EPE;41.4387173, -8.3086907;1121;333
2013-07;Região de Saúde Norte;Centro Hospitalar Entre Douro e Vouga, EPE;40.9293884, -8.5458794;943;233
2013-08;Região de Saúde do Algarve;Centro Hospitalar Universitário do Algarve,EPE;37.0238973, -7.9281554;2280;724
2013-08;Região de Saúde do Centro;Centro Hospitalar Universitário Cova da Beira, EPE;40.2804158, -7.4922407;410;120
2013-08;Região de Saúde do Centro;Centro Hospitalar do Baixo Vouga, EPE;40.6362453, -8.6543716;1104;336
2013-08;Região de Saúde LVT;Centro Hospitalar Barreiro/Montijo, EPE;38.6554005, -9.0592392;1000;370
2013-08;Região de Saúde LVT;Centro Hospitalar Universitário Lisboa Central, EPE;38.7166948, -9.1371248;2448;707
2013-08;Região de Saúde LVT;Centro Hospitalar Médio Tejo, EPE;39.478072, -8.5404429;525;152
2013-08;Região de Saúde LVT;Hospital de Vila Franca de Xira, PPP;38.977235, -8.984506;738;218
2013-08;Região de Saúde Norte;Centro Hospitalar Universitário de São João, EPE;41.1831056, -8.6010558;1605;418
2013-08;Região de Saúde Norte;Centro Hospitalar do Médio Ave, EPE;41.3423984, -8.4802503;845;354
2013-08;Região de Saúde Norte;Centro Hospitalar Póvoa de Varzim/Vila do Conde, EPE;41.3828711, -8.7589945;496;162
2013-09;Região de Saúde LVT;Centro Hospitalar Barreiro/Montijo, EPE;38.6554005, -9.0592392;1147;421
2013-09;Região de Saúde LVT;Centro Hospitalar do Oeste, EPE;39.4054629, -9.1258493;1221;344
2013-09;Região de Saúde LVT;Hospital de Cascais, PPP;38.729006, -9.418267;1712;533
2013-09;Região de Saúde LVT;Hospital de Vila Franca de Xira, PPP;38.977235, -8.984506;847;257
2013-09;Região de Saúde Norte;Centro Hospitalar do Médio Ave, EPE;41.3423984, -8.4802503;971;399
2013-09;Região de Saúde Norte;Centro Hospitalar Universitário do Porto, EPE;41.1472498, -8.6172617;2150;778
2013-09;Região de Saúde Norte;Unidade Local de Saúde de Matosinhos, EPE;41.1794456, -8.6745115;1055;314
2013-09;Região de Saúde Norte;Unidade Local de Saúde do Nordeste, EPE;41.8056532, -6.7888197;390;160
2013-10;Região de Saúde do Algarve;Centro Hospitalar Universitário do Algarve,EPE;37.0238973, -7.9281554;2939;919
2013-10;Região de Saúde do Centro;Centro Hospitalar de Leiria, EPE;39.7414812, -8.7982706;1499;414
2013-10;Região de Saúde do Centro;Centro Hospitalar Tondela-Viseu, EPE;40.516364, -8.0827433;1604;470
2013-10;Região de Saúde LVT;Centro Hospitalar do Oeste, EPE;39.4054629, -9.1258493;1336;368
2013-10;Região de Saúde LVT;Hospital de Loures, EPE;38.821455, -9.176296;1778;391
2013-10;Região de Saúde Norte;Unidade Local de Saúde de Matosinhos, EPE;41.1794456, -8.6745115;1175;352
2013-11;Região de Saúde LVT;Centro Hospitalar Universitário de Lisboa Norte, EPE;38.7500861, -9.1616116;2042;562
2013-11;Região de Saúde LVT;Hospital Distrital de Santarém, EPE;39.2410946, -8.6937515;1097;338
2013-11;Região de Saúde LVT;Hospital Professor Doutor Fernando Fonseca, EPE;38.7422257, -9.2264834;2430;867
2013-11;Região de Saúde Norte;Centro Hospitalar Universitário de São João, EPE;41.1831056, -8.6010558;2255;582
2013-11;Região de Saúde Norte;Centro Hospitalar Tâmega e Sousa, EPE;41.2494561, -8.264901;2133;577
2013-11;Região de Saúde Norte;Hospital de Braga, PPP;41.56785, -8.398982;2372;723
2013-12;Região de Saúde do Alentejo;Unidade Local de Saúde do Baixo Alentejo, EPE;38.014123, -7.8721227;1040;269
2013-12;Região de Saúde do Algarve;Centro Hospitalar Universitário do Algarve,EPE;37.0238973, -7.9281554;3506;1056
2013-12;Região de Saúde do Centro;Centro Hospitalar de Leiria, EPE;39.7414812, -8.7982706;1814;506
2013-12;Região de Saúde do Centro;Centro Hospitalar do Baixo Vouga, EPE;40.6362453, -8.6543716;1691;500
2013-12;Região de Saúde do Centro;Unidade Local de Saúde de Castelo Branco, EPE;39.8212263, -7.4981271;370;101
2013-12;Região de Saúde LVT;Centro Hospitalar Barreiro/Montijo, EPE;38.6554005, -9.0592392;1502;546
2013-12;Região de Saúde LVT;Hospital de Cascais, PPP;38.729006, -9.418267;2304;692
2013-12;Região de Saúde LVT;Hospital de Vila Franca de Xira, PPP;38.977235, -8.984506;1164;350
2013-12;Região de Saúde LVT;Hospital Distrital de Santarém, EPE;39.2410946, -8.6937515;1192;368
2013-12;Região de Saúde Norte;Centro Hospitalar Entre Douro e Vouga, EPE;40.9293884, -8.5458794;1734;462
2014-01;Região de Saúde do Alentejo;Hospital Espírito Santo de Évora, EPE;38.5684861, -7.9032848;75;31
2014-01;Região de Saúde do Alentejo;Unidade Local de Saúde do Baixo Alentejo, EPE;38.014123, -7.8721227;93;23
2014-01;Região de Saúde do Algarve;Centro Hospitalar Universitário do Algarve,EPE;37.0238973, -7.9281554;281;79
2014-01;Região de Saúde Norte;Centro Hospitalar do Alto Ave, EPE;41.4387173, -8.3086907;170;57
2014-01;Região de Saúde Norte;Centro Hospitalar do Médio Ave, EPE;41.3423984, -8.4802503;98;19
2014-02;Região de Saúde do Alentejo;Unidade Local de Saúde do Baixo Alentejo, EPE;38.014123, -7.8721227;165;38
2014-02;Região de Saúde LVT;Centro Hospitalar de Lisboa Ocidental, EPE;38.708454, -9.216985;349;105
2014-02;Região de Saúde LVT;Hospital de Loures, EPE;38.821455, -9.176296;386;81
2014-02;Região de Saúde LVT;Hospital de Vila Franca de Xira, PPP;38.977235, -8.984506;159;44
2014-02;Região de Saúde LVT;Hospital Professor Doutor Fernando Fonseca, EPE;38.7422257, -9.2264834;396;125
2014-02;Região de Saúde Norte;Centro Hospitalar Tâmega e Sousa, EPE;41.2494561, -8.264901;377;108
2014-02;Região de Saúde Norte;Hospital de Braga, PPP;41.56785, -8.398982;394;128
2014-02;Região de Saúde Norte;Unidade Local de Saúde de Matosinhos, EPE;41.1794456, -8.6745115;253;62
2014-03;Região de Saúde do Alentejo;Unidade Local de Saúde do Baixo Alentejo, EPE;38.014123, -7.8721227;248;54
2014-03;Região de Saúde do Centro;Centro Hospitalar de Leiria, EPE;39.7414812, -8.7982706;407;149
2014-03;Região de Saúde LVT;Centro Hospitalar de Setúbal, EPE;38.5283754, -8.8818638;391;108
2014-03;Região de Saúde Norte;Centro Hospitalar do Alto Ave, EPE;41.4387173, -8.3086907;466;170
2014-03;Região de Saúde Norte;Centro Hospitalar Entre Douro e Vouga, EPE;40.9293884, -8.5458794;386;95
2014-03;Região de Saúde Norte;Centro Hospitalar Tâmega e Sousa, EPE;41.2494561, -8.264901;557;150
2014-03;Região de Saúde Norte;Hospital de Braga, PPP;41.56785, -8.398982;583;179
2014-04;Região de Saúde LVT;Centro Hospitalar Universitário Lisboa Central, EPE;38.7166948, -9.1371248;1085;333
2014-04;Região de Saúde LVT;Hospital de Vila Franca de Xira, PPP;38.977235, -8.984506;415;104
2014-04;Região de Saúde Norte;Centro Hospitalar do Alto Ave, EPE;41.4387173, -8.3086907;595;202
2014-04;Região de Saúde Norte;Centro Hospitalar Universitário do Porto, EPE;41.1472498, -8.6172617;822;245
2014-04;Região de Saúde Norte;Centro Hospitalar Entre Douro e Vouga, EPE;40.9293884, -8.5458794;528;123
2014-04;Região de Saúde Norte;Unidade Local de Saúde do Alto Minho, EPE;41.7056054, -8.8252713;414;121
2014-05;Região de Saúde do Alentejo;Unidade Local de Saúde do Norte Alentejano, EPE;39.3003425, -7.4263845;208;53
2014-05;Região de Saúde do Algarve;Centro Hospitalar Universitário do Algarve,EPE;37.0238973, -7.9281554;1339;358
2014-05;Região de Saúde LVT;Centro Hospitalar de Setúbal, EPE;38.5283754, -8.8818638;635;173
2014-05;Região de Saúde LVT;Centro Hospitalar Universitário de Lisboa Norte, EPE;38.7500861, -9.1616116;883;240
2014-05;Região de Saúde LVT;Hospital de Loures, EPE;38.821455, -9.176296;901;183
2014-05;Região de Saúde LVT;Hospital de Loures, PPP;38.821455, -9.176296;901;183
2014-05;Região de Saúde LVT;Hospital Professor Doutor Fernando Fonseca, EPE;38.7422257, -9.2264834;996;317
2014-05;Região de Saúde Norte;Centro Hospitalar do Alto Ave, EPE;41.4387173, -8.3086907;772;239
2014-05;Região de Saúde Norte;Hospital de Braga, PPP;41.56785, -8.398982;982;299
2014-05;Região de Saúde Norte;Unidade Local de Saúde do Alto Minho, EPE;41.7056054, -8.8252713;541;153
2014-06;Região de Saúde do Alentejo;Unidade Local de Saúde do Norte Alentejano, EPE;39.3003425, -7.4263845;244;63
2014-06;Região de Saúde do Centro;Centro Hospitalar Universitário Cova da Beira, EPE;40.2804158, -7.4922407;243;68
2014-06;Região de Saúde do Centro;Centro Hospitalar de Leiria, EPE;39.7414812, -8.7982706;822;260
2014-06;Região de Saúde do Centro;Centro Hospitalar e Universitário de Coimbra, EPE;40.2191523, -8.4098211;2208;598
2014-06;Região de Saúde do Centro;Centro Hospitalar Tondela-Viseu, EPE;40.516364, -8.0827433;877;237
2014-06;Região de Saúde LVT;Centro Hospitalar Universitário Lisboa Central, EPE;38.7166948, -9.1371248;1686;501
2014-06;Região de Saúde LVT;Centro Hospitalar de Lisboa Ocidental, EPE;38.708454, -9.216985;1081;302
2014-06;Região de Saúde LVT;Centro Hospitalar do Oeste, EPE;39.4054629, -9.1258493;698;191
2014-06;Região de Saúde LVT;Hospital de Cascais, PPP;38.729006, -9.418267;1103;317
2014-06;Região de Saúde Norte;Centro Hospitalar do Alto Ave, EPE;41.4387173, -8.3086907;909;257
2014-07;Região de Saúde LVT;Centro Hospitalar do Oeste, EPE;39.4054629, -9.1258493;834;220
2014-07;Região de Saúde LVT;Hospital de Vila Franca de Xira, PPP;38.977235, -8.984506;741;177
2014-07;Região de Saúde LVT;Hospital Garcia de Orta, EPE;38.6658713, -9.1822554;1381;332
2014-07;Região de Saúde Norte;Unidade Local de Saúde do Alto Minho, EPE;41.7056054, -8.8252713;780;205
2014-08;Região de Saúde do Alentejo;Unidade Local de Saúde do Norte Alentejano, EPE;39.3003425, -7.4263845;340;85
2014-08;Região de Saúde do Algarve;Centro Hospitalar Universitário do Algarve,EPE;37.0238973, -7.9281554;2194;590
2014-08;Região de Saúde LVT;Centro Hospitalar do Oeste, EPE;39.4054629, -9.1258493;970;263
2014-08;Região de Saúde LVT;Hospital de Loures, PPP;38.821455, -9.176296;1481;302
2014-08;Região de Saúde LVT;Hospital de Vila Franca de Xira, PPP;38.977235, -8.984506;872;205
2014-08;Região de Saúde LVT;Hospital Professor Doutor Fernando Fonseca, EPE;38.7422257, -9.2264834;1707;530
2014-08;Região de Saúde Norte;Centro Hospitalar Entre Douro e Vouga, EPE;40.9293884, -8.5458794;1083;248
2014-08;Região de Saúde Norte;Centro Hospitalar Trás-os-Montes e Alto Douro, EPE;41.3031784, -7.7515252;805;264
2014-08;Região de Saúde Norte;Centro Hospitalar Vila Nova de Gaia/Espinho, EPE;41.1094138, -8.5972617;1058;318
2014-09;Região de Saúde do Alentejo;Unidade Local de Saúde do Baixo Alentejo, EPE;38.014123, -7.8721227;771;166
2014-09;Região de Saúde do Algarve;Centro Hospitalar Universitário do Algarve,EPE;37.0238973, -7.9281554;2494;675
2014-09;Região de Saúde do Centro;Centro Hospitalar e Universitário de Coimbra, EPE;40.2191523, -8.4098211;3510;957
2014-09;Região de Saúde do Centro;Unidade Local de Saúde da Guarda, EPE;40.5309916, -7.2734793;436;169
2014-09;Região de Saúde LVT;Centro Hospitalar Barreiro/Montijo, EPE;38.6554005, -9.0592392;1103;364
2014-09;Região de Saúde LVT;Centro Hospitalar de Setúbal, EPE;38.5283754, -8.8818638;1193;329
2014-09;Região de Saúde LVT;Hospital de Loures, PPP;38.821455, -9.176296;1704;338
2014-09;Região de Saúde LVT;Hospital Garcia de Orta, EPE;38.6658713, -9.1822554;1836;425
2014-09;Região de Saúde Norte;Centro Hospitalar Universitário de São João, EPE;41.1831056, -8.6010558;1878;483
2014-09;Região de Saúde Norte;Centro Hospitalar do Médio Ave, EPE;41.3423984, -8.4802503;921;293
2014-09;Região de Saúde Norte;Centro Hospitalar Universitário do Porto, EPE;41.1472498, -8.6172617;2020;615
2014-09;Região de Saúde Norte;Unidade Local de Saúde de Matosinhos, EPE;41.1794456, -8.6745115;1078;273
2014-10;Região de Saúde do Alentejo;Unidade Local de Saúde do Norte Alentejano, EPE;39.3003425, -7.4263845;437;107
2014-10;Região de Saúde do Algarve;Centro Hospitalar Universitário do Algarve,EPE;37.0238973, -7.9281554;2797;745
2014-10;Região de Saúde do Centro;Centro Hospitalar Tondela-Viseu, EPE;40.516364, -8.0827433;1498;379
2014-10;Região de Saúde LVT;Centro Hospitalar do Oeste, EPE;39.4054629, -9.1258493;1261;345
2014-10;Região de Saúde LVT;Hospital Garcia de Orta, EPE;38.6658713, -9.1822554;2038;469
2014-10;Região de Saúde Norte;Centro Hospitalar Universitário de São João, EPE;41.1831056, -8.6010558;2093;545
2014-10;Região de Saúde Norte;Centro Hospitalar Universitário do Porto, EPE;41.1472498, -8.6172617;2285;697
2014-10;Região de Saúde Norte;Centro Hospitalar Tâmega e Sousa, EPE;41.2494561, -8.264901;1913;503
2014-10;Região de Saúde Norte;Unidade Local de Saúde do Nordeste, EPE;41.8056532, -6.7888197;448;168
2014-11;Região de Saúde do Centro;Centro Hospitalar de Leiria, EPE;39.7414812, -8.7982706;1684;514
2014-11;Região de Saúde do Centro;Centro Hospitalar Tondela-Viseu, EPE;40.516364, -8.0827433;1651;409
2014-11;Região de Saúde do Centro;Unidade Local de Saúde da Guarda, EPE;40.5309916, -7.2734793;523;213
2014-11;Região de Saúde LVT;Centro Hospitalar Barreiro/Montijo, EPE;38.6554005, -9.0592392;1337;452
2014-11;Região de Saúde LVT;Hospital de Vila Franca de Xira, PPP;38.977235, -8.984506;1303;316
2014-11;Região de Saúde Norte;Centro Hospitalar Entre Douro e Vouga, EPE;40.9293884, -8.5458794;1502;360
2014-11;Região de Saúde Norte;Unidade Local de Saúde do Nordeste, EPE;41.8056532, -6.7888197;478;179
2014-12;Região de Saúde do Centro;Centro Hospitalar de Leiria, EPE;39.7414812, -8.7982706;1842;567
2014-12;Região de Saúde do Centro;Unidade Local de Saúde da Guarda, EPE;40.5309916, -7.2734793;567;227
2014-12;Região de Saúde LVT;Centro Hospitalar Universitário de Lisboa Norte, EPE;38.7500861, -9.1616116;2213;584
2014-12;Região de Saúde LVT;Hospital de Cascais, PPP;38.729006, -9.418267;2351;641
2014-12;Região de Saúde LVT;Hospital de Vila Franca de Xira, PPP;38.977235, -8.984506;1437;350
2014-12;Região de Saúde Norte;Centro Hospitalar Universitário de São João, EPE;41.1831056, -8.6010558;2502;671
2014-12;Região de Saúde Norte;Centro Hospitalar Trás-os-Montes e Alto Douro, EPE;41.3031784, -7.7515252;1301;459
2014-12;Região de Saúde Norte;Centro Hospitalar Vila Nova de Gaia/Espinho, EPE;41.1094138, -8.5972617;1642;520
2015-01;Região de Saúde do Alentejo;Unidade Local de Saúde do Baixo Alentejo, EPE;38.014123, -7.8721227;76;17
2015-01;Região de Saúde do Algarve;Centro Hospitalar Universitário do Algarve,EPE;37.0238973, -7.9281554;288;68
2015-01;Região de Saúde do Centro;Centro Hospitalar do Baixo Vouga, EPE;40.6362453, -8.6543716;148;30
2015-01;Região de Saúde LVT;Centro Hospitalar Barreiro/Montijo, EPE;38.6554005, -9.0592392;114;34
2015-01;Região de Saúde LVT;Centro Hospitalar do Oeste, EPE;39.4054629, -9.1258493;114;38
2015-01;Região de Saúde LVT;Hospital de Cascais, PPP;38.729006, -9.418267;194;52
2015-01;Região de Saúde LVT;Hospital de Loures, EPE;38.821455, -9.176296;186;49
2015-01;Região de Saúde LVT;Hospital Professor Doutor Fernando Fonseca, EPE;38.7422257, -9.2264834;247;74
2015-01;Região de Saúde Norte;Centro Hospitalar Trás-os-Montes e Alto Douro, EPE;41.3031784, -7.7515252;110;41
2015-01;Região de Saúde Norte;Centro Hospitalar Vila Nova de Gaia/Espinho, EPE;41.1094138, -8.5972617;142;37
2015-02;Região de Saúde do Centro;Centro Hospitalar e Universitário de Coimbra, EPE;40.2191523, -8.4098211;738;238
2015-02;Região de Saúde LVT;Centro Hospitalar de Setúbal, EPE;38.5283754, -8.8818638;246;74
2015-02;Região de Saúde LVT;Centro Hospitalar Universitário de Lisboa Norte, EPE;38.7500861, -9.1616116;357;88
2015-02;Região de Saúde Norte;Centro Hospitalar Universitário de São João, EPE;41.1831056, -8.6010558;396;111
2015-02;Região de Saúde Norte;Centro Hospitalar Entre Douro e Vouga, EPE;40.9293884, -8.5458794;234;67
2015-03;Região de Saúde do Alentejo;Hospital Espírito Santo de Évora, EPE;38.5684861, -7.9032848;276;75
2015-03;Região de Saúde do Algarve;Centro Hospitalar Universitário do Algarve,EPE;37.0238973, -7.9281554;821;196
2015-03;Região de Saúde do Centro;Centro Hospitalar de Leiria, EPE;39.7414812, -8.7982706;453;136
2015-03;Região de Saúde do Centro;Unidade Local de Saúde de Castelo Branco, EPE;39.8212263, -7.4981271;69;17
2015-03;Região de Saúde LVT;Centro Hospitalar Barreiro/Montijo, EPE;38.6554005, -9.0592392;335;115
2015-03;Região de Saúde LVT;Centro Hospitalar Universitário Lisboa Central, EPE;38.7166948, -9.1371248;823;222
2015-03;Região de Saúde LVT;Centro Hospitalar Universitário de Lisboa Norte, EPE;38.7500861, -9.1616116;549;141
2015-03;Região de Saúde Norte;Centro Hospitalar Universitário do Porto, EPE;41.1472498, -8.6172617;751;218
2015-03;Região de Saúde Norte;Hospital de Braga, PPP;41.56785, -8.398982;659;200
2015-04;Região de Saúde do Alentejo;Unidade Local de Saúde do Baixo Alentejo, EPE;38.014123, -7.8721227;304;84
2015-04;Região de Saúde do Algarve;Centro Hospitalar Universitário do Algarve,EPE;37.0238973, -7.9281554;1092;262
2015-04;Região de Saúde do Centro;Unidade Local de Saúde de Castelo Branco, EPE;39.8212263, -7.4981271;103;24
2015-04;Região de Saúde LVT;Centro Hospitalar Barreiro/Montijo, EPE;38.6554005, -9.0592392;463;142
2015-04;Região de Saúde LVT;Centro Hospitalar de Lisboa Ocidental, EPE;38.708454, -9.216985;697;201
2015-04;Região de Saúde LVT;Centro Hospitalar do Oeste, EPE;39.4054629, -9.1258493;442;131
2015-04;Região de Saúde LVT;Centro Hospitalar Médio Tejo, EPE;39.478072, -8.5404429;243;73
2015-04;Região de Saúde LVT;Hospital de Loures, PPP;38.821455, -9.176296;753;177
2015-04;Região de Saúde LVT;Hospital Professor Doutor Fernando Fonseca, EPE;38.7422257, -9.2264834;834;257
2015-04;Região de Saúde LVT;Hospital Garcia de Orta, EPE;38.6658713, -9.1822554;721;191
2015-04;Região de Saúde Norte;Hospital de Braga, PPP;41.56785, -8.398982;875;266
2015-05;Região de Saúde do Centro;Centro Hospitalar Universitário Cova da Beira, EPE;40.2804158, -7.4922407;249;72
2015-05;Região de Saúde LVT;Centro Hospitalar de Setúbal, EPE;38.5283754, -8.8818638;647;193
2015-05;Região de Saúde Norte;Centro Hospitalar Entre Douro e Vouga, EPE;40.9293884, -8.5458794;594;167
2015-06;Região de Saúde do Centro;Centro Hospitalar Universitário Cova da Beira, EPE;40.2804158, -7.4922407;290;83
2015-06;Região de Saúde do Centro;Centro Hospitalar e Universitário de Coimbra, EPE;40.2191523, -8.4098211;2341;677
2015-06;Região de Saúde do Centro;Unidade Local de Saúde de Castelo Branco, EPE;39.8212263, -7.4981271;161;39
2015-06;Região de Saúde LVT;Centro Hospitalar Barreiro/Montijo, EPE;38.6554005, -9.0592392;693;199
2015-06;Região de Saúde LVT;Hospital de Loures, PPP;38.821455, -9.176296;1151;266
2015-06;Região de Saúde Norte;Centro Hospitalar Universitário de São João, EPE;41.1831056, -8.6010558;1160;356
2015-06;Região de Saúde Norte;Centro Hospitalar Vila Nova de Gaia/Espinho, EPE;41.1094138, -8.5972617;814;247
2015-06;Região de Saúde Norte;Hospital da Senhora da Oliveira, Guimarães, EPE;41.4387173, -8.3086907;900;285
2015-06;Região de Saúde Norte;Hospital de Braga, PPP;41.56785, -8.398982;1339;383
2015-06;Região de Saúde Norte;Unidade Local de Saúde do Alto Minho, EPE;41.7056054, -8.8252713;689;174
2015-07;Região de Saúde do Alentejo;Unidade Local de Saúde do Baixo Alentejo, EPE;38.014123, -7.8721227;557;140
2015-07;Região de Saúde do Centro;Centro Hospitalar do Baixo Vouga, EPE;40.6362453, -8.6543716;970;205
2015-07;Região de Saúde do Centro;Centro Hospitalar e Universitário de Coimbra, EPE;40.2191523, -8.4098211;2767;792
2015-07;Região de Saúde LVT;Hospital Distrital de Santarém, EPE;39.2410946, -8.6937515;683;186
2015-07;Região de Saúde Norte;Centro Hospitalar Universitário de São João, EPE;41.1831056, -8.6010558;1388;422
2015-07;Região de Saúde Norte;Centro Hospitalar Póvoa de Varzim/Vila do Conde, EPE;41.3828711, -8.7589945;432;158
2015-07;Região de Saúde Norte;Centro Hospitalar Trás-os-Montes e Alto Douro, EPE;41.3031784, -7.7515252;776;290
2015-07;Região de Saúde Norte;Hospital da Senhora da Oliveira, Guimarães, EPE;41.4387173, -8.3086907;1076;318
2015-07;Região de Saúde Norte;Unidade Local de Saúde de Matosinhos, EPE;41.1794456, -8.6745115;839;223
2015-08;Região de Saúde do Centro;Centro Hospitalar Universitário Cova da Beira, EPE;40.2804158, -7.4922407;397;118
2015-08;Região de Saúde LVT;Centro Hospitalar do Oeste, EPE;39.4054629, -9.1258493;891;251
2015-08;Região de Saúde Norte;Centro Hospitalar Universitário de São João, EPE;41.1831056, -8.6010558;1599;479
2015-08;Região de Saúde Norte;Centro Hospitalar Universitário do Porto, EPE;41.1472498, -8.6172617;2067;561
2015-08;Região de Saúde Norte;Centro Hospitalar Entre Douro e Vouga, EPE;40.9293884, -8.5458794;959;277
2015-08;Região de Saúde Norte;Centro Hospitalar Trás-os-Montes e Alto Douro, EPE;41.3031784, -7.7515252;903;341
2015-08;Região de Saúde Norte;Hospital de Braga, PPP;41.56785, -8.398982;1813;521
2015-09;Região de Saúde do Centro;Centro Hospitalar Universitário Cova da Beira, EPE;40.2804158, -7.4922407;440;135
2015-09;Região de Saúde do Centro;Centro Hospitalar e Universitário de Coimbra, EPE;40.2191523, -8.4098211;3689;1045
2015-09;Região de Saúde do Centro;Centro Hospitalar Tondela-Viseu, EPE;40.516364, -8.0827433;1408;307
2015-09;Região de Saúde LVT;Centro Hospitalar de Lisboa Ocidental, EPE;38.708454, -9.216985;1779;499
2015-09;Região de Saúde LVT;Centro Hospitalar Médio Tejo, EPE;39.478072, -8.5404429;576;157
2015-09;Região de Saúde Norte;Centro Hospitalar Entre Douro e Vouga, EPE;40.9293884, -8.5458794;1098;320
2015-09;Região de Saúde Norte;Centro Hospitalar Trás-os-Montes e Alto Douro, EPE;41.3031784, -7.7515252;1044;391
2015-09;Região de Saúde Norte;Unidade Local de Saúde de Matosinhos, EPE;41.1794456, -8.6745115;1088;288
2015-10;Região de Saúde do Centro;Centro Hospitalar de Leiria, EPE;39.7414812, -8.7982706;1600;481
2015-10;Região de Saúde do Centro;Unidade Local de Saúde da Guarda, EPE;40.5309916, -7.2734793;463;151
2015-10;Região de Saúde Norte;Centro Hospitalar do Médio Ave, EPE;41.3423984, -8.4802503;1051;392
2015-10;Região de Saúde Norte;Centro Hospitalar Entre Douro e Vouga, EPE;40.9293884, -8.5458794;1251;357
2015-10;Região de Saúde Norte;Hospital de Braga, PPP;41.56785, -8.398982;2307;664
2015-10;Região de Saúde Norte;Unidade Local de Saúde do Alto Minho, EPE;41.7056054, -8.8252713;1228;297
2015-11;Região de Saúde do Alentejo;Hospital Espírito Santo de Évora, EPE;38.5684861, -7.9032848;1032;321
2015-11;Região de Saúde do Alentejo;Unidade Local de Saúde do Baixo Alentejo, EPE;38.014123, -7.8721227;954;219
2015-11;Região de Saúde do Centro;Centro Hospitalar de Leiria, EPE;39.7414812, -8.7982706;1776;525
2015-11;Região de Saúde LVT;Centro Hospitalar Universitário Lisboa Central, EPE;38.7166948, -9.1371248;3159;892
2015-11;Região de Saúde LVT;Centro Hospitalar de Lisboa Ocidental, EPE;38.708454, -9.216985;2144;576
2015-11;Região de Saúde LVT;Centro Hospitalar do Oeste, EPE;39.4054629, -9.1258493;1274;361
2015-11;Região de Saúde LVT;Hospital de Vila Franca de Xira, PPP;38.977235, -8.984506;1484;334
2015-11;Região de Saúde LVT;Hospital Garcia de Orta, EPE;38.6658713, -9.1822554;2293;587
2015-11;Região de Saúde Norte;Centro Hospitalar Póvoa de Varzim/Vila do Conde, EPE;41.3828711, -8.7589945;700;239
2015-12;Região de Saúde do Centro;Centro Hospitalar Universitário Cova da Beira, EPE;40.2804158, -7.4922407;551;171
2015-12;Região de Saúde do Centro;Centro Hospitalar do Baixo Vouga, EPE;40.6362453, -8.6543716;1708;368
2015-12;Região de Saúde LVT;Centro Hospitalar Barreiro/Montijo, EPE;38.6554005, -9.0592392;1417;409
2015-12;Região de Saúde LVT;Centro Hospitalar de Lisboa Ocidental, EPE;38.708454, -9.216985;2363;638
2015-12;Região de Saúde LVT;Centro Hospitalar Universitário de Lisboa Norte, EPE;38.7500861, -9.1616116;2298;560
2015-12;Região de Saúde LVT;Centro Hospitalar Médio Tejo, EPE;39.478072, -8.5404429;801;214
2015-12;Região de Saúde LVT;Hospital de Loures, EPE;38.821455, -9.176296;2502;534
2015-12;Região de Saúde Norte;Centro Hospitalar Universitário de São João, EPE;41.1831056, -8.6010558;2503;731
2015-12;Região de Saúde Norte;Centro Hospitalar Póvoa de Varzim/Vila do Conde, EPE;41.3828711, -8.7589945;761;263
2015-12;Região de Saúde Norte;Hospital da Senhora da Oliveira, Guimarães, EPE;41.4387173, -8.3086907;1991;520
2016-01;Região de Saúde do Alentejo;Hospital Espírito Santo de Évora, EPE;38.5684861, -7.9032848;116;26
2016-01;Região de Saúde do Centro;Unidade Local de Saúde de Castelo Branco, EPE;39.8212263, -7.4981271;31;8
2016-01;Região de Saúde LVT;Hospital de Cascais, PPP;38.729006, -9.418267;223;66
2016-01;Região de Saúde LVT;Hospital de Loures, EPE;38.821455, -9.176296;218;47
2016-01;Região de Saúde Norte;Centro Hospitalar do Médio Ave, EPE;41.3423984, -8.4802503;94;33
2016-01;Região de Saúde Norte;Centro Hospitalar Trás-os-Montes e Alto Douro, EPE;41.3031784, -7.7515252;106;38
2016-01;Região de Saúde Norte;Unidade Local de Saúde de Matosinhos, EPE;41.1794456, -8.6745115;126;33
2016-02;Região de Saúde do Centro;Centro Hospitalar Universitário Cova da Beira, EPE;40.2804158, -7.4922407;95;35
2016-02;Região de Saúde LVT;Hospital Garcia de Orta, EPE;38.6658713, -9.1822554;412;108
2016-02;Região de Saúde Norte;Hospital da Senhora da Oliveira, Guimarães, EPE;41.4387173, -8.3086907;323;94
2016-03;Região de Saúde do Centro;Centro Hospitalar Universitário Cova da Beira, EPE;40.2804158, -7.4922407;139;51
2016-03;Região de Saúde do Centro;Centro Hospitalar de Leiria, EPE;39.7414812, -8.7982706;502;135
2016-03;Região de Saúde LVT;Centro Hospitalar Universitário Lisboa Central, EPE;38.7166948, -9.1371248;802;255
2016-03;Região de Saúde LVT;Centro Hospitalar de Lisboa Ocidental, EPE;38.708454, -9.216985;564;150
2016-03;Região de Saúde LVT;Hospital de Loures, PPP;38.821455, -9.176296;620;131
2016-03;Região de Saúde LVT;Hospital de Vila Franca de Xira, PPP;38.977235, -8.984506;401;104
2016-03;Região de Saúde LVT;Hospital Garcia de Orta, EPE;38.6658713, -9.1822554;634;177
2016-03;Região de Saúde Norte;Centro Hospitalar Póvoa de Varzim/Vila do Conde, EPE;41.3828711, -8.7589945;167;52
2016-03;Região de Saúde Norte;Centro Hospitalar Vila Nova de Gaia/Espinho, EPE;41.1094138, -8.5972617;408;138
2016-04;Região de Saúde do Alentejo;Unidade Local de Saúde do Baixo Alentejo, EPE;38.014123, -7.8721227;343;91
2016-04;Região de Saúde do Centro;Centro Hospitalar Tondela-Viseu, EPE;40.516364, -8.0827433;627;140
2016-04;Região de Saúde do Centro;Unidade Local de Saúde da Guarda, EPE;40.5309916, -7.2734793;199;75
2016-04;Região de Saúde LVT;Hospital de Vila Franca de Xira, PPP;38.977235, -8.984506;518;147
2016-04;Região de Saúde Norte;Centro Hospitalar do Médio Ave, EPE;41.3423984, -8.4802503;374;133
2016-04;Região de Saúde Norte;Centro Hospitalar Vila Nova de Gaia/Espinho, EPE;41.1094138, -8.5972617;554;186
2016-04;Região de Saúde Norte;Hospital de Braga, PPP;41.56785, -8.398982;917;238
2016-05;Região de Saúde do Centro;Centro Hospitalar Tondela-Viseu, EPE;40.516364, -8.0827433;799;176
2016-05;Região de Saúde do Centro;Unidade Local de Saúde de Castelo Branco, EPE;39.8212263, -7.4981271;155;42
2016-05;Região de Saúde LVT;Centro Hospitalar Universitário Lisboa Central, EPE;38.7166948, -9.1371248;1383;411
2016-05;Região de Saúde LVT;Centro Hospitalar Médio Tejo, EPE;39.478072, -8.5404429;321;78
2016-05;Região de Saúde LVT;Hospital de Vila Franca de Xira, PPP;38.977235, -8.984506;678;192
2016-05;Região de Saúde LVT;Hospital Professor Doutor Fernando Fonseca, EPE;38.7422257, -9.2264834;1119;317
2016-05;Região de Saúde Norte;Centro Hospitalar Trás-os-Montes e Alto Douro, EPE;41.3031784, -7.7515252;562;202
2016-05;Região de Saúde Norte;Centro Hospitalar Vila Nova de Gaia/Espinho, EPE;41.1094138, -8.5972617;684;223
2016-05;Região de Saúde Norte;Hospital de Braga, PPP;41.56785, -8.398982;1159;301
2016-05;Região de Saúde Norte;Unidade Local de Saúde do Nordeste, EPE;41.8056532, -6.7888197;207;90
2016-06;Região de Saúde do Alentejo;Hospital Espírito Santo de Évora, EPE;38.5684861, -7.9032848;555;158
2016-06;Região de Saúde do Alentejo;Unidade Local de Saúde do Baixo Alentejo, EPE;38.014123, -7.8721227;534;151
2016-06;Região de Saúde do Algarve;Centro Hospitalar Universitário do Algarve,EPE;37.0238973, -7.9281554;1790;456
2016-06;Região de Saúde Norte;Centro Hospitalar Universitário do Porto, EPE;41.1472498, -8.6172617;1558;442
2016-06;Região de Saúde Norte;Centro Hospitalar Tâmega e Sousa, EPE;41.2494561, -8.264901;1116;313
2016-06;Região de Saúde Norte;Hospital da Senhora da Oliveira, Guimarães, EPE;41.4387173, -8.3086907;1003;286
2016-07;Região de Saúde do Alentejo;Unidade Local de Saúde do Baixo Alentejo, EPE;38.014123, -7.8721227;610;167
2016-07;Região de Saúde LVT;Centro Hospitalar Universitário Lisboa Central, EPE;38.7166948, -9.1371248;2026;578
2016-07;Região de Saúde LVT;Centro Hospitalar de Lisboa Ocidental, EPE;38.708454, -9.216985;1401;373
2016-07;Região de Saúde Norte;Centro Hospitalar Vila Nova de Gaia/Espinho, EPE;41.1094138, -8.5972617;965;334
2016-07;Região de Saúde Norte;Unidade Local de Saúde do Alto Minho, EPE;41.7056054, -8.8252713;841;237
2016-08;Região de Saúde do Alentejo;Unidade Local de Saúde do Baixo Alentejo, EPE;38.014123, -7.8721227;720;198
2016-08;Região de Saúde do Centro;Unidade Local de Saúde da Guarda, EPE;40.5309916, -7.2734793;378;154
2016-08;Região de Saúde LVT;Centro Hospitalar do Oeste, EPE;39.4054629, -9.1258493;952;299
2016-08;Região de Saúde LVT;Hospital de Vila Franca de Xira, PPP;38.977235, -8.984506;1114;319
2016-08;Região de Saúde Norte;Centro Hospitalar Universitário de São João, EPE;41.1831056, -8.6010558;1649;477
2016-08;Região de Saúde Norte;Centro Hospitalar Universitário do Porto, EPE;41.1472498, -8.6172617;2102;602
2016-08;Região de Saúde Norte;Centro Hospitalar Entre Douro e Vouga, EPE;40.9293884, -8.5458794;1087;276
2016-08;Região de Saúde Norte;Hospital da Senhora da Oliveira, Guimarães, EPE;41.4387173, -8.3086907;1391;378
2016-08;Região de Saúde Norte;Unidade Local de Saúde do Nordeste, EPE;41.8056532, -6.7888197;325;133
2016-09;Região de Saúde do Alentejo;Hospital Espírito Santo de Évora, EPE;38.5684861, -7.9032848;870;237
2016-09;Região de Saúde do Alentejo;Unidade Local de Saúde do Baixo Alentejo, EPE;38.014123, -7.8721227;827;219
2016-09;Região de Saúde do Centro;Centro Hospitalar Universitário Cova da Beira, EPE;40.2804158, -7.4922407;391;150
2016-09;Região de Saúde do Centro;Centro Hospitalar de Leiria, EPE;39.7414812, -8.7982706;1529;431
2016-09;Região de Saúde do Centro;Unidade Local de Saúde de Castelo Branco, EPE;39.8212263, -7.4981271;306;79
2016-09;Região de Saúde LVT;Centro Hospitalar Barreiro/Montijo, EPE;38.6554005, -9.0592392;1042;295
2016-09;Região de Saúde Norte;Centro Hospitalar do Médio Ave, EPE;41.3423984, -8.4802503;921;339
2016-09;Região de Saúde Norte;Centro Hospitalar Entre Douro e Vouga, EPE;40.9293884, -8.5458794;1225;314
2016-09;Região de Saúde Norte;Centro Hospitalar Póvoa de Varzim/Vila do Conde, EPE;41.3828711, -8.7589945;642;197
2016-09;Região de Saúde Norte;Unidade Local de Saúde do Nordeste, EPE;41.8056532, -6.7888197;384;157
2016-10;Região de Saúde do Centro;Centro Hospitalar Universitário Cova da Beira, EPE;40.2804158, -7.4922407;441;170
2016-10;Região de Saúde do Centro;Centro Hospitalar do Baixo Vouga, EPE;40.6362453, -8.6543716;1422;372
2016-10;Região de Saúde do Centro;Centro Hospitalar Tondela-Viseu, EPE;40.516364, -8.0827433;1647;365
2016-10;Região de Saúde LVT;Centro Hospitalar de Setúbal, EPE;38.5283754, -8.8818638;1325;407
2016-10;Região de Saúde LVT;Centro Hospitalar Médio Tejo, EPE;39.478072, -8.5404429;673;179
2016-10;Região de Saúde LVT;Hospital Professor Doutor Fernando Fonseca, EPE;38.7422257, -9.2264834;2218;613
2016-10;Região de Saúde Norte;Centro Hospitalar Universitário do Porto, EPE;41.1472498, -8.6172617;2711;761
2016-10;Região de Saúde Norte;Unidade Local de Saúde do Nordeste, EPE;41.8056532, -6.7888197;423;172
2016-11;Região de Saúde do Alentejo;Unidade Local de Saúde do Baixo Alentejo, EPE;38.014123, -7.8721227;1020;265
2016-11;Região de Saúde do Alentejo;Unidade Local de Saúde do Norte Alentejano, EPE;39.3003425, -7.4263845;462;133
2016-11;Região de Saúde do Centro;Unidade Local de Saúde da Guarda, EPE;40.5309916, -7.2734793;534;216
2016-11;Região de Saúde LVT;Centro Hospitalar de Setúbal, EPE;38.5283754, -8.8818638;1443;439
2016-11;Região de Saúde LVT;Hospital de Vila Franca de Xira, PPP;38.977235, -8.984506;1521;446
2016-11;Região de Saúde Norte;Centro Hospitalar Universitário do Porto, EPE;41.1472498, -8.6172617;2981;835
2016-11;Região de Saúde Norte;Centro Hospitalar Tâmega e Sousa, EPE;41.2494561, -8.264901;2212;566
2016-11;Região de Saúde Norte;Hospital da Senhora da Oliveira, Guimarães, EPE;41.4387173, -8.3086907;1955;525
2016-11;Região de Saúde Norte;Unidade Local de Saúde do Alto Minho, EPE;41.7056054, -8.8252713;1394;383
2016-11;Região de Saúde Norte;Unidade Local de Saúde do Nordeste, EPE;41.8056532, -6.7888197;465;191
2016-12;Região de Saúde do Alentejo;Unidade Local de Saúde do Baixo Alentejo, EPE;38.014123, -7.8721227;1119;289
2016-12;Região de Saúde do Centro;Unidade Local de Saúde de Castelo Branco, EPE;39.8212263, -7.4981271;404;102
2016-12;Região de Saúde LVT;Centro Hospitalar Barreiro/Montijo, EPE;38.6554005, -9.0592392;1384;383
2016-12;Região de Saúde LVT;Hospital de Cascais, PPP;38.729006, -9.418267;2520;666
2016-12;Região de Saúde Norte;Centro Hospitalar Vila Nova de Gaia/Espinho, EPE;41.1094138, -8.5972617;1683;534
2016-12;Região de Saúde Norte;Hospital da Senhora da Oliveira, Guimarães, EPE;41.4387173, -8.3086907;2118;568
2017-01;Região de Saúde do Centro;Unidade Local de Saúde da Guarda, EPE;40.5309916, -7.2734793;48;18
2017-01;Região de Saúde do Centro;Unidade Local de Saúde de Castelo Branco, EPE;39.8212263, -7.4981271;31;8
2017-01;Região de Saúde LVT;Centro Hospitalar Universitário Lisboa Central, EPE;38.7166948, -9.1371248;273;76
2017-01;Região de Saúde LVT;Centro Hospitalar do Oeste, EPE;39.4054629, -9.1258493;108;28
2017-01;Região de Saúde LVT;Centro Hospitalar Universitário de Lisboa Norte, EPE;38.7500861, -9.1616116;216;57
2017-01;Região de Saúde LVT;Hospital Professor Doutor Fernando Fonseca, EPE;38.7422257, -9.2264834;185;60
2017-01;Região de Saúde Norte;Centro Hospitalar Entre Douro e Vouga, EPE;40.9293884, -8.5458794;132;30
2017-01;Região de Saúde Norte;Centro Hospitalar Tâmega e Sousa, EPE;41.2494561, -8.264901;191;47
2017-01;Região de Saúde Norte;Hospital de Braga, PPP;41.56785, -8.398982;270;78
2017-01;Região de Saúde Norte;Unidade Local de Saúde do Nordeste, EPE;41.8056532, -6.7888197;37;11
2017-02;Região de Saúde LVT;Centro Hospitalar Universitário Lisboa Central, EPE;38.7166948, -9.1371248;540;148
2017-02;Região de Saúde LVT;Centro Hospitalar de Lisboa Ocidental, EPE;38.708454, -9.216985;422;103
2017-02;Região de Saúde LVT;Hospital de Cascais, PPP;38.729006, -9.418267;384;102
2017-02;Região de Saúde Norte;Centro Hospitalar do Médio Ave, EPE;41.3423984, -8.4802503;186;54
2017-02;Região de Saúde Norte;Centro Hospitalar Entre Douro e Vouga, EPE;40.9293884, -8.5458794;265;70
2017-02;Região de Saúde Norte;Centro Hospitalar Tâmega e Sousa, EPE;41.2494561, -8.264901;358;91
2017-02;Região de Saúde Norte;Centro Hospitalar Trás-os-Montes e Alto Douro, EPE;41.3031784, -7.7515252;214;74
2017-03;Região de Saúde do Alentejo;Hospital Espírito Santo de Évora, EPE;38.5684861, -7.9032848;271;86
2017-03;Região de Saúde do Centro;Centro Hospitalar Universitário Cova da Beira, EPE;40.2804158, -7.4922407;132;49
2017-03;Região de Saúde do Centro;Centro Hospitalar e Universitário de Coimbra, EPE;40.2191523, -8.4098211;1160;346
2017-03;Região de Saúde do Centro;Centro Hospitalar Tondela-Viseu, EPE;40.516364, -8.0827433;455;105
2017-03;Região de Saúde do Centro;Unidade Local de Saúde de Castelo Branco, EPE;39.8212263, -7.4981271;87;18
2017-03;Região de Saúde LVT;Centro Hospitalar Universitário Lisboa Central, EPE;38.7166948, -9.1371248;866;235
2017-03;Região de Saúde LVT;Hospital de Loures, PPP;38.821455, -9.176296;609;126
2017-03;Região de Saúde LVT;Hospital de Vila Franca de Xira, PPP;38.977235, -8.984506;380;106
2017-03;Região de Saúde LVT;Hospital Garcia de Orta, EPE;38.6658713, -9.1822554;631;168
2017-03;Região de Saúde Norte;Centro Hospitalar Universitário de São João, EPE;41.1831056, -8.6010558;619;184
2017-03;Região de Saúde Norte;Centro Hospitalar Vila Nova de Gaia/Espinho, EPE;41.1094138, -8.5972617;414;130
2017-03;Região de Saúde Norte;Hospital da Senhora da Oliveira, Guimarães, EPE;41.4387173, -8.3086907;496;119
2017-03;Região de Saúde Norte;Hospital de Braga, PPP;41.56785, -8.398982;742;227
2017-04;Região de Saúde do Centro;Centro Hospitalar de Leiria, EPE;39.7414812, -8.7982706;630;189
2017-04;Região de Saúde do Centro;Centro Hospitalar e Universitário de Coimbra, EPE;40.2191523, -8.4098211;1548;456
2017-04;Região de Saúde Norte;Centro Hospitalar Trás-os-Montes e Alto Douro, EPE;41.3031784, -7.7515252;413;145
2017-04;Região de Saúde Norte;Hospital de Braga, PPP;41.56785, -8.398982;978;294
2017-05;Região de Saúde do Centro;Unidade Local de Saúde de Castelo Branco, EPE;39.8212263, -7.4981271;149;37
2017-05;Região de Saúde LVT;Centro Hospitalar Barreiro/Montijo, EPE;38.6554005, -9.0592392;610;168
2017-05;Região de Saúde LVT;Hospital de Cascais, PPP;38.729006, -9.418267;1042;252
2017-05;Região de Saúde Norte;Centro Hospitalar do Médio Ave, EPE;41.3423984, -8.4802503;460;141
2017-05;Região de Saúde Norte;Hospital da Senhora da Oliveira, Guimarães, EPE;41.4387173, -8.3086907;821;207
2017-06;Região de Saúde do Centro;Centro Hospitalar Universitário Cova da Beira, EPE;40.2804158, -7.4922407;264;108
2017-06;Região de Saúde do Centro;Centro Hospitalar do Baixo Vouga, EPE;40.6362453, -8.6543716;826;233
2017-06;Região de Saúde do Centro;Centro Hospitalar e Universitário de Coimbra, EPE;40.2191523, -8.4098211;2357;659
2017-06;Região de Saúde LVT;Centro Hospitalar do Oeste, EPE;39.4054629, -9.1258493;625;161
2017-06;Região de Saúde LVT;Centro Hospitalar Médio Tejo, EPE;39.478072, -8.5404429;336;91
2017-06;Região de Saúde LVT;Hospital de Loures, PPP;38.821455, -9.176296;1273;273
2017-06;Região de Saúde LVT;Hospital de Vila Franca de Xira, PPP;38.977235, -8.984506;797;231
2017-06;Região de Saúde Norte;Centro Hospitalar Universitário do Porto, EPE;41.1472498, -8.6172617;1624;423
2017-06;Região de Saúde Norte;Centro Hospitalar Entre Douro e Vouga, EPE;40.9293884, -8.5458794;769;213
2017-07;Região de Saúde do Algarve;Centro Hospitalar Universitário do Algarve,EPE;37.0238973, -7.9281554;2021;554
2017-07;Região de Saúde do Centro;Centro Hospitalar Universitário Cova da Beira, EPE;40.2804158, -7.4922407;302;120
2017-07;Região de Saúde LVT;Centro Hospitalar Barreiro/Montijo, EPE;38.6554005, -9.0592392;869;229
2017-07;Região de Saúde LVT;Hospital de Vila Franca de Xira, PPP;38.977235, -8.984506;961;288
2017-07;Região de Saúde Norte;Centro Hospitalar Universitário de São João, EPE;41.1831056, -8.6010558;1374;399
2017-07;Região de Saúde Norte;Centro Hospitalar Universitário do Porto, EPE;41.1472498, -8.6172617;1914;506
2017-07;Região de Saúde Norte;Unidade Local de Saúde do Nordeste, EPE;41.8056532, -6.7888197;269;105
2017-08;Região de Saúde do Centro;Centro Hospitalar do Baixo Vouga, EPE;40.6362453, -8.6543716;1103;309
2017-08;Região de Saúde do Centro;Centro Hospitalar Tondela-Viseu, EPE;40.516364, -8.0827433;1217;265
2017-08;Região de Saúde do Centro;Unidade Local de Saúde da Guarda, EPE;40.5309916, -7.2734793;354;146
2017-08;Região de Saúde do Centro;Unidade Local de Saúde de Castelo Branco, EPE;39.8212263, -7.4981271;258;68
2017-08;Região de Saúde Norte;Centro Hospitalar Universitário de São João, EPE;41.1831056, -8.6010558;1586;473
2017-08;Região de Saúde Norte;Centro Hospitalar Trás-os-Montes e Alto Douro, EPE;41.3031784, -7.7515252;848;274
2017-08;Região de Saúde Norte;Unidade Local de Saúde de Matosinhos, EPE;41.1794456, -8.6745115;964;250
2017-09;Região de Saúde do Centro;Centro Hospitalar Universitário Cova da Beira, EPE;40.2804158, -7.4922407;405;154
2017-09;Região de Saúde do Centro;Centro Hospitalar e Universitário de Coimbra, EPE;40.2191523, -8.4098211;3606;1027
2017-09;Região de Saúde LVT;Centro Hospitalar Universitário Lisboa Central, EPE;38.7166948, -9.1371248;2722;793
2017-09;Região de Saúde LVT;Centro Hospitalar Universitário de Lisboa Norte, EPE;38.7500861, -9.1616116;1776;439
2017-09;Região de Saúde Norte;Centro Hospitalar do Médio Ave, EPE;41.3423984, -8.4802503;890;266
2017-09;Região de Saúde Norte;Centro Hospitalar Entre Douro e Vouga, EPE;40.9293884, -8.5458794;1168;325
2017-09;Região de Saúde Norte;Centro Hospitalar Tâmega e Sousa, EPE;41.2494561, -8.264901;1733;416
2017-09;Região de Saúde Norte;Hospital da Senhora da Oliveira, Guimarães, EPE;41.4387173, -8.3086907;1436;370
2017-09;Região de Saúde Norte;Hospital de Braga, PPP;41.56785, -8.398982;2310;650
2017-10;Região de Saúde do Algarve;Centro Hospitalar Universitário do Algarve,EPE;37.0238973, -7.9281554;3027;821
2017-10;Região de Saúde LVT;Centro Hospitalar de Setúbal, EPE;38.5283754, -8.8818638;1187;286
2017-10;Região de Saúde LVT;Centro Hospitalar do Oeste, EPE;39.4054629, -9.1258493;998;270
2017-10;Região de Saúde LVT;Hospital de Cascais, PPP;38.729006, -9.418267;2166;571
2017-10;Região de Saúde LVT;Hospital de Loures, EPE;38.821455, -9.176296;2203;478
2017-10;Região de Saúde Norte;Centro Hospitalar Universitário do Porto, EPE;41.1472498, -8.6172617;2774;747
2017-10;Região de Saúde Norte;Centro Hospitalar Póvoa de Varzim/Vila do Conde, EPE;41.3828711, -8.7589945;776;229
2017-11;Região de Saúde do Centro;Centro Hospitalar de Leiria, EPE;39.7414812, -8.7982706;1795;553
2017-11;Região de Saúde do Centro;Centro Hospitalar do Baixo Vouga, EPE;40.6362453, -8.6543716;1587;435
2017-11;Região de Saúde do Centro;Unidade Local de Saúde de Castelo Branco, EPE;39.8212263, -7.4981271;386;94
2017-11;Região de Saúde LVT;Centro Hospitalar Barreiro/Montijo, EPE;38.6554005, -9.0592392;1401;375
2017-11;Região de Saúde LVT;Centro Hospitalar Universitário de Lisboa Norte, EPE;38.7500861, -9.1616116;2277;584
2017-11;Região de Saúde Norte;Centro Hospitalar Entre Douro e Vouga, EPE;40.9293884, -8.5458794;1467;396
2017-11;Região de Saúde Norte;Unidade Local de Saúde de Matosinhos, EPE;41.1794456, -8.6745115;1390;377
2017-12;Região de Saúde do Alentejo;Unidade Local de Saúde do Baixo Alentejo, EPE;38.014123, -7.8721227;1049;298
2017-12;Região de Saúde do Centro;Centro Hospitalar Tondela-Viseu, EPE;40.516364, -8.0827433;1855;404
2017-12;Região de Saúde LVT;Hospital Professor Doutor Fernando Fonseca, EPE;38.7422257, -9.2264834;2652;866
2017-12;Região de Saúde Norte;Centro Hospitalar Entre Douro e Vouga, EPE;40.9293884, -8.5458794;1606;421
2018-01;Região de Saúde do Algarve;Centro Hospitalar Universitário do Algarve,EPE;37.0238973, -7.9281554;319;80
2018-01;Região de Saúde do Centro;Centro Hospitalar Universitário Cova da Beira, EPE;40.2804158, -7.4922407;54;21
2018-01;Região de Saúde do Centro;Centro Hospitalar de Leiria, EPE;39.7414812, -8.7982706;152;52
2018-01;Região de Saúde do Centro;Centro Hospitalar do Baixo Vouga, EPE;40.6362453, -8.6543716;154;43
2018-01;Região de Saúde do Centro;Centro Hospitalar e Universitário de Coimbra, EPE;40.2191523, -8.4098211;396;141
2018-01;Região de Saúde LVT;Centro Hospitalar Universitário Lisboa Central, EPE;38.7166948, -9.1371248;303;80
2018-01;Região de Saúde LVT;Centro Hospitalar de Lisboa Ocidental, EPE;38.708454, -9.216985;192;50
2018-01;Região de Saúde LVT;Centro Hospitalar do Oeste, EPE;39.4054629, -9.1258493;92;25
2018-01;Região de Saúde LVT;Hospital Distrital de Santarém, EPE;39.2410946, -8.6937515;105;30
2018-01;Região de Saúde LVT;Hospital Professor Doutor Fernando Fonseca, EPE;38.7422257, -9.2264834;209;66
2018-01;Região de Saúde Norte;Centro Hospitalar do Médio Ave, EPE;41.3423984, -8.4802503;89;29
2018-01;Região de Saúde Norte;Hospital da Senhora da Oliveira, Guimarães, EPE;41.4387173, -8.3086907;175;55
2018-01;Região de Saúde Norte;Unidade Local de Saúde do Alto Minho, EPE;41.7056054, -8.8252713;116;30
2018-02;Região de Saúde do Alentejo;Hospital Espírito Santo de Évora, EPE;38.5684861, -7.9032848;155;53
2018-02;Região de Saúde do Algarve;Centro Hospitalar Universitário do Algarve,EPE;37.0238973, -7.9281554;577;140
2018-02;Região de Saúde do Centro;Centro Hospitalar do Baixo Vouga, EPE;40.6362453, -8.6543716;277;68
2018-02;Região de Saúde do Centro;Centro Hospitalar Tondela-Viseu, EPE;40.516364, -8.0827433;263;69
2018-02;Região de Saúde LVT;Centro Hospitalar de Setúbal, EPE;38.5283754, -8.8818638;223;72
2018-02;Região de Saúde LVT;Centro Hospitalar Universitário de Lisboa Norte, EPE;38.7500861, -9.1616116;376;121
2018-02;Região de Saúde LVT;Hospital de Cascais, PPP;38.729006, -9.418267;395;111
2018-02;Região de Saúde LVT;Hospital de Loures, EPE;38.821455, -9.176296;431;104
2018-02;Região de Saúde LVT;Hospital Garcia de Orta, EPE;38.6658713, -9.1822554;389;93
2018-02;Região de Saúde Norte;Centro Hospitalar Universitário do Porto, EPE;41.1472498, -8.6172617;536;149
2018-02;Região de Saúde Norte;Centro Hospitalar Vila Nova de Gaia/Espinho, EPE;41.1094138, -8.5972617;270;83
2018-03;Região de Saúde do Centro;Centro Hospitalar do Baixo Vouga, EPE;40.6362453, -8.6543716;422;104
2018-03;Região de Saúde do Centro;Unidade Local de Saúde da Guarda, EPE;40.5309916, -7.2734793;134;41
2018-03;Região de Saúde do Centro;Unidade Local de Saúde de Castelo Branco, EPE;39.8212263, -7.4981271;97;28
2018-03;Região de Saúde LVT;Hospital de Vila Franca de Xira, PPP;38.977235, -8.984506;458;119
2018-03;Região de Saúde LVT;Hospital Professor Doutor Fernando Fonseca, EPE;38.7422257, -9.2264834;672;202
2018-03;Região de Saúde Norte;Centro Hospitalar Universitário do Porto, EPE;41.1472498, -8.6172617;800;215
2018-03;Região de Saúde Norte;Unidade Local de Saúde de Matosinhos, EPE;41.1794456, -8.6745115;366;116
2018-03;Região de Saúde Norte;Unidade Local de Saúde do Nordeste, EPE;41.8056532, -6.7888197;102;39
2018-04;Região de Saúde do Alentejo;Unidade Local de Saúde do Norte Alentejano, EPE;39.3003425, -7.4263845;167;48
2018-04;Região de Saúde LVT;Centro Hospitalar de Setúbal, EPE;38.5283754, -8.8818638;438;128
2018-04;Região de Saúde LVT;Centro Hospitalar Universitário de Lisboa Norte, EPE;38.7500861, -9.1616116;759;231
2018-04;Região de Saúde LVT;Hospital de Cascais, PPP;38.729006, -9.418267;845;241
2018-04;Região de Saúde Norte;Hospital da Senhora da Oliveira, Guimarães, EPE;41.4387173, -8.3086907;626;186
2018-05;Região de Saúde LVT;Centro Hospitalar Barreiro/Montijo, EPE;38.6554005, -9.0592392;560;171
2018-05;Região de Saúde LVT;Centro Hospitalar de Lisboa Ocidental, EPE;38.708454, -9.216985;1022;283
2018-05;Região de Saúde LVT;Centro Hospitalar do Oeste, EPE;39.4054629, -9.1258493;481;142
2018-05;Região de Saúde LVT;Centro Hospitalar Médio Tejo, EPE;39.478072, -8.5404429;314;85
2018-05;Região de Saúde LVT;Hospital de Loures, EPE;38.821455, -9.176296;1078;246
2018-05;Região de Saúde Norte;Centro Hospitalar Vila Nova de Gaia/Espinho, EPE;41.1094138, -8.5972617;659;189
2018-05;Região de Saúde Norte;Hospital da Senhora da Oliveira, Guimarães, EPE;41.4387173, -8.3086907;802;236
2018-05;Região de Saúde Norte;Hospital de Braga, PPP;41.56785, -8.398982;1239;388
2018-06;Região de Saúde do Alentejo;Unidade Local de Saúde do Baixo Alentejo, EPE;38.014123, -7.8721227;471;140
2018-06;Região de Saúde do Algarve;Centro Hospitalar Universitário do Algarve,EPE;37.0238973, -7.9281554;1762;466
2018-06;Região de Saúde LVT;Centro Hospitalar de Setúbal, EPE;38.5283754, -8.8818638;580;97
2018-06;Região de Saúde LVT;Hospital de Loures, PPP;38.821455, -9.176296;1308;304
2018-06;Região de Saúde Norte;Centro Hospitalar Universitário do Porto, EPE;41.1472498, -8.6172617;1602;432
2018-06;Região de Saúde Norte;Centro Hospitalar Vila Nova de Gaia/Espinho, EPE;41.1094138, -8.5972617;785;229
2018-06;Região de Saúde Norte;Unidade Local de Saúde do Alto Minho, EPE;41.7056054, -8.8252713;654;172
2018-06;Região de Saúde Norte;Unidade Local de Saúde do Nordeste, EPE;41.8056532, -6.7888197;191;79
2018-07;Região de Saúde do Alentejo;Unidade Local de Saúde do Norte Alentejano, EPE;39.3003425, -7.4263845;305;92
2018-07;Região de Saúde LVT;Centro Hospitalar do Oeste, EPE;39.4054629, -9.1258493;682;199
2018-07;Região de Saúde LVT;Centro Hospitalar Universitário de Lisboa Norte, EPE;38.7500861, -9.1616116;1369;361
2018-07;Região de Saúde LVT;Centro Hospitalar Médio Tejo, EPE;39.478072, -8.5404429;444;119
2018-07;Região de Saúde LVT;Hospital de Cascais, PPP;38.729006, -9.418267;1483;419
2018-07;Região de Saúde LVT;Hospital de Loures, PPP;38.821455, -9.176296;1541;357
2018-07;Região de Saúde Norte;Centro Hospitalar Tâmega e Sousa, EPE;41.2494561, -8.264901;1261;292
2018-07;Região de Saúde Norte;Hospital de Braga, PPP;41.56785, -8.398982;1789;546
2018-07;Região de Saúde Norte;Unidade Local de Saúde do Nordeste, EPE;41.8056532, -6.7888197;233;96
2018-08;Região de Saúde do Alentejo;Unidade Local de Saúde do Norte Alentejano, EPE;39.3003425, -7.4263845;353;105
2018-08;Região de Saúde do Centro;Centro Hospitalar Universitário Cova da Beira, EPE;40.2804158, -7.4922407;365;134
2018-08;Região de Saúde do Centro;Centro Hospitalar Tondela-Viseu, EPE;40.516364, -8.0827433;1242;278
2018-08;Região de Saúde do Centro;Unidade Local de Saúde de Castelo Branco, EPE;39.8212263, -7.4981271;295;73
2018-08;Região de Saúde LVT;Hospital de Vila Franca de Xira, PPP;38.977235, -8.984506;1194;321
2018-08;Região de Saúde LVT;Hospital Distrital de Santarém, EPE;39.2410946, -8.6937515;682;183
2018-08;Região de Saúde Norte;Centro Hospitalar do Médio Ave, EPE;41.3423984, -8.4802503;738;239
2018-08;Região de Saúde Norte;Centro Hospitalar Entre Douro e Vouga, EPE;40.9293884, -8.5458794;1010;258
2018-08;Região de Saúde Norte;Centro Hospitalar Póvoa de Varzim/Vila do Conde, EPE;41.3828711, -8.7589945;652;186
2018-08;Região de Saúde Norte;Unidade Local de Saúde de Matosinhos, EPE;41.1794456, -8.6745115;1007;286
2018-08;Região de Saúde Norte;Unidade Local de Saúde do Nordeste, EPE;41.8056532, -6.7888197;286;120
2018-09;Região de Saúde do Centro;Unidade Local de Saúde da Guarda, EPE;40.5309916, -7.2734793;437;147
2018-09;Região de Saúde LVT;Hospital Professor Doutor Fernando Fonseca, EPE;38.7422257, -9.2264834;1988;611
2018-09;Região de Saúde Norte;Centro Hospitalar do Médio Ave, EPE;41.3423984, -8.4802503;837;270
2018-09;Região de Saúde Norte;Centro Hospitalar Universitário do Porto, EPE;41.1472498, -8.6172617;2453;672
2018-09;Região de Saúde Norte;Hospital da Senhora da Oliveira, Guimarães, EPE;41.4387173, -8.3086907;1530;445
2018-09;Região de Saúde Norte;Unidade Local de Saúde do Nordeste, EPE;41.8056532, -6.7888197;329;136
2018-10;Região de Saúde do Centro;Centro Hospitalar do Baixo Vouga, EPE;40.6362453, -8.6543716;1461;347
2018-10;Região de Saúde do Centro;Centro Hospitalar e Universitário de Coimbra, EPE;40.2191523, -8.4098211;3946;1179
2018-10;Região de Saúde do Centro;Unidade Local de Saúde da Guarda, EPE;40.5309916, -7.2734793;486;163
2018-10;Região de Saúde LVT;Centro Hospitalar Universitário Lisboa Central, EPE;38.7166948, -9.1371248;2896;915
2018-10;Região de Saúde LVT;Centro Hospitalar Médio Tejo, EPE;39.478072, -8.5404429;667;182
2018-10;Região de Saúde LVT;Hospital Distrital de Santarém, EPE;39.2410946, -8.6937515;883;245
2018-10;Região de Saúde Norte;Centro Hospitalar Póvoa de Varzim/Vila do Conde, EPE;41.3828711, -8.7589945;854;247
2018-10;Região de Saúde Norte;Centro Hospitalar Tâmega e Sousa, EPE;41.2494561, -8.264901;1913;430
2018-10;Região de Saúde Norte;Centro Hospitalar Trás-os-Montes e Alto Douro, EPE;41.3031784, -7.7515252;1091;417
2018-11;Região de Saúde do Algarve;Centro Hospitalar Universitário do Algarve,EPE;37.0238973, -7.9281554;3440;914
2018-11;Região de Saúde do Centro;Centro Hospitalar Tondela-Viseu, EPE;40.516364, -8.0827433;1715;381
2018-11;Região de Saúde do Centro;Unidade Local de Saúde de Castelo Branco, EPE;39.8212263, -7.4981271;410;96
2018-11;Região de Saúde LVT;Centro Hospitalar Universitário Lisboa Central, EPE;38.7166948, -9.1371248;3163;984
2018-11;Região de Saúde LVT;Centro Hospitalar do Oeste, EPE;39.4054629, -9.1258493;1128;320
2018-11;Região de Saúde LVT;Hospital de Loures, PPP;38.821455, -9.176296;2561;601
2018-11;Região de Saúde LVT;Hospital de Vila Franca de Xira, PPP;38.977235, -8.984506;1744;503
2018-11;Região de Saúde Norte;Centro Hospitalar Universitário do Porto, EPE;41.1472498, -8.6172617;3051;840
2018-11;Região de Saúde Norte;Centro Hospitalar Entre Douro e Vouga, EPE;40.9293884, -8.5458794;1423;358
2018-11;Região de Saúde Norte;Centro Hospitalar Vila Nova de Gaia/Espinho, EPE;41.1094138, -8.5972617;1524;452
2018-11;Região de Saúde Norte;Hospital de Braga, PPP;41.56785, -8.398982;2920;855
2018-12;Região de Saúde LVT;Centro Hospitalar Barreiro/Montijo, EPE;38.6554005, -9.0592392;1513;435
2018-12;Região de Saúde LVT;Centro Hospitalar de Setúbal, EPE;38.5283754, -8.8818638;1589;468
2018-12;Região de Saúde Norte;Centro Hospitalar Trás-os-Montes e Alto Douro, EPE;41.3031784, -7.7515252;1290;482
2018-12;Região de Saúde Norte;Centro Hospitalar Vila Nova de Gaia/Espinho, EPE;41.1094138, -8.5972617;1671;499
2018-12;Região de Saúde Norte;Hospital da Senhora da Oliveira, Guimarães, EPE;41.4387173, -8.3086907;2057;631
2019-01;Região de Saúde do Algarve;Centro Hospitalar Universitário do Algarve,EPE;37.0238973, -7.9281554;326;105
2019-01;Região de Saúde do Centro;Centro Hospitalar Tondela-Viseu, EPE;40.516364, -8.0827433;168;41
2019-01;Região de Saúde LVT;Centro Hospitalar Universitário de Lisboa Norte, EPE;38.7500861, -9.1616116;198;48
2019-01;Região de Saúde Norte;Centro Hospitalar do Médio Ave, EPE;41.3423984, -8.4802503;92;30
2019-01;Região de Saúde Norte;Centro Hospitalar Tâmega e Sousa, EPE;41.2494561, -8.264901;186;31
2019-01;Região de Saúde Norte;Centro Hospitalar Trás-os-Montes e Alto Douro, EPE;41.3031784, -7.7515252;98;37
2019-02;Região de Saúde do Alentejo;Unidade Local de Saúde do Baixo Alentejo, EPE;38.014123, -7.8721227;166;48
2019-02;Região de Saúde do Centro;Centro Hospitalar de Leiria, EPE;39.7414812, -8.7982706;275;85
2019-02;Região de Saúde do Centro;Centro Hospitalar Tondela-Viseu, EPE;40.516364, -8.0827433;289;69
2019-02;Região de Saúde do Centro;Unidade Local de Saúde da Guarda, EPE;40.5309916, -7.2734793;77;17
2019-02;Região de Saúde LVT;Centro Hospitalar Universitário Lisboa Central, EPE;38.7166948, -9.1371248;516;141
2019-02;Região de Saúde LVT;Hospital de Loures, EPE;38.821455, -9.176296;432;99
2019-02;Região de Saúde Norte;Centro Hospitalar do Médio Ave, EPE;41.3423984, -8.4802503;188;54
2019-02;Região de Saúde Norte;Hospital da Senhora da Oliveira, Guimarães, EPE;41.4387173, -8.3086907;296;89
2019-02;Região de Saúde Norte;Unidade Local de Saúde do Alto Minho, EPE;41.7056054, -8.8252713;225;58
2019-03;Região de Saúde do Centro;Centro Hospitalar e Universitário de Coimbra, EPE;40.2191523, -8.4098211;1160;346
2019-03;Região de Saúde do Centro;Centro Hospitalar Tondela-Viseu, EPE;40.516364, -8.0827433;445;109
2019-03;Região de Saúde LVT;Centro Hospitalar do Oeste, EPE;39.4054629, -9.1258493;284;85
2019-03;Região de Saúde LVT;Centro Hospitalar Universitário de Lisboa Norte, EPE;38.7500861, -9.1616116;604;145
2019-03;Região de Saúde LVT;Hospital de Loures, PPP;38.821455, -9.176296;666;146
2019-03;Região de Saúde LVT;Hospital de Vila Franca de Xira, PPP;38.977235, -8.984506;459;130
2019-03;Região de Saúde LVT;Hospital Professor Doutor Fernando Fonseca, EPE;38.7422257, -9.2264834;668;209
2019-03;Região de Saúde LVT;Hospital Garcia de Orta, EPE;38.6658713, -9.1822554;654;192
2019-03;Região de Saúde Norte;Centro Hospitalar Universitário de São João, EPE;41.1831056, -8.6010558;561;181
2019-03;Região de Saúde Norte;Centro Hospitalar Vila Nova de Gaia/Espinho, EPE;41.1094138, -8.5972617;368;104
2019-03;Região de Saúde Norte;Unidade Local de Saúde do Alto Minho, EPE;41.7056054, -8.8252713;344;92
2019-03;Região de Saúde Norte;Unidade Local de Saúde do Nordeste, EPE;41.8056532, -6.7888197;121;56
2019-04;Região de Saúde do Centro;Unidade Local de Saúde da Guarda, EPE;40.5309916, -7.2734793;162;43
2019-04;Região de Saúde LVT;Centro Hospitalar Barreiro/Montijo, EPE;38.6554005, -9.0592392;462;146
2019-04;Região de Saúde LVT;Hospital de Cascais, PPP;38.729006, -9.418267;837;238
2019-04;Região de Saúde LVT;Hospital de Loures, PPP;38.821455, -9.176296;888;191
2019-04;Região de Saúde Norte;Hospital de Braga, PPP;41.56785, -8.398982;991;242
2019-05;Região de Saúde do Alentejo;Unidade Local de Saúde do Baixo Alentejo, EPE;38.014123, -7.8721227;384;124
2019-05;Região de Saúde do Alentejo;Unidade Local de Saúde do Norte Alentejano, EPE;39.3003425, -7.4263845;189;64
2019-05;Região de Saúde do Algarve;Centro Hospitalar Universitário do Algarve,EPE;37.0238973, -7.9281554;1521;452
2019-05;Região de Saúde do Centro;Centro Hospitalar do Baixo Vouga, EPE;40.6362453, -8.6543716;699;162
2019-05;Região de Saúde do Centro;Centro Hospitalar e Universitário de Coimbra, EPE;40.2191523, -8.4098211;1879;554
2019-05;Região de Saúde do Centro;Unidade Local de Saúde da Guarda, EPE;40.5309916, -7.2734793;216;58
2019-05;Região de Saúde LVT;Centro Hospitalar Universitário Lisboa Central, EPE;38.7166948, -9.1371248;1331;409
2019-05;Região de Saúde LVT;Centro Hospitalar de Setúbal, EPE;38.5283754, -8.8818638;627;239
2019-05;Região de Saúde LVT;Hospital de Loures, EPE;38.821455, -9.176296;1125;239
2019-05;Região de Saúde Norte;Centro Hospitalar Universitário de São João, EPE;41.1831056, -8.6010558;934;277
2019-05;Região de Saúde Norte;Centro Hospitalar Universitário do Porto, EPE;41.1472498, -8.6172617;1399;418
2019-06;Região de Saúde do Alentejo;Unidade Local de Saúde do Baixo Alentejo, EPE;38.014123, -7.8721227;449;144
2019-06;Região de Saúde do Centro;Centro Hospitalar Universitário Cova da Beira, EPE;40.2804158, -7.4922407;203;60
2019-06;Região de Saúde LVT;Centro Hospitalar de Setúbal, EPE;38.5283754, -8.8818638;758;280
2019-06;Região de Saúde Norte;Centro Hospitalar Entre Douro e Vouga, EPE;40.9293884, -8.5458794;743;202
2019-06;Região de Saúde Norte;Centro Hospitalar Trás-os-Montes e Alto Douro, EPE;41.3031784, -7.7515252;563;196
2019-06;Região de Saúde Norte;Unidade Local de Saúde do Nordeste, EPE;41.8056532, -6.7888197;241;107
2019-07;Região de Saúde do Alentejo;Hospital Espírito Santo de Évora, EPE;38.5684861, -7.9032848;623;209
2019-07;Região de Saúde do Algarve;Centro Hospitalar Universitário do Algarve,EPE;37.0238973, -7.9281554;2177;666
2019-07;Região de Saúde LVT;Hospital de Loures, EPE;38.821455, -9.176296;1586;348
2019-07;Região de Saúde LVT;Hospital de Loures, PPP;38.821455, -9.176296;1586;348
2019-07;Região de Saúde LVT;Hospital Garcia de Orta, EPE;38.6658713, -9.1822554;1593;464
2019-07;Região de Saúde Norte;Centro Hospitalar Tâmega e Sousa, EPE;41.2494561, -8.264901;1264;295
2019-07;Região de Saúde Norte;Centro Hospitalar Trás-os-Montes e Alto Douro, EPE;41.3031784, -7.7515252;675;236
2019-08;Região de Saúde do Centro;Centro Hospitalar e Universitário de Coimbra, EPE;40.2191523, -8.4098211;3069;896
2019-08;Região de Saúde LVT;Centro Hospitalar Universitário Lisboa Central, EPE;38.7166948, -9.1371248;2166;688
2019-08;Região de Saúde LVT;Hospital de Loures, EPE;38.821455, -9.176296;1809;402
2019-08;Região de Saúde Norte;Centro Hospitalar Trás-os-Montes e Alto Douro, EPE;41.3031784, -7.7515252;790;277
2019-08;Região de Saúde Norte;Unidade Local de Saúde de Matosinhos, EPE;41.1794456, -8.6745115;969;274
2019-09;Região de Saúde do Alentejo;Unidade Local de Saúde do Baixo Alentejo, EPE;38.014123, -7.8721227;749;239
2019-09;Região de Saúde do Centro;Centro Hospitalar Universitário Cova da Beira, EPE;40.2804158, -7.4922407;325;106
2019-09;Região de Saúde do Centro;Centro Hospitalar e Universitário de Coimbra, EPE;40.2191523, -8.4098211;3498;1006
2019-09;Região de Saúde LVT;Centro Hospitalar Médio Tejo, EPE;39.478072, -8.5404429;594;159
2019-09;Região de Saúde LVT;Hospital Garcia de Orta, EPE;38.6658713, -9.1822554;2102;590
2019-09;Região de Saúde Norte;Centro Hospitalar Trás-os-Montes e Alto Douro, EPE;41.3031784, -7.7515252;886;313
2019-09;Região de Saúde Norte;Hospital de Braga, EPE;41.56785, -8.398982;2387;659
2019-09;Região de Saúde Norte;Unidade Local de Saúde de Matosinhos, EPE;41.1794456, -8.6745115;1116;318
2019-10;Região de Saúde do Centro;Centro Hospitalar de Leiria, EPE;39.7414812, -8.7982706;1604;440
2019-10;Região de Saúde do Centro;Centro Hospitalar e Universitário de Coimbra, EPE;40.2191523, -8.4098211;3926;1114
2019-10;Região de Saúde LVT;Centro Hospitalar Barreiro/Montijo, EPE;38.6554005, -9.0592392;1309;352
2019-10;Região de Saúde Norte;Centro Hospitalar Universitário de São João, EPE;41.1831056, -8.6010558;1940;562
2019-10;Região de Saúde Norte;Centro Hospitalar Universitário do Porto, EPE;41.1472498, -8.6172617;2907;840
2019-10;Região de Saúde Norte;Hospital da Senhora da Oliveira, Guimarães, EPE;41.4387173, -8.3086907;1613;578
2019-10;Região de Saúde Norte;Unidade Local de Saúde do Nordeste, EPE;41.8056532, -6.7888197;416;176
2019-11;Região de Saúde do Algarve;Centro Hospitalar Universitário do Algarve,EPE;37.0238973, -7.9281554;3506;1074
2019-11;Região de Saúde LVT;Centro Hospitalar Médio Tejo, EPE;39.478072, -8.5404429;725;204
2019-11;Região de Saúde LVT;Hospital de Loures, EPE;38.821455, -9.176296;2524;563
2019-11;Região de Saúde Norte;Centro Hospitalar Trás-os-Montes e Alto Douro, EPE;41.3031784, -7.7515252;1067;392
2019-11;Região de Saúde Norte;Unidade Local de Saúde do Alto Minho, EPE;41.7056054, -8.8252713;1327;412
2019-12;Região de Saúde do Centro;Centro Hospitalar Tondela-Viseu, EPE;40.516364, -8.0827433;1891;507
2019-12;Região de Saúde do Centro;Unidade Local de Saúde da Guarda, EPE;40.5309916, -7.2734793;538;174
2019-12;Região de Saúde LVT;Hospital de Vila Franca de Xira, PPP;38.977235, -8.984506;1952;643
2020-01;Região de Saúde do Centro;Centro Hospitalar do Baixo Vouga, EPE;40.6362453, -8.6543716;131;38
2020-01;Região de Saúde do Centro;Unidade Local de Saúde da Guarda, EPE;40.5309916, -7.2734793;48;18
2020-01;Região de Saúde LVT;Hospital de Loures, EPE;38.821455, -9.176296;235;56
2020-01;Região de Saúde Norte;Centro Hospitalar do Médio Ave, EPE;41.3423984, -8.4802503;100;33
2020-01;Região de Saúde Norte;Centro Hospitalar Trás-os-Montes e Alto Douro, EPE;41.3031784, -7.7515252;99;47
2020-02;Região de Saúde do Alentejo;Unidade Local de Saúde do Baixo Alentejo, EPE;38.014123, -7.8721227;173;52
2020-02;Região de Saúde do Alentejo;Unidade Local de Saúde do Norte Alentejano, EPE;39.3003425, -7.4263845;66;21
2020-02;Região de Saúde do Algarve;Centro Hospitalar Universitário do Algarve,EPE;37.0238973, -7.9281554;582;172
2020-02;Região de Saúde do Centro;Centro Hospitalar Tondela-Viseu, EPE;40.516364, -8.0827433;294;81
2020-02;Região de Saúde LVT;Centro Hospitalar Universitário de Lisboa Norte, EPE;38.7500861, -9.1616116;392;102
2020-02;Região de Saúde LVT;Hospital de Loures, PPP;38.821455, -9.176296;413;98
2020-02;Região de Saúde LVT;Hospital Professor Doutor Fernando Fonseca, EPE;38.7422257, -9.2264834;452;161
2020-02;Região de Saúde LVT;Hospital Garcia de Orta, EPE;38.6658713, -9.1822554;455;148
2020-02;Região de Saúde Norte;Centro Hospitalar Trás-os-Montes e Alto Douro, EPE;41.3031784, -7.7515252;178;83
2020-02;Região de Saúde Norte;Unidade Local de Saúde do Alto Minho, EPE;41.7056054, -8.8252713;224;59
2020-03;Região de Saúde LVT;Centro Hospitalar Universitário Lisboa Central, EPE;38.7166948, -9.1371248;829;254
2020-03;Região de Saúde Norte;Centro Hospitalar Vila Nova de Gaia/Espinho, EPE;41.1094138, -8.5972617;399;119
2020-03;Região de Saúde Norte;Hospital da Senhora da Oliveira, Guimarães, EPE;41.4387173, -8.3086907;496;174
2020-04;Região de Saúde do Algarve;Centro Hospitalar Universitário do Algarve,EPE;37.0238973, -7.9281554;1173;331
2020-04;Região de Saúde do Centro;Centro Hospitalar Universitário Cova da Beira, EPE;40.2804158, -7.4922407;166;50
2020-04;Região de Saúde LVT;Hospital de Vila Franca de Xira, PPP;38.977235, -8.984506;640;210
2020-04;Região de Saúde LVT;Hospital Distrital de Santarém, EPE;39.2410946, -8.6937515;344;95
2020-04;Região de Saúde Norte;Centro Hospitalar Póvoa de Varzim/Vila do Conde, EPE;41.3828711, -8.7589945;415;125
2020-05;Região de Saúde do Alentejo;Hospital Espírito Santo de Évora, EPE;38.5684861, -7.9032848;450;136
2020-05;Região de Saúde do Centro;Centro Hospitalar de Leiria, EPE;39.7414812, -8.7982706;749;191
2020-05;Região de Saúde LVT;Centro Hospitalar Médio Tejo, EPE;39.478072, -8.5404429;356;92
2020-05;Região de Saúde LVT;Hospital Professor Doutor Fernando Fonseca, EPE;38.7422257, -9.2264834;1092;380
2020-05;Região de Saúde Norte;Centro Hospitalar Vila Nova de Gaia/Espinho, EPE;41.1094138, -8.5972617;669;212
2020-05;Região de Saúde Norte;Hospital da Senhora da Oliveira, Guimarães, EPE;41.4387173, -8.3086907;839;301
2020-05;Região de Saúde Norte;Unidade Local de Saúde do Alto Minho, EPE;41.7056054, -8.8252713;514;177
2020-05;Região de Saúde Norte;Unidade Local de Saúde do Nordeste, EPE;41.8056532, -6.7888197;182;81
2020-06;Região de Saúde do Algarve;Centro Hospitalar Universitário do Algarve,EPE;37.0238973, -7.9281554;1781;505
2020-06;Região de Saúde do Centro;Centro Hospitalar e Universitário de Coimbra, EPE;40.2191523, -8.4098211;2236;641
2020-06;Região de Saúde do Centro;Unidade Local de Saúde da Guarda, EPE;40.5309916, -7.2734793;290;107
2020-06;Região de Saúde LVT;Centro Hospitalar Universitário Lisboa Central, EPE;38.7166948, -9.1371248;1578;509
2020-06;Região de Saúde LVT;Hospital de Loures, EPE;38.821455, -9.176296;1195;282
2020-06;Região de Saúde LVT;Hospital de Loures, PPP;38.821455, -9.176296;1195;282
2020-06;Região de Saúde LVT;Hospital de Vila Franca de Xira, PPP;38.977235, -8.984506;954;297
2020-06;Região de Saúde Norte;Centro Hospitalar do Médio Ave, EPE;41.3423984, -8.4802503;547;185
2020-06;Região de Saúde Norte;Centro Hospitalar Entre Douro e Vouga, EPE;40.9293884, -8.5458794;707;197
2020-06;Região de Saúde Norte;Unidade Local de Saúde de Matosinhos, EPE;41.1794456, -8.6745115;723;208
2020-06;Região de Saúde Norte;Unidade Local de Saúde do Alto Minho, EPE;41.7056054, -8.8252713;609;211
2020-06;Região de Saúde Norte;Unidade Local de Saúde do Nordeste, EPE;41.8056532, -6.7888197;220;99
2020-07;Região de Saúde do Centro;Centro Hospitalar do Baixo Vouga, EPE;40.6362453, -8.6543716;1025;262
2020-07;Região de Saúde do Centro;Centro Hospitalar e Universitário de Coimbra, EPE;40.2191523, -8.4098211;2641;736
2020-07;Região de Saúde do Centro;Unidade Local de Saúde da Guarda, EPE;40.5309916, -7.2734793;336;126
2020-07;Região de Saúde LVT;Centro Hospitalar do Oeste, EPE;39.4054629, -9.1258493;793;236
2020-07;Região de Saúde LVT;Centro Hospitalar Universitário de Lisboa Norte, EPE;38.7500861, -9.1616116;1328;342
2020-07;Região de Saúde LVT;Hospital Distrital de Santarém, EPE;39.2410946, -8.6937515;607;158
2020-07;Região de Saúde LVT;Hospital Garcia de Orta, EPE;38.6658713, -9.1822554;1548;473
2020-07;Região de Saúde Norte;Unidade Local de Saúde de Matosinhos, EPE;41.1794456, -8.6745115;879;254
2020-08;Região de Saúde do Centro;Unidade Local de Saúde de Castelo Branco, EPE;39.8212263, -7.4981271;255;71
2020-08;Região de Saúde LVT;Centro Hospitalar Universitário Lisboa Central, EPE;38.7166948, -9.1371248;2109;685
2020-08;Região de Saúde LVT;Centro Hospitalar Médio Tejo, EPE;39.478072, -8.5404429;555;138
2020-08;Região de Saúde LVT;Hospital de Loures, EPE;38.821455, -9.176296;1568;371
2020-08;Região de Saúde Norte;Centro Hospitalar do Médio Ave, EPE;41.3423984, -8.4802503;744;242
2020-08;Região de Saúde Norte;Centro Hospitalar Tâmega e Sousa, EPE;41.2494561, -8.264901;1433;357
2020-08;Região de Saúde Norte;Hospital de Braga, EPE;41.56785, -8.398982;2103;557
2020-09;Região de Saúde do Alentejo;Unidade Local de Saúde do Norte Alentejano, EPE;39.3003425, -7.4263845;335;115
2020-09;Região de Saúde do Centro;Unidade Local de Saúde de Castelo Branco, EPE;39.8212263, -7.4981271;284;77
2020-09;Região de Saúde LVT;Hospital de Loures, EPE;38.821455, -9.176296;1788;427
2020-09;Região de Saúde LVT;Hospital de Loures, PPP;38.821455, -9.176296;1788;427
2020-09;Região de Saúde LVT;Hospital Professor Doutor Fernando Fonseca, EPE;38.7422257, -9.2264834;1827;676
2020-09;Região de Saúde Norte;Centro Hospitalar Universitário do Porto, EPE;41.1472498, -8.6172617;2527;672
2020-09;Região de Saúde Norte;Unidade Local de Saúde do Nordeste, EPE;41.8056532, -6.7888197;321;138
2020-10;Região de Saúde do Centro;Centro Hospitalar Tondela-Viseu, EPE;40.516364, -8.0827433;1549;393
2020-10;Região de Saúde LVT;Centro Hospitalar do Oeste, EPE;39.4054629, -9.1258493;1135;347
2020-10;Região de Saúde Norte;Centro Hospitalar do Médio Ave, EPE;41.3423984, -8.4802503;938;299
2020-11;Região de Saúde do Centro;Unidade Local de Saúde da Guarda, EPE;40.5309916, -7.2734793;510;179
2020-11;Região de Saúde LVT;Centro Hospitalar Barreiro/Montijo, EPE;38.6554005, -9.0592392;1410;441
2020-11;Região de Saúde LVT;Centro Hospitalar Universitário de Lisboa Norte, EPE;38.7500861, -9.1616116;2158;553
2020-11;Região de Saúde LVT;Hospital de Loures, PPP;38.821455, -9.176296;2203;528
2020-11;Região de Saúde LVT;Hospital Professor Doutor Fernando Fonseca, EPE;38.7422257, -9.2264834;2232;814
2020-11;Região de Saúde Norte;Centro Hospitalar Universitário de São João, EPE;41.1831056, -8.6010558;1962;591
2020-11;Região de Saúde Norte;Centro Hospitalar Póvoa de Varzim/Vila do Conde, EPE;41.3828711, -8.7589945;1222;381
2020-11;Região de Saúde Norte;Centro Hospitalar Trás-os-Montes e Alto Douro, EPE;41.3031784, -7.7515252;1093;477
2020-11;Região de Saúde Norte;Centro Hospitalar Vila Nova de Gaia/Espinho, EPE;41.1094138, -8.5972617;1489;465
2020-12;Região de Saúde do Centro;Centro Hospitalar de Leiria, EPE;39.7414812, -8.7982706;1877;487
2020-12;Região de Saúde do Centro;Unidade Local de Saúde da Guarda, EPE;40.5309916, -7.2734793;547;188
2020-12;Região de Saúde do Centro;Unidade Local de Saúde de Castelo Branco, EPE;39.8212263, -7.4981271;378;93
2020-12;Região de Saúde LVT;Hospital de Cascais, PPP;38.729006, -9.418267;2245;628
2020-12;Região de Saúde LVT;Hospital Distrital de Santarém, EPE;39.2410946, -8.6937515;1119;313
2020-12;Região de Saúde Norte;Centro Hospitalar Universitário de São João, EPE;41.1831056, -8.6010558;2138;638
2020-12;Região de Saúde Norte;Centro Hospitalar Póvoa de Varzim/Vila do Conde, EPE;41.3828711, -8.7589945;1324;413
2020-12;Região de Saúde Norte;Centro Hospitalar Trás-os-Montes e Alto Douro, EPE;41.3031784, -7.7515252;1187;506
2020-12;Região de Saúde Norte;Unidade Local de Saúde do Alto Minho, EPE;41.7056054, -8.8252713;1361;476
2021-01;Região de Saúde do Centro;Centro Hospitalar Tondela-Viseu, EPE;40.516364, -8.0827433;123;34
2021-01;Região de Saúde LVT;Centro Hospitalar de Lisboa Ocidental, EPE;38.708454, -9.216985;154;28
2021-01;Região de Saúde LVT;Centro Hospitalar Universitário de Lisboa Norte, EPE;38.7500861, -9.1616116;154;46
2021-01;Região de Saúde LVT;Hospital de Loures, EPE;38.821455, -9.176296;157;32
2021-01;Região de Saúde Norte;Centro Hospitalar Universitário de São João, EPE;41.1831056, -8.6010558;139;40
2021-01;Região de Saúde Norte;Centro Hospitalar do Médio Ave, EPE;41.3423984, -8.4802503;61;23
2021-01;Região de Saúde Norte;Centro Hospitalar Trás-os-Montes e Alto Douro, EPE;41.3031784, -7.7515252;89;44
2021-02;Região de Saúde LVT;Hospital de Loures, PPP;38.821455, -9.176296;300;64
2021-02;Região de Saúde LVT;Hospital Professor Doutor Fernando Fonseca, EPE;38.7422257, -9.2264834;325;126
2021-02;Região de Saúde Norte;Centro Hospitalar Universitário de São João, EPE;41.1831056, -8.6010558;286;82
2021-02;Região de Saúde Norte;Centro Hospitalar Entre Douro e Vouga, EPE;40.9293884, -8.5458794;205;72
2021-02;Região de Saúde Norte;Centro Hospitalar Póvoa de Varzim/Vila do Conde, EPE;41.3828711, -8.7589945;226;95
2021-02;Região de Saúde Norte;Hospital da Senhora da Oliveira, Guimarães, EPE;41.4387173, -8.3086907;243;85
2021-03;Região de Saúde do Alentejo;Unidade Local de Saúde do Baixo Alentejo, EPE;38.014123, -7.8721227;246;70
2021-03;Região de Saúde do Centro;Centro Hospitalar e Universitário de Coimbra, EPE;40.2191523, -8.4098211;1006;287
2021-03;Região de Saúde LVT;Hospital de Loures, EPE;38.821455, -9.176296;460;99
2021-03;Região de Saúde LVT;Hospital Professor Doutor Fernando Fonseca, EPE;38.7422257, -9.2264834;484;194
2021-03;Região de Saúde Norte;Centro Hospitalar Vila Nova de Gaia/Espinho, EPE;41.1094138, -8.5972617;355;90
2021-03;Região de Saúde Norte;Hospital de Braga, EPE;41.56785, -8.398982;622;207
2021-03;Região de Saúde Norte;Unidade Local de Saúde do Alto Minho, EPE;41.7056054, -8.8252713;295;98
2021-03;Região de Saúde Norte;Unidade Local de Saúde do Nordeste, EPE;41.8056532, -6.7888197;90;35
2021-04;Região de Saúde do Alentejo;Unidade Local de Saúde do Baixo Alentejo, EPE;38.014123, -7.8721227;318;94
2021-04;Região de Saúde do Centro;Unidade Local de Saúde da Guarda, EPE;40.5309916, -7.2734793;151;58
2021-04;Região de Saúde LVT;Centro Hospitalar de Setúbal, EPE;38.5283754, -8.8818638;430;130
2021-04;Região de Saúde LVT;Centro Hospitalar do Oeste, EPE;39.4054629, -9.1258493;418;140
2021-04;Região de Saúde Norte;Centro Hospitalar Póvoa de Varzim/Vila do Conde, EPE;41.3828711, -8.7589945;469;182
2021-04;Região de Saúde Norte;Centro Hospitalar Trás-os-Montes e Alto Douro, EPE;41.3031784, -7.7515252;350;161
2021-04;Região de Saúde Norte;Hospital da Senhora da Oliveira, Guimarães, EPE;41.4387173, -8.3086907;520;185
2021-04;Região de Saúde Norte;Hospital de Braga, EPE;41.56785, -8.398982;849;275
2021-05;Região de Saúde do Centro;Unidade Local de Saúde da Guarda, EPE;40.5309916, -7.2734793;187;70
2021-05;Região de Saúde do Centro;Unidade Local de Saúde de Castelo Branco, EPE;39.8212263, -7.4981271;116;25
2021-05;Região de Saúde LVT;Centro Hospitalar Barreiro/Montijo, EPE;38.6554005, -9.0592392;503;164
2021-05;Região de Saúde LVT;Hospital de Cascais, PPP;38.729006, -9.418267;874;227
2021-05;Região de Saúde LVT;Hospital Distrital de Santarém, EPE;39.2410946, -8.6937515;425;119
2021-05;Região de Saúde Norte;Centro Hospitalar Universitário de São João, EPE;41.1831056, -8.6010558;750;218
2021-05;Região de Saúde Norte;Centro Hospitalar do Médio Ave, EPE;41.3423984, -8.4802503;376;131
2021-05;Região de Saúde Norte;Centro Hospitalar Tâmega e Sousa, EPE;41.2494561, -8.264901;741;167
2021-05;Região de Saúde Norte;Centro Hospitalar Trás-os-Montes e Alto Douro, EPE;41.3031784, -7.7515252;452;202
2021-05;Região de Saúde Norte;Hospital de Braga, EPE;41.56785, -8.398982;1093;352
2021-05;Região de Saúde Norte;Unidade Local de Saúde de Matosinhos, EPE;41.1794456, -8.6745115;571;156
2021-06;Região de Saúde do Alentejo;Hospital Espírito Santo de Évora, EPE;38.5684861, -7.9032848;468;199
2021-06;Região de Saúde do Alentejo;Unidade Local de Saúde do Norte Alentejano, EPE;39.3003425, -7.4263845;194;45
2021-06;Região de Saúde do Centro;Centro Hospitalar do Baixo Vouga, EPE;40.6362453, -8.6543716;809;231
2021-06;Região de Saúde do Centro;Unidade Local de Saúde da Guarda, EPE;40.5309916, -7.2734793;219;83
2021-06;Região de Saúde LVT;Centro Hospitalar Barreiro/Montijo, EPE;38.6554005, -9.0592392;617;207
2021-06;Região de Saúde LVT;Hospital Distrital de Santarém, EPE;39.2410946, -8.6937515;503;137
2021-06;Região de Saúde LVT;Hospital Professor Doutor Fernando Fonseca, EPE;38.7422257, -9.2264834;1009;380
2021-06;Região de Saúde Norte;Centro Hospitalar do Médio Ave, EPE;41.3423984, -8.4802503;441;150
2021-06;Região de Saúde Norte;Centro Hospitalar Tâmega e Sousa, EPE;41.2494561, -8.264901;912;202
2021-06;Região de Saúde Norte;Centro Hospitalar Trás-os-Montes e Alto Douro, EPE;41.3031784, -7.7515252;540;242
2021-06;Região de Saúde Norte;Centro Hospitalar Vila Nova de Gaia/Espinho, EPE;41.1094138, -8.5972617;696;200
2021-06;Região de Saúde Norte;Hospital de Braga, EPE;41.56785, -8.398982;1312;409
2021-06;Região de Saúde Norte;Unidade Local de Saúde de Matosinhos, EPE;41.1794456, -8.6745115;701;197
2021-06;Região de Saúde Norte;Unidade Local de Saúde do Alto Minho, EPE;41.7056054, -8.8252713;574;186
2021-07;Região de Saúde do Algarve;Centro Hospitalar Universitário do Algarve,EPE;37.0238973, -7.9281554;1970;567
2021-07;Região de Saúde do Centro;Centro Hospitalar do Baixo Vouga, EPE;40.6362453, -8.6543716;945;269
2021-07;Região de Saúde do Centro;Centro Hospitalar e Universitário de Coimbra, EPE;40.2191523, -8.4098211;2405;663
2021-07;Região de Saúde do Centro;Unidade Local de Saúde da Guarda, EPE;40.5309916, -7.2734793;260;101
2021-07;Região de Saúde do Centro;Unidade Local de Saúde de Castelo Branco, EPE;39.8212263, -7.4981271;166;36
2021-07;Região de Saúde LVT;Centro Hospitalar Barreiro/Montijo, EPE;38.6554005, -9.0592392;744;243
2021-07;Região de Saúde LVT;Hospital Professor Doutor Fernando Fonseca, EPE;38.7422257, -9.2264834;1184;455
2021-07;Região de Saúde Norte;Centro Hospitalar Trás-os-Montes e Alto Douro, EPE;41.3031784, -7.7515252;628;282
2021-08;Região de Saúde LVT;Centro Hospitalar de Setúbal, EPE;38.5283754, -8.8818638;862;270
2021-08;Região de Saúde Norte;Centro Hospitalar do Médio Ave, EPE;41.3423984, -8.4802503;628;215
2021-08;Região de Saúde Norte;Centro Hospitalar Tâmega e Sousa, EPE;41.2494561, -8.264901;1260;274
2021-08;Região de Saúde Norte;Unidade Local de Saúde do Alto Minho, EPE;41.7056054, -8.8252713;782;264
2021-09;Região de Saúde do Alentejo;Unidade Local de Saúde do Baixo Alentejo, EPE;38.014123, -7.8721227;755;219
2021-09;Região de Saúde do Centro;Centro Hospitalar do Baixo Vouga, EPE;40.6362453, -8.6543716;1245;342
2021-09;Região de Saúde do Centro;Centro Hospitalar Tondela-Viseu, EPE;40.516364, -8.0827433;1268;356
2021-09;Região de Saúde LVT;Hospital de Vila Franca de Xira, EPE;38.977235, -8.984506;1208;416
2021-09;Região de Saúde LVT;Hospital Distrital de Santarém, EPE;39.2410946, -8.6937515;792;222
2021-09;Região de Saúde LVT;Hospital Professor Doutor Fernando Fonseca, EPE;38.7422257, -9.2264834;1544;578
2021-09;Região de Saúde Norte;Centro Hospitalar Universitário do Porto, EPE;41.1472498, -8.6172617;2288;685
2021-10;Região de Saúde do Centro;Centro Hospitalar Universitário Cova da Beira, EPE;40.2804158, -7.4922407;411;192
2021-10;Região de Saúde do Centro;Centro Hospitalar e Universitário de Coimbra, EPE;40.2191523, -8.4098211;3533;939
2021-10;Região de Saúde LVT;Centro Hospitalar Universitário Lisboa Central, EPE;38.7166948, -9.1371248;2377;787
2021-10;Região de Saúde Norte;Unidade Local de Saúde de Matosinhos, EPE;41.1794456, -8.6745115;1154;310
2021-11;Região de Saúde do Centro;Centro Hospitalar e Universitário de Coimbra, EPE;40.2191523, -8.4098211;3861;1031
2021-11;Região de Saúde LVT;Centro Hospitalar de Lisboa Ocidental, EPE;38.708454, -9.216985;1718;525
2021-11;Região de Saúde LVT;Hospital de Loures, EPE;38.821455, -9.176296;2099;482
2021-11;Região de Saúde LVT;Hospital de Loures, PPP;38.821455, -9.176296;2099;482
2021-11;Região de Saúde LVT;Hospital de Vila Franca de Xira, EPE;38.977235, -8.984506;1445;496
2021-11;Região de Saúde LVT;Hospital Distrital de Santarém, EPE;39.2410946, -8.6937515;988;289
2021-11;Região de Saúde LVT;Hospital Professor Doutor Fernando Fonseca, EPE;38.7422257, -9.2264834;1948;701
2021-11;Região de Saúde Norte;Unidade Local de Saúde do Alto Minho, EPE;41.7056054, -8.8252713;1114;376
2021-11;Região de Saúde Norte;Unidade Local de Saúde do Nordeste, EPE;41.8056532, -6.7888197;353;146
2021-12;Região de Saúde do Alentejo;Hospital Espírito Santo de Évora, EPE;38.5684861, -7.9032848;1000;422
2021-12;Região de Saúde do Centro;Centro Hospitalar Universitário Cova da Beira, EPE;40.2804158, -7.4922407;481;224
2021-12;Região de Saúde LVT;Centro Hospitalar de Lisboa Ocidental, EPE;38.708454, -9.216985;1887;589
2021-12;Região de Saúde LVT;Hospital de Loures, EPE;38.821455, -9.176296;2295;549
2021-12;Região de Saúde LVT;Hospital de Vila Franca de Xira, EPE;38.977235, -8.984506;1564;548
2021-12;Região de Saúde LVT;Hospital Distrital de Santarém, EPE;39.2410946, -8.6937515;1082;322
2021-12;Região de Saúde Norte;Unidade Local de Saúde do Nordeste, EPE;41.8056532, -6.7888197;385;160
2022-01;Região de Saúde do Alentejo;Hospital Espírito Santo de Évora, EPE;38.5684861, -7.9032848;75;34
2022-01;Região de Saúde do Alentejo;Unidade Local de Saúde do Norte Alentejano, EPE;39.3003425, -7.4263845;34;11
2022-01;Região de Saúde do Centro;Centro Hospitalar Tondela-Viseu, EPE;40.516364, -8.0827433;143;39
2022-01;Região de Saúde do Centro;Unidade Local de Saúde da Guarda, EPE;40.5309916, -7.2734793;31;12
2022-01;Região de Saúde LVT;Centro Hospitalar Barreiro/Montijo, EPE;38.6554005, -9.0592392;114;32
2022-01;Região de Saúde LVT;Centro Hospitalar de Lisboa Ocidental, EPE;38.708454, -9.216985;152;47
2022-01;Região de Saúde Norte;Centro Hospitalar Entre Douro e Vouga, EPE;40.9293884, -8.5458794;99;26
2022-01;Região de Saúde Norte;Unidade Local de Saúde do Alto Minho, EPE;41.7056054, -8.8252713;106;41
2022-01;Região de Saúde Norte;Unidade Local de Saúde do Nordeste, EPE;41.8056532, -6.7888197;26;15
2022-02;Região de Saúde do Alentejo;Unidade Local de Saúde do Norte Alentejano, EPE;39.3003425, -7.4263845;68;24
2022-02;Região de Saúde do Centro;Centro Hospitalar Tondela-Viseu, EPE;40.516364, -8.0827433;268;72
2022-02;Região de Saúde Norte;Centro Hospitalar do Médio Ave, EPE;41.3423984, -8.4802503;165;58
2022-03;Região de Saúde do Centro;Centro Hospitalar do Baixo Vouga, EPE;40.6362453, -8.6543716;383;125
2022-03;Região de Saúde LVT;Centro Hospitalar de Setúbal, EPE;38.5283754, -8.8818638;303;74
2022-03;Região de Saúde LVT;Hospital Garcia de Orta, EPE;38.6658713, -9.1822554;652;208
2022-03;Região de Saúde Norte;Centro Hospitalar Universitário de São João, EPE;41.1831056, -8.6010558;487;155
2022-03;Região de Saúde Norte;Centro Hospitalar Trás-os-Montes e Alto Douro, EPE;41.3031784, -7.7515252;286;133
2022-03;Região de Saúde Norte;Unidade Local de Saúde do Alto Minho, EPE;41.7056054, -8.8252713;290;107
2022-04;Região de Saúde do Alentejo;Unidade Local de Saúde do Norte Alentejano, EPE;39.3003425, -7.4263845;128;47
2022-04;Região de Saúde do Centro;Centro Hospitalar e Universitário de Coimbra, EPE;40.2191523, -8.4098211;1379;398
2022-04;Região de Saúde do Centro;Unidade Local de Saúde da Guarda, EPE;40.5309916, -7.2734793;137;59
2022-04;Região de Saúde LVT;Centro Hospitalar Universitário de Lisboa Norte, EPE;38.7500861, -9.1616116;764;227
2022-04;Região de Saúde LVT;Centro Hospitalar Médio Tejo, EPE;39.478072, -8.5404429;227;76
2022-04;Região de Saúde Norte;Centro Hospitalar Universitário de São João, EPE;41.1831056, -8.6010558;654;202
2022-04;Região de Saúde Norte;Centro Hospitalar Entre Douro e Vouga, EPE;40.9293884, -8.5458794;461;130
2022-04;Região de Saúde Norte;Centro Hospitalar Póvoa de Varzim/Vila do Conde, EPE;41.3828711, -8.7589945;414;156
2022-04;Região de Saúde Norte;Centro Hospitalar Tâmega e Sousa, EPE;41.2494561, -8.264901;631;163
2022-04;Região de Saúde Norte;Centro Hospitalar Trás-os-Montes e Alto Douro, EPE;41.3031784, -7.7515252;376;167
2022-05;Região de Saúde do Alentejo;Hospital Espírito Santo de Évora, EPE;38.5684861, -7.9032848;411;183
2022-05;Região de Saúde LVT;Centro Hospitalar Universitário Lisboa Central, EPE;38.7166948, -9.1371248;1259;440
2022-05;Região de Saúde LVT;Hospital de Vila Franca de Xira, EPE;38.977235, -8.984506;656;217
2022-05;Região de Saúde LVT;Hospital Garcia de Orta, EPE;38.6658713, -9.1822554;1035;336
2022-05;Região de Saúde Norte;Centro Hospitalar Universitário do Porto, EPE;41.1472498, -8.6172617;1215;343
2022-05;Região de Saúde Norte;Hospital da Senhora da Oliveira, Guimarães, EPE;41.4387173, -8.3086907;737;264
2022-06;Região de Saúde do Centro;Centro Hospitalar Tondela-Viseu, EPE;40.516364, -8.0827433;804;237
2022-06;Região de Saúde LVT;Centro Hospitalar do Oeste, EPE;39.4054629, -9.1258493;611;201
2022-06;Região de Saúde LVT;Hospital de Vila Franca de Xira, EPE;38.977235, -8.984506;797;254
2022-06;Região de Saúde LVT;Hospital Distrital de Santarém, EPE;39.2410946, -8.6937515;565;168
2022-06;Região de Saúde Norte;Centro Hospitalar Tâmega e Sousa, EPE;41.2494561, -8.264901;968;255
2022-06;Região de Saúde Norte;Unidade Local de Saúde de Matosinhos, EPE;41.1794456, -8.6745115;769;204
2022-07;Região de Saúde do Centro;Centro Hospitalar Tondela-Viseu, EPE;40.516364, -8.0827433;960;292
2022-07;Região de Saúde LVT;Hospital Garcia de Orta, EPE;38.6658713, -9.1822554;1471;473
2022-07;Região de Saúde Norte;Centro Hospitalar Trás-os-Montes e Alto Douro, EPE;41.3031784, -7.7515252;635;296
2022-07;Região de Saúde Norte;Hospital da Senhora da Oliveira, Guimarães, EPE;41.4387173, -8.3086907;1106;395
2022-07;Região de Saúde Norte;Unidade Local de Saúde de Matosinhos, EPE;41.1794456, -8.6745115;918;248
2022-07;Região de Saúde Norte;Unidade Local de Saúde do Alto Minho, EPE;41.7056054, -8.8252713;768;261
2022-07;Região de Saúde Norte;Unidade Local de Saúde do Nordeste, EPE;41.8056532, -6.7888197;197;86
2022-08;Região de Saúde do Alentejo;Unidade Local de Saúde do Norte Alentejano, EPE;39.3003425, -7.4263845;269;96
2022-08;Região de Saúde do Algarve;Centro Hospitalar Universitário do Algarve,EPE;37.0238973, -7.9281554;2235;709
2022-08;Região de Saúde LVT;Centro Hospitalar Universitário Lisboa Central, EPE;38.7166948, -9.1371248;2054;684
2022-08;Região de Saúde Norte;Centro Hospitalar do Médio Ave, EPE;41.3423984, -8.4802503;699;256
2022-09;Região de Saúde do Alentejo;Hospital Espírito Santo de Évora, EPE;38.5684861, -7.9032848;796;347
2022-09;Região de Saúde do Alentejo;Unidade Local de Saúde do Baixo Alentejo, EPE;38.014123, -7.8721227;686;230
2022-09;Região de Saúde do Alentejo;Unidade Local de Saúde do Norte Alentejano, EPE;39.3003425, -7.4263845;302;108
2022-09;Região de Saúde LVT;Centro Hospitalar do Oeste, EPE;39.4054629, -9.1258493;943;334
2022-09;Região de Saúde LVT;Hospital Garcia de Orta, EPE;38.6658713, -9.1822554;1850;609
2022-09;Região de Saúde Norte;Centro Hospitalar Tâmega e Sousa, EPE;41.2494561, -8.264901;1559;428
2022-09;Região de Saúde Norte;Centro Hospitalar Trás-os-Montes e Alto Douro, EPE;41.3031784, -7.7515252;842;382
2022-09;Região de Saúde Norte;Unidade Local de Saúde do Nordeste, EPE;41.8056532, -6.7888197;275;113
2022-10;Região de Saúde do Alentejo;Unidade Local de Saúde do Baixo Alentejo, EPE;38.014123, -7.8721227;759;255
2022-10;Região de Saúde do Centro;Centro Hospitalar Universitário Cova da Beira, EPE;40.2804158, -7.4922407;439;180
2022-10;Região de Saúde do Centro;Unidade Local de Saúde de Castelo Branco, EPE;39.8212263, -7.4981271;285;68
2022-10;Região de Saúde LVT;Centro Hospitalar de Lisboa Ocidental, EPE;38.708454, -9.216985;1741;570
2022-10;Região de Saúde LVT;Centro Hospitalar de Setúbal, EPE;38.5283754, -8.8818638;1036;267
2022-10;Região de Saúde LVT;Hospital Distrital de Santarém, EPE;39.2410946, -8.6937515;969;283
2022-10;Região de Saúde LVT;Hospital Garcia de Orta, EPE;38.6658713, -9.1822554;2036;679
2022-10;Região de Saúde Norte;Centro Hospitalar do Médio Ave, EPE;41.3423984, -8.4802503;942;361
2022-10;Região de Saúde Norte;Centro Hospitalar Vila Nova de Gaia/Espinho, EPE;41.1094138, -8.5972617;1417;447
2022-10;Região de Saúde Norte;Hospital da Senhora da Oliveira, Guimarães, EPE;41.4387173, -8.3086907;1663;577
2022-10;Região de Saúde Norte;Unidade Local de Saúde de Matosinhos, EPE;41.1794456, -8.6745115;1317;343
2022-11;Região de Saúde do Algarve;Centro Hospitalar Universitário do Algarve,EPE;37.0238973, -7.9281554;3159;952
2022-11;Região de Saúde do Centro;Centro Hospitalar de Leiria, EPE;39.7414812, -8.7982706;1744;538
2022-11;Região de Saúde do Centro;Unidade Local de Saúde de Castelo Branco, EPE;39.8212263, -7.4981271;329;78
2022-11;Região de Saúde LVT;Centro Hospitalar Barreiro/Montijo, EPE;38.6554005, -9.0592392;1462;433
2022-11;Região de Saúde LVT;Centro Hospitalar Médio Tejo, EPE;39.478072, -8.5404429;619;222
2022-11;Região de Saúde LVT;Hospital Professor Doutor Fernando Fonseca, EPE;38.7422257, -9.2264834;2414;814
2022-11;Região de Saúde Norte;Centro Hospitalar Póvoa de Varzim/Vila do Conde, EPE;41.3828711, -8.7589945;1249;428
2022-11;Região de Saúde Norte;Centro Hospitalar Vila Nova de Gaia/Espinho, EPE;41.1094138, -8.5972617;1586;499
2022-11;Região de Saúde Norte;Hospital da Senhora da Oliveira, Guimarães, EPE;41.4387173, -8.3086907;1843;627
2022-12;Região de Saúde do Alentejo;Unidade Local de Saúde do Norte Alentejano, EPE;39.3003425, -7.4263845;398;141
2022-12;Região de Saúde do Algarve;Centro Hospitalar Universitário do Algarve,EPE;37.0238973, -7.9281554;3432;1040
2022-12;Região de Saúde LVT;Hospital de Loures, EPE;38.821455, -9.176296;2074;591
2022-12;Região de Saúde Norte;Centro Hospitalar do Médio Ave, EPE;41.3423984, -8.4802503;1175;451
2023-01;Região de Saúde do Alentejo;Unidade Local de Saúde do Norte Alentejano, EPE;39.3003425, -7.4263845;26;8
2023-01;Região de Saúde do Centro;Unidade Local de Saúde de Castelo Branco, EPE;39.8212263, -7.4981271;35;8
2023-01;Região de Saúde LVT;Hospital Distrital de Santarém, EPE;39.2410946, -8.6937515;97;32
2023-01;Região de Saúde Norte;Unidade Local de Saúde de Matosinhos, EPE;41.1794456, -8.6745115;115;37
2023-02;Região de Saúde do Alentejo;Hospital Espírito Santo de Évora, EPE;38.5684861, -7.9032848;157;66
2023-02;Região de Saúde do Alentejo;Unidade Local de Saúde do Baixo Alentejo, EPE;38.014123, -7.8721227;135;45
2023-02;Região de Saúde do Algarve;Centro Hospitalar Universitário do Algarve,EPE;37.0238973, -7.9281554;580;170
2023-02;Região de Saúde do Centro;Centro Hospitalar de Leiria, EPE;39.7414812, -8.7982706;362;109
2023-02;Região de Saúde do Centro;Centro Hospitalar e Universitário de Coimbra, EPE;40.2191523, -8.4098211;749;218
2023-02;Região de Saúde LVT;Centro Hospitalar do Oeste, EPE;39.4054629, -9.1258493;187;58
2023-02;Região de Saúde LVT;Centro Hospitalar Médio Tejo, EPE;39.478072, -8.5404429;88;28
2023-02;Região de Saúde Norte;Centro Hospitalar Universitário de São João, EPE;41.1831056, -8.6010558;288;98
2023-02;Região de Saúde Norte;Centro Hospitalar Universitário de Santo António, EPE;41.1472498, -8.6172617;494;147
2023-02;Região de Saúde Norte;Unidade Local de Saúde do Nordeste, EPE;41.8056532, -6.7888197;77;28
2023-03;Região de Saúde do Centro;Centro Hospitalar do Baixo Vouga, EPE;40.6362453, -8.6543716;388;102
2023-03;Região de Saúde do Centro;Centro Hospitalar e Universitário de Coimbra, EPE;40.2191523, -8.4098211;1123;328
2023-03;Região de Saúde do Centro;Unidade Local de Saúde da Guarda, EPE;40.5309916, -7.2734793;108;44
2023-03;Região de Saúde do Centro;Unidade Local de Saúde de Castelo Branco, EPE;39.8212263, -7.4981271;86;24
2023-03;Região de Saúde LVT;Centro Hospitalar Barreiro/Montijo, EPE;38.6554005, -9.0592392;377;127
2023-03;Região de Saúde LVT;Centro Hospitalar de Lisboa Ocidental, EPE;38.708454, -9.216985;445;150
2023-03;Região de Saúde LVT;Hospital de Vila Franca de Xira, EPE;38.977235, -8.984506;356;108
2023-03;Região de Saúde Norte;Centro Hospitalar do Médio Ave, EPE;41.3423984, -8.4802503;321;123
2023-03;Região de Saúde Norte;Centro Hospitalar Entre Douro e Vouga, EPE;40.9293884, -8.5458794;332;98
2023-03;Região de Saúde Norte;Centro Hospitalar Trás-os-Montes e Alto Douro, EPE;41.3031784, -7.7515252;245;123
2023-03;Região de Saúde Norte;Centro Hospitalar Vila Nova de Gaia/Espinho, EPE;41.1094138, -8.5972617;480;159
2023-03;Região de Saúde Norte;Hospital da Senhora da Oliveira, Guimarães, EPE;41.4387173, -8.3086907;447;159
2023-04;Região de Saúde do Alentejo;Unidade Local de Saúde do Baixo Alentejo, EPE;38.014123, -7.8721227;301;99
2023-04;Região de Saúde LVT;Centro Hospitalar Universitário Lisboa Central, EPE;38.7166948, -9.1371248;1037;370
2023-04;Região de Saúde LVT;Centro Hospitalar de Lisboa Ocidental, EPE;38.708454, -9.216985;596;215
2023-04;Região de Saúde Norte;Centro Hospitalar Póvoa de Varzim/Vila do Conde, EPE;41.3828711, -8.7589945;390;153
2023-04;Região de Saúde Norte;Centro Hospitalar Trás-os-Montes e Alto Douro, EPE;41.3031784, -7.7515252;336;168
2023-04;Região de Saúde Norte;Centro Hospitalar Universitário de Santo António, EPE;41.1472498, -8.6172617;976;307
2023-05;Região de Saúde do Centro;Centro Hospitalar do Baixo Vouga, EPE;40.6362453, -8.6543716;641;173
2023-05;Região de Saúde do Centro;Unidade Local de Saúde de Castelo Branco, EPE;39.8212263, -7.4981271;156;41
2023-05;Região de Saúde LVT;Centro Hospitalar de Setúbal, EPE;38.5283754, -8.8818638;471;145
2023-05;Região de Saúde LVT;Centro Hospitalar Médio Tejo, EPE;39.478072, -8.5404429;280;91
2023-05;Região de Saúde Norte;Centro Hospitalar do Médio Ave, EPE;41.3423984, -8.4802503;527;200
2023-06;Região de Saúde do Alentejo;Hospital Espírito Santo de Évora, EPE;38.5684861, -7.9032848;522;222
2023-06;Região de Saúde do Alentejo;Unidade Local de Saúde do Norte Alentejano, EPE;39.3003425, -7.4263845;166;66
2023-06;Região de Saúde do Centro;Centro Hospitalar e Universitário de Coimbra, EPE;40.2191523, -8.4098211;2211;640
2023-06;Região de Saúde LVT;Centro Hospitalar Universitário Lisboa Central, EPE;38.7166948, -9.1371248;1643;557
2023-06;Região de Saúde LVT;Centro Hospitalar do Oeste, EPE;39.4054629, -9.1258493;455;144
2023-06;Região de Saúde LVT;Hospital de Cascais, PPP;38.729006, -9.418267;1285;359
2023-06;Região de Saúde Norte;Centro Hospitalar Trás-os-Montes e Alto Douro, EPE;41.3031784, -7.7515252;522;266
2023-06;Região de Saúde Norte;Centro Hospitalar Vila Nova de Gaia/Espinho, EPE;41.1094138, -8.5972617;958;330
2023-07;Região de Saúde do Alentejo;Hospital Espírito Santo de Évora, EPE;38.5684861, -7.9032848;613;263
2023-07;Região de Saúde do Algarve;Centro Hospitalar Universitário do Algarve,EPE;37.0238973, -7.9281554;2126;663
2023-07;Região de Saúde do Centro;Unidade Local de Saúde da Guarda, EPE;40.5309916, -7.2734793;278;101
2023-07;Região de Saúde do Centro;Unidade Local de Saúde de Castelo Branco, EPE;39.8212263, -7.4981271;213;56
2023-07;Região de Saúde LVT;Centro Hospitalar Barreiro/Montijo, EPE;38.6554005, -9.0592392;878;300
2023-07;Região de Saúde LVT;Centro Hospitalar de Lisboa Ocidental, EPE;38.708454, -9.216985;1112;393
2023-07;Região de Saúde LVT;Centro Hospitalar de Setúbal, EPE;38.5283754, -8.8818638;713;214
2023-07;Região de Saúde LVT;Centro Hospitalar Médio Tejo, EPE;39.478072, -8.5404429;424;136
2023-07;Região de Saúde LVT;Hospital de Loures, EPE;38.821455, -9.176296;1218;338
2023-07;Região de Saúde Norte;Centro Hospitalar Entre Douro e Vouga, EPE;40.9293884, -8.5458794;802;246
2023-07;Região de Saúde Norte;Centro Hospitalar Tâmega e Sousa, EPE;41.2494561, -8.264901;1245;364
2023-07;Região de Saúde Norte;Unidade Local de Saúde de Matosinhos, EPE;41.1794456, -8.6745115;908;238
2023-08;Região de Saúde do Alentejo;Unidade Local de Saúde do Norte Alentejano, EPE;39.3003425, -7.4263845;206;90
2023-08;Região de Saúde do Centro;Centro Hospitalar Universitário Cova da Beira, EPE;40.2804158, -7.4922407;370;156
2023-08;Região de Saúde do Centro;Centro Hospitalar de Leiria, EPE;39.7414812, -8.7982706;1579;457
2023-08;Região de Saúde do Centro;Centro Hospitalar Tondela-Viseu, EPE;40.516364, -8.0827433;1157;362
2023-08;Região de Saúde LVT;Centro Hospitalar Barreiro/Montijo, EPE;38.6554005, -9.0592392;1008;336
2023-08;Região de Saúde LVT;Centro Hospitalar de Setúbal, EPE;38.5283754, -8.8818638;829;252
2023-08;Região de Saúde LVT;Hospital Distrital de Santarém, EPE;39.2410946, -8.6937515;728;242
2023-08;Região de Saúde LVT;Hospital Professor Doutor Fernando Fonseca, EPE;38.7422257, -9.2264834;1789;627
2023-08;Região de Saúde Norte;Centro Hospitalar do Médio Ave, EPE;41.3423984, -8.4802503;865;311
2023-09;Região de Saúde do Alentejo;Hospital Espírito Santo de Évora, EPE;38.5684861, -7.9032848;824;358
2023-09;Região de Saúde do Alentejo;Unidade Local de Saúde do Norte Alentejano, EPE;39.3003425, -7.4263845;282;102
2023-09;Região de Saúde do Centro;Centro Hospitalar Tondela-Viseu, EPE;40.516364, -8.0827433;1326;414
2023-09;Região de Saúde LVT;Centro Hospitalar de Lisboa Ocidental, EPE;38.708454, -9.216985;1821;600
2023-09;Região de Saúde LVT;Centro Hospitalar de Setúbal, EPE;38.5283754, -8.8818638;946;287
2023-09;Região de Saúde LVT;Hospital de Cascais, PPP;38.729006, -9.418267;2012;574
2023-09;Região de Saúde LVT;Hospital Professor Doutor Fernando Fonseca, EPE;38.7422257, -9.2264834;2016;706
2023-09;Região de Saúde LVT;Hospital Garcia de Orta, EPE;38.6658713, -9.1822554;2146;692
2023-10;Região de Saúde do Alentejo;Hospital Espírito Santo de Évora, EPE;38.5684861, -7.9032848;928;394
2023-10;Região de Saúde LVT;Centro Hospitalar de Setúbal, EPE;38.5283754, -8.8818638;1056;316
2023-10;Região de Saúde LVT;Centro Hospitalar do Oeste, EPE;39.4054629, -9.1258493;455;144
2023-10;Região de Saúde LVT;Centro Hospitalar Universitário de Lisboa Norte, EPE;38.7500861, -9.1616116;1416;407
2023-10;Região de Saúde LVT;Hospital Garcia de Orta, EPE;38.6658713, -9.1822554;2381;776
2023-10;Região de Saúde Norte;Centro Hospitalar Póvoa de Varzim/Vila do Conde, EPE;41.3828711, -8.7589945;1064;379
2023-11;Região de Saúde do Alentejo;Hospital Espírito Santo de Évora, EPE;38.5684861, -7.9032848;1033;442
2023-11;Região de Saúde do Centro;Centro Hospitalar de Leiria, EPE;39.7414812, -8.7982706;2155;630
2023-11;Região de Saúde do Centro;Centro Hospitalar Tondela-Viseu, EPE;40.516364, -8.0827433;1636;501
2023-11;Região de Saúde do Centro;Unidade Local de Saúde de Castelo Branco, EPE;39.8212263, -7.4981271;359;92
2023-11;Região de Saúde LVT;Centro Hospitalar de Lisboa Ocidental, EPE;38.708454, -9.216985;2500;828
2023-11;Região de Saúde LVT;Hospital Garcia de Orta, EPE;38.6658713, -9.1822554;2557;834
2023-11;Região de Saúde Norte;Centro Hospitalar Vila Nova de Gaia/Espinho, EPE;41.1094138, -8.5972617;1890;650
2023-12;Região de Saúde do Centro;Centro Hospitalar Universitário Cova da Beira, EPE;40.2804158, -7.4922407;586;246
2023-12;Região de Saúde do Centro;Unidade Local de Saúde da Guarda, EPE;40.5309916, -7.2734793;429;153
2023-12;Região de Saúde LVT;Centro Hospitalar Universitário de Lisboa Norte, EPE;38.7500861, -9.1616116;1421;412
2023-12;Região de Saúde Norte;Centro Hospitalar Universitário de São João, EPE;41.1831056, -8.6010558;2063;649
2023-12;Região de Saúde Norte;Centro Hospitalar Póvoa de Varzim/Vila do Conde, EPE;41.3828711, -8.7589945;1312;470
2023-12;Região de Saúde Norte;Hospital da Senhora da Oliveira, Guimarães, EPE;41.4387173, -8.3086907;2109;750
2013-01;Região de Saúde do Centro;Centro Hospitalar do Baixo Vouga, EPE;40.6362453, -8.6543716;140;42
2013-01;Região de Saúde do Centro;Unidade Local de Saúde da Guarda, EPE;40.5309916, -7.2734793;41;12
2013-01;Região de Saúde LVT;Centro Hospitalar de Lisboa Ocidental, EPE;38.708454, -9.216985;211;74
2013-01;Região de Saúde LVT;Hospital de Loures, EPE;38.821455, -9.176296;178;45
2013-01;Região de Saúde LVT;Hospital de Loures, PPP;38.821455, -9.176296;178;45
2013-01;Região de Saúde LVT;Hospital de Vila Franca de Xira, PPP;38.977235, -8.984506;86;25
2013-01;Região de Saúde LVT;Hospital Garcia de Orta, EPE;38.6658713, -9.1822554;217;57
2013-01;Região de Saúde Norte;Centro Hospitalar Universitário de São João, EPE;41.1831056, -8.6010558;210;59
2013-02;Região de Saúde do Centro;Centro Hospitalar e Universitário de Coimbra, EPE;40.2191523, -8.4098211;773;230
2013-02;Região de Saúde LVT;Centro Hospitalar Barreiro/Montijo, EPE;38.6554005, -9.0592392;255;95
2013-02;Região de Saúde LVT;Centro Hospitalar Universitário de Lisboa Norte, EPE;38.7500861, -9.1616116;350;96
2013-02;Região de Saúde LVT;Hospital de Cascais, PPP;38.729006, -9.418267;383;115
2013-02;Região de Saúde Norte;Centro Hospitalar do Alto Ave, EPE;41.4387173, -8.3086907;320;109
2013-02;Região de Saúde Norte;Centro Hospitalar Universitário do Porto, EPE;41.1472498, -8.6172617;497;191
2013-02;Região de Saúde Norte;Centro Hospitalar Entre Douro e Vouga, EPE;40.9293884, -8.5458794;264;52
2013-02;Região de Saúde Norte;Centro Hospitalar Póvoa de Varzim/Vila do Conde, EPE;41.3828711, -8.7589945;133;54
2013-02;Região de Saúde Norte;Centro Hospitalar Trás-os-Montes e Alto Douro, EPE;41.3031784, -7.7515252;243;106
2013-02;Região de Saúde Norte;Unidade Local de Saúde de Matosinhos, EPE;41.1794456, -8.6745115;242;68
2013-02;Região de Saúde Norte;Unidade Local de Saúde do Alto Minho, EPE;41.7056054, -8.8252713;230;83
2013-03;Região de Saúde LVT;Hospital Professor Doutor Fernando Fonseca, EPE;38.7422257, -9.2264834;636;249
2013-03;Região de Saúde Norte;Unidade Local de Saúde do Alto Minho, EPE;41.7056054, -8.8252713;340;113
2013-04;Região de Saúde do Alentejo;Hospital Espírito Santo de Évora, EPE;38.5684861, -7.9032848;354;117
2013-04;Região de Saúde do Alentejo;Unidade Local de Saúde do Baixo Alentejo, EPE;38.014123, -7.8721227;334;85
2013-04;Região de Saúde do Centro;Unidade Local de Saúde de Castelo Branco, EPE;39.8212263, -7.4981271;127;38
2013-04;Região de Saúde Norte;Centro Hospitalar Póvoa de Varzim/Vila do Conde, EPE;41.3828711, -8.7589945;259;91
2013-04;Região de Saúde Norte;Centro Hospitalar Tâmega e Sousa, EPE;41.2494561, -8.264901;746;193
2013-04;Região de Saúde Norte;Unidade Local de Saúde de Matosinhos, EPE;41.1794456, -8.6745115;474;141
2013-04;Região de Saúde Norte;Unidade Local de Saúde do Alto Minho, EPE;41.7056054, -8.8252713;456;143
2013-04;Região de Saúde Norte;Unidade Local de Saúde do Nordeste, EPE;41.8056532, -6.7888197;155;55
2013-05;Região de Saúde do Centro;Centro Hospitalar de Leiria, EPE;39.7414812, -8.7982706;696;205
2013-05;Região de Saúde do Centro;Centro Hospitalar e Universitário de Coimbra, EPE;40.2191523, -8.4098211;1969;571
2013-05;Região de Saúde do Centro;Centro Hospitalar Tondela-Viseu, EPE;40.516364, -8.0827433;792;233
2013-05;Região de Saúde LVT;Hospital de Cascais, PPP;38.729006, -9.418267;915;287
2013-05;Região de Saúde LVT;Hospital de Loures, EPE;38.821455, -9.176296;835;193
2013-06;Região de Saúde do Alentejo;Hospital Espírito Santo de Évora, EPE;38.5684861, -7.9032848;537;187
2013-06;Região de Saúde do Alentejo;Unidade Local de Saúde do Baixo Alentejo, EPE;38.014123, -7.8721227;499;129
2013-06;Região de Saúde do Centro;Centro Hospitalar e Universitário de Coimbra, EPE;40.2191523, -8.4098211;2350;679
2013-06;Região de Saúde do Centro;Unidade Local de Saúde de Castelo Branco, EPE;39.8212263, -7.4981271;184;54
2013-06;Região de Saúde LVT;Hospital de Cascais, PPP;38.729006, -9.418267;1118;359
2013-06;Região de Saúde LVT;Hospital de Vila Franca de Xira, PPP;38.977235, -8.984506;518;153
2013-06;Região de Saúde LVT;Hospital Professor Doutor Fernando Fonseca, EPE;38.7422257, -9.2264834;1286;500
2013-06;Região de Saúde LVT;Hospital Garcia de Orta, EPE;38.6658713, -9.1822554;1210;285
2013-06;Região de Saúde Norte;Centro Hospitalar Universitário de São João, EPE;41.1831056, -8.6010558;1211;318
2013-06;Região de Saúde Norte;Centro Hospitalar do Médio Ave, EPE;41.3423984, -8.4802503;624;257
2013-06;Região de Saúde Norte;Centro Hospitalar Universitário do Porto, EPE;41.1472498, -8.6172617;1408;510
2013-06;Região de Saúde Norte;Centro Hospitalar Póvoa de Varzim/Vila do Conde, EPE;41.3828711, -8.7589945;382;127
2013-06;Região de Saúde Norte;Hospital de Braga, PPP;41.56785, -8.398982;1233;366
2013-06;Região de Saúde Norte;Unidade Local de Saúde de Matosinhos, EPE;41.1794456, -8.6745115;693;203
2013-06;Região de Saúde Norte;Unidade Local de Saúde do Nordeste, EPE;41.8056532, -6.7888197;242;93
2013-07;Região de Saúde do Algarve;Centro Hospitalar Universitário do Algarve,EPE;37.0238973, -7.9281554;1948;629
2013-07;Região de Saúde do Centro;Centro Hospitalar do Baixo Vouga, EPE;40.6362453, -8.6543716;961;296
2013-07;Região de Saúde LVT;Centro Hospitalar do Oeste, EPE;39.4054629, -9.1258493;949;275
2013-07;Região de Saúde Norte;Centro Hospitalar Trás-os-Montes e Alto Douro, EPE;41.3031784, -7.7515252;814;341
2013-07;Região de Saúde Norte;Centro Hospitalar Vila Nova de Gaia/Espinho, EPE;41.1094138, -8.5972617;939;355
2013-08;Região de Saúde do Alentejo;Unidade Local de Saúde do Baixo Alentejo, EPE;38.014123, -7.8721227;680;175
2013-08;Região de Saúde do Centro;Centro Hospitalar Tondela-Viseu, EPE;40.516364, -8.0827433;1273;379
2013-08;Região de Saúde LVT;Hospital de Cascais, PPP;38.729006, -9.418267;1533;479
2013-08;Região de Saúde LVT;Hospital Distrital de Santarém, EPE;39.2410946, -8.6937515;782;242
2013-08;Região de Saúde LVT;Hospital Professor Doutor Fernando Fonseca, EPE;38.7422257, -9.2264834;1738;637
2013-08;Região de Saúde Norte;Centro Hospitalar Entre Douro e Vouga, EPE;40.9293884, -8.5458794;1139;284
2013-08;Região de Saúde Norte;Centro Hospitalar Tâmega e Sousa, EPE;41.2494561, -8.264901;1492;407
2013-09;Região de Saúde do Centro;Centro Hospitalar e Universitário de Coimbra, EPE;40.2191523, -8.4098211;3626;1057
2013-09;Região de Saúde LVT;Centro Hospitalar de Lisboa Ocidental, EPE;38.708454, -9.216985;1760;562
2013-09;Região de Saúde LVT;Centro Hospitalar Universitário de Lisboa Norte, EPE;38.7500861, -9.1616116;1638;456
2013-09;Região de Saúde LVT;Hospital Garcia de Orta, EPE;38.6658713, -9.1822554;1883;411
2013-09;Região de Saúde Norte;Centro Hospitalar do Alto Ave, EPE;41.4387173, -8.3086907;1517;458
2013-09;Região de Saúde Norte;Centro Hospitalar Tâmega e Sousa, EPE;41.2494561, -8.264901;1752;456
2013-09;Região de Saúde Norte;Centro Hospitalar Vila Nova de Gaia/Espinho, EPE;41.1094138, -8.5972617;1234;464
2013-10;Região de Saúde do Centro;Centro Hospitalar e Universitário de Coimbra, EPE;40.2191523, -8.4098211;4048;1184
2013-10;Região de Saúde do Centro;Unidade Local de Saúde de Castelo Branco, EPE;39.8212263, -7.4981271;313;85
2013-10;Região de Saúde LVT;Hospital de Cascais, PPP;38.729006, -9.418267;1913;581
2013-10;Região de Saúde LVT;Hospital de Vila Franca de Xira, PPP;38.977235, -8.984506;954;296
2013-10;Região de Saúde LVT;Hospital Professor Doutor Fernando Fonseca, EPE;38.7422257, -9.2264834;2195;783
2013-10;Região de Saúde Norte;Centro Hospitalar do Médio Ave, EPE;41.3423984, -8.4802503;1064;424
2013-10;Região de Saúde Norte;Centro Hospitalar Entre Douro e Vouga, EPE;40.9293884, -8.5458794;1466;377
2013-10;Região de Saúde Norte;Hospital de Braga, PPP;41.56785, -8.398982;2149;658
2013-11;Região de Saúde do Centro;Centro Hospitalar do Baixo Vouga, EPE;40.6362453, -8.6543716;1553;464
2013-11;Região de Saúde do Centro;Centro Hospitalar Tondela-Viseu, EPE;40.516364, -8.0827433;1756;517
2013-11;Região de Saúde LVT;Centro Hospitalar Barreiro/Montijo, EPE;38.6554005, -9.0592392;1388;507
2013-11;Região de Saúde LVT;Centro Hospitalar do Oeste, EPE;39.4054629, -9.1258493;1464;406
2013-11;Região de Saúde LVT;Hospital de Vila Franca de Xira, PPP;38.977235, -8.984506;1048;321
2013-12;Região de Saúde do Centro;Centro Hospitalar Universitário Cova da Beira, EPE;40.2804158, -7.4922407;591;169
2013-12;Região de Saúde do Centro;Centro Hospitalar e Universitário de Coimbra, EPE;40.2191523, -8.4098211;4823;1411
2013-12;Região de Saúde LVT;Centro Hospitalar Universitário Lisboa Central, EPE;38.7166948, -9.1371248;3660;1093
2013-12;Região de Saúde LVT;Centro Hospitalar de Lisboa Ocidental, EPE;38.708454, -9.216985;2326;731
2013-12;Região de Saúde Norte;Centro Hospitalar do Médio Ave, EPE;41.3423984, -8.4802503;1251;497
2013-12;Região de Saúde Norte;Centro Hospitalar Universitário do Porto, EPE;41.1472498, -8.6172617;2875;1057
2013-12;Região de Saúde Norte;Unidade Local de Saúde do Nordeste, EPE;41.8056532, -6.7888197;526;223
2014-01;Região de Saúde do Centro;Centro Hospitalar de Leiria, EPE;39.7414812, -8.7982706;155;62
2014-01;Região de Saúde do Centro;Unidade Local de Saúde da Guarda, EPE;40.5309916, -7.2734793;48;21
2014-01;Região de Saúde LVT;Centro Hospitalar Barreiro/Montijo, EPE;38.6554005, -9.0592392;118;45
2014-01;Região de Saúde LVT;Hospital Professor Doutor Fernando Fonseca, EPE;38.7422257, -9.2264834;226;72
2014-01;Região de Saúde Norte;Centro Hospitalar Póvoa de Varzim/Vila do Conde, EPE;41.3828711, -8.7589945;56;21
2014-01;Região de Saúde Norte;Centro Hospitalar Tâmega e Sousa, EPE;41.2494561, -8.264901;202;59
2014-02;Região de Saúde do Algarve;Centro Hospitalar Universitário do Algarve,EPE;37.0238973, -7.9281554;522;132
2014-02;Região de Saúde do Centro;Centro Hospitalar Universitário Cova da Beira, EPE;40.2804158, -7.4922407;85;23
2014-02;Região de Saúde do Centro;Centro Hospitalar de Leiria, EPE;39.7414812, -8.7982706;280;107
2014-02;Região de Saúde do Centro;Centro Hospitalar e Universitário de Coimbra, EPE;40.2191523, -8.4098211;728;203
2014-02;Região de Saúde do Centro;Unidade Local de Saúde de Castelo Branco, EPE;39.8212263, -7.4981271;63;22
2014-02;Região de Saúde LVT;Centro Hospitalar Universitário Lisboa Central, EPE;38.7166948, -9.1371248;575;186
2014-02;Região de Saúde LVT;Hospital Distrital de Santarém, EPE;39.2410946, -8.6937515;160;45
2014-02;Região de Saúde LVT;Hospital Garcia de Orta, EPE;38.6658713, -9.1822554;363;93
2014-02;Região de Saúde Norte;Centro Hospitalar Universitário de São João, EPE;41.1831056, -8.6010558;385;93
2014-03;Região de Saúde do Alentejo;Unidade Local de Saúde do Norte Alentejano, EPE;39.3003425, -7.4263845;117;37
2014-03;Região de Saúde do Centro;Centro Hospitalar Universitário Cova da Beira, EPE;40.2804158, -7.4922407;125;39
2014-03;Região de Saúde do Centro;Centro Hospitalar do Baixo Vouga, EPE;40.6362453, -8.6543716;384;86
2014-03;Região de Saúde do Centro;Centro Hospitalar e Universitário de Coimbra, EPE;40.2191523, -8.4098211;1063;296
2014-03;Região de Saúde LVT;Centro Hospitalar Barreiro/Montijo, EPE;38.6554005, -9.0592392;357;117
2014-03;Região de Saúde LVT;Centro Hospitalar de Lisboa Ocidental, EPE;38.708454, -9.216985;516;144
2014-03;Região de Saúde LVT;Centro Hospitalar Médio Tejo, EPE;39.478072, -8.5404429;180;48
2014-03;Região de Saúde Norte;Unidade Local de Saúde do Nordeste, EPE;41.8056532, -6.7888197;129;51
2014-04;Região de Saúde LVT;Centro Hospitalar Barreiro/Montijo, EPE;38.6554005, -9.0592392;472;150
2014-04;Região de Saúde LVT;Hospital de Loures, EPE;38.821455, -9.176296;726;151
2014-04;Região de Saúde LVT;Hospital Garcia de Orta, EPE;38.6658713, -9.1822554;773;191
2014-04;Região de Saúde Norte;Unidade Local de Saúde de Matosinhos, EPE;41.1794456, -8.6745115;475;127
2014-05;Região de Saúde do Centro;Centro Hospitalar de Leiria, EPE;39.7414812, -8.7982706;680;224
2014-05;Região de Saúde do Centro;Centro Hospitalar do Baixo Vouga, EPE;40.6362453, -8.6543716;631;153
2014-05;Região de Saúde do Centro;Centro Hospitalar Tondela-Viseu, EPE;40.516364, -8.0827433;727;193
2014-05;Região de Saúde LVT;Centro Hospitalar Barreiro/Montijo, EPE;38.6554005, -9.0592392;601;195
2014-05;Região de Saúde LVT;Centro Hospitalar do Oeste, EPE;39.4054629, -9.1258493;594;158
2014-05;Região de Saúde LVT;Hospital de Vila Franca de Xira, PPP;38.977235, -8.984506;518;125
2014-05;Região de Saúde LVT;Hospital Garcia de Orta, EPE;38.6658713, -9.1822554;961;233
2014-05;Região de Saúde Norte;Centro Hospitalar do Médio Ave, EPE;41.3423984, -8.4802503;477;136
2014-05;Região de Saúde Norte;Centro Hospitalar Póvoa de Varzim/Vila do Conde, EPE;41.3828711, -8.7589945;293;97
2014-05;Região de Saúde Norte;Centro Hospitalar Tâmega e Sousa, EPE;41.2494561, -8.264901;912;251
2014-05;Região de Saúde Norte;Unidade Local de Saúde de Matosinhos, EPE;41.1794456, -8.6745115;597;156
2014-05;Região de Saúde Norte;Unidade Local de Saúde do Nordeste, EPE;41.8056532, -6.7888197;214;81
2014-06;Região de Saúde do Algarve;Centro Hospitalar Universitário do Algarve,EPE;37.0238973, -7.9281554;1589;417
2014-06;Região de Saúde do Centro;Centro Hospitalar do Baixo Vouga, EPE;40.6362453, -8.6543716;759;181
2014-06;Região de Saúde do Centro;Unidade Local de Saúde da Guarda, EPE;40.5309916, -7.2734793;280;109
2014-06;Região de Saúde LVT;Centro Hospitalar de Setúbal, EPE;38.5283754, -8.8818638;763;209
2014-06;Região de Saúde Norte;Centro Hospitalar Universitário do Porto, EPE;41.1472498, -8.6172617;1257;382
2014-06;Região de Saúde Norte;Centro Hospitalar Tâmega e Sousa, EPE;41.2494561, -8.264901;1086;294
2014-07;Região de Saúde do Alentejo;Unidade Local de Saúde do Baixo Alentejo, EPE;38.014123, -7.8721227;581;125
2014-07;Região de Saúde do Centro;Centro Hospitalar e Universitário de Coimbra, EPE;40.2191523, -8.4098211;2630;726
2014-07;Região de Saúde LVT;Centro Hospitalar Universitário de Lisboa Norte, EPE;38.7500861, -9.1616116;1247;324
2014-07;Região de Saúde LVT;Centro Hospitalar Médio Tejo, EPE;39.478072, -8.5404429;443;230
2014-07;Região de Saúde LVT;Hospital de Cascais, PPP;38.729006, -9.418267;1284;365
2014-07;Região de Saúde LVT;Hospital Distrital de Santarém, EPE;39.2410946, -8.6937515;644;173
2014-07;Região de Saúde Norte;Centro Hospitalar do Médio Ave, EPE;41.3423984, -8.4802503;677;209
2014-07;Região de Saúde Norte;Centro Hospitalar Trás-os-Montes e Alto Douro, EPE;41.3031784, -7.7515252;686;227
2014-07;Região de Saúde Norte;Unidade Local de Saúde do Nordeste, EPE;41.8056532, -6.7888197;303;117
2014-08;Região de Saúde do Alentejo;Hospital Espírito Santo de Évora, EPE;38.5684861, -7.9032848;671;245
2014-08;Região de Saúde do Alentejo;Unidade Local de Saúde do Baixo Alentejo, EPE;38.014123, -7.8721227;675;140
2014-08;Região de Saúde do Centro;Centro Hospitalar Universitário Cova da Beira, EPE;40.2804158, -7.4922407;355;100
2014-08;Região de Saúde do Centro;Unidade Local de Saúde da Guarda, EPE;40.5309916, -7.2734793;388;151
2014-08;Região de Saúde LVT;Centro Hospitalar Universitário de Lisboa Norte, EPE;38.7500861, -9.1616116;1448;374
2014-08;Região de Saúde Norte;Centro Hospitalar Tâmega e Sousa, EPE;41.2494561, -8.264901;1491;395
2014-08;Região de Saúde Norte;Unidade Local de Saúde do Nordeste, EPE;41.8056532, -6.7888197;349;134
2014-09;Região de Saúde do Alentejo;Unidade Local de Saúde do Norte Alentejano, EPE;39.3003425, -7.4263845;388;95
2014-09;Região de Saúde do Centro;Centro Hospitalar Tondela-Viseu, EPE;40.516364, -8.0827433;1350;350
2014-09;Região de Saúde LVT;Hospital de Loures, EPE;38.821455, -9.176296;1704;338
2014-09;Região de Saúde LVT;Hospital Distrital de Santarém, EPE;39.2410946, -8.6937515;847;229
2014-09;Região de Saúde Norte;Centro Hospitalar Tâmega e Sousa, EPE;41.2494561, -8.264901;1711;451
2014-09;Região de Saúde Norte;Unidade Local de Saúde do Alto Minho, EPE;41.7056054, -8.8252713;1034;258
2014-10;Região de Saúde LVT;Centro Hospitalar Universitário de Lisboa Norte, EPE;38.7500861, -9.1616116;1839;474
2014-10;Região de Saúde LVT;Hospital de Loures, EPE;38.821455, -9.176296;1923;385
2014-10;Região de Saúde LVT;Hospital Professor Doutor Fernando Fonseca, EPE;38.7422257, -9.2264834;2206;673
2014-10;Região de Saúde Norte;Centro Hospitalar Entre Douro e Vouga, EPE;40.9293884, -8.5458794;1363;328
2014-10;Região de Saúde Norte;Centro Hospitalar Trás-os-Montes e Alto Douro, EPE;41.3031784, -7.7515252;1055;364
2014-10;Região de Saúde Norte;Unidade Local de Saúde de Matosinhos, EPE;41.1794456, -8.6745115;1183;304
2014-11;Região de Saúde do Algarve;Centro Hospitalar Universitário do Algarve,EPE;37.0238973, -7.9281554;3088;838
2014-11;Região de Saúde do Centro;Centro Hospitalar Universitário Cova da Beira, EPE;40.2804158, -7.4922407;517;139
2014-11;Região de Saúde do Centro;Centro Hospitalar do Baixo Vouga, EPE;40.6362453, -8.6543716;1470;360
2014-11;Região de Saúde do Centro;Centro Hospitalar e Universitário de Coimbra, EPE;40.2191523, -8.4098211;4313;1184
2014-11;Região de Saúde LVT;Centro Hospitalar Universitário de Lisboa Norte, EPE;38.7500861, -9.1616116;2022;525
2014-11;Região de Saúde LVT;Hospital de Cascais, PPP;38.729006, -9.418267;2132;589
2014-11;Região de Saúde LVT;Hospital de Loures, PPP;38.821455, -9.176296;2151;425
2014-11;Região de Saúde LVT;Hospital Distrital de Santarém, EPE;39.2410946, -8.6937515;1041;278
2014-11;Região de Saúde Norte;Centro Hospitalar Universitário do Porto, EPE;41.1472498, -8.6172617;2546;768
2014-11;Região de Saúde Norte;Hospital de Braga, PPP;41.56785, -8.398982;2389;704
2014-12;Região de Saúde do Centro;Centro Hospitalar Universitário Cova da Beira, EPE;40.2804158, -7.4922407;562;150
2014-12;Região de Saúde LVT;Centro Hospitalar de Setúbal, EPE;38.5283754, -8.8818638;1657;468
2014-12;Região de Saúde LVT;Hospital de Loures, EPE;38.821455, -9.176296;2362;462
2014-12;Região de Saúde LVT;Hospital de Loures, PPP;38.821455, -9.176296;2362;462
2014-12;Região de Saúde Norte;Unidade Local de Saúde do Nordeste, EPE;41.8056532, -6.7888197;512;192
2015-01;Região de Saúde do Alentejo;Hospital Espírito Santo de Évora, EPE;38.5684861, -7.9032848;107;28
2015-01;Região de Saúde do Centro;Unidade Local de Saúde da Guarda, EPE;40.5309916, -7.2734793;45;10
2015-01;Região de Saúde do Centro;Unidade Local de Saúde de Castelo Branco, EPE;39.8212263, -7.4981271;20;5
2015-01;Região de Saúde Norte;Centro Hospitalar Universitário de São João, EPE;41.1831056, -8.6010558;210;59
2015-01;Região de Saúde Norte;Centro Hospitalar Universitário do Porto, EPE;41.1472498, -8.6172617;250;70
2015-01;Região de Saúde Norte;Centro Hospitalar Entre Douro e Vouga, EPE;40.9293884, -8.5458794;121;38
2015-02;Região de Saúde do Alentejo;Hospital Espírito Santo de Évora, EPE;38.5684861, -7.9032848;193;51
2015-02;Região de Saúde do Centro;Centro Hospitalar do Baixo Vouga, EPE;40.6362453, -8.6543716;269;58
2015-02;Região de Saúde do Centro;Centro Hospitalar Tondela-Viseu, EPE;40.516364, -8.0827433;273;49
2015-02;Região de Saúde do Centro;Unidade Local de Saúde da Guarda, EPE;40.5309916, -7.2734793;91;23
2015-02;Região de Saúde LVT;Centro Hospitalar Médio Tejo, EPE;39.478072, -8.5404429;129;43
2015-02;Região de Saúde Norte;Centro Hospitalar do Médio Ave, EPE;41.3423984, -8.4802503;188;72
2015-02;Região de Saúde Norte;Centro Hospitalar Tâmega e Sousa, EPE;41.2494561, -8.264901;366;87
2015-02;Região de Saúde Norte;Centro Hospitalar Trás-os-Montes e Alto Douro, EPE;41.3031784, -7.7515252;199;74
2015-03;Região de Saúde do Alentejo;Unidade Local de Saúde do Norte Alentejano, EPE;39.3003425, -7.4263845;132;40
2015-03;Região de Saúde do Centro;Centro Hospitalar do Baixo Vouga, EPE;40.6362453, -8.6543716;398;83
2015-03;Região de Saúde do Centro;Centro Hospitalar Tondela-Viseu, EPE;40.516364, -8.0827433;430;88
2015-03;Região de Saúde LVT;Centro Hospitalar de Setúbal, EPE;38.5283754, -8.8818638;389;120
2015-03;Região de Saúde LVT;Hospital Garcia de Orta, EPE;38.6658713, -9.1822554;553;157
2015-03;Região de Saúde Norte;Centro Hospitalar do Médio Ave, EPE;41.3423984, -8.4802503;292;103
2015-03;Região de Saúde Norte;Hospital da Senhora da Oliveira, Guimarães, EPE;41.4387173, -8.3086907;427;134
2015-03;Região de Saúde Norte;Unidade Local de Saúde do Nordeste, EPE;41.8056532, -6.7888197;118;54
2015-04;Região de Saúde LVT;Centro Hospitalar Universitário Lisboa Central, EPE;38.7166948, -9.1371248;1096;296
2015-04;Região de Saúde LVT;Centro Hospitalar de Setúbal, EPE;38.5283754, -8.8818638;521;159
2015-04;Região de Saúde LVT;Centro Hospitalar Universitário de Lisboa Norte, EPE;38.7500861, -9.1616116;723;178
2015-04;Região de Saúde Norte;Centro Hospitalar Tâmega e Sousa, EPE;41.2494561, -8.264901;714;175
2015-05;Região de Saúde do Alentejo;Unidade Local de Saúde do Norte Alentejano, EPE;39.3003425, -7.4263845;222;57
2015-05;Região de Saúde do Centro;Centro Hospitalar do Baixo Vouga, EPE;40.6362453, -8.6543716;690;150
2015-05;Região de Saúde do Centro;Centro Hospitalar Tondela-Viseu, EPE;40.516364, -8.0827433;716;156
2015-05;Região de Saúde LVT;Centro Hospitalar Barreiro/Montijo, EPE;38.6554005, -9.0592392;575;176
2015-05;Região de Saúde LVT;Centro Hospitalar de Lisboa Ocidental, EPE;38.708454, -9.216985;917;266
2015-05;Região de Saúde LVT;Centro Hospitalar Médio Tejo, EPE;39.478072, -8.5404429;314;93
2015-05;Região de Saúde LVT;Hospital de Loures, EPE;38.821455, -9.176296;964;218
2015-05;Região de Saúde LVT;Hospital de Vila Franca de Xira, PPP;38.977235, -8.984506;624;154
2015-05;Região de Saúde LVT;Hospital Distrital de Santarém, EPE;39.2410946, -8.6937515;479;126
2015-05;Região de Saúde LVT;Hospital Professor Doutor Fernando Fonseca, EPE;38.7422257, -9.2264834;1092;331
2015-05;Região de Saúde Norte;Centro Hospitalar do Médio Ave, EPE;41.3423984, -8.4802503;493;184
2015-05;Região de Saúde Norte;Centro Hospitalar Póvoa de Varzim/Vila do Conde, EPE;41.3828711, -8.7589945;294;104
2015-05;Região de Saúde Norte;Centro Hospitalar Tâmega e Sousa, EPE;41.2494561, -8.264901;929;226
2015-05;Região de Saúde Norte;Centro Hospitalar Vila Nova de Gaia/Espinho, EPE;41.1094138, -8.5972617;676;203
2015-05;Região de Saúde Norte;Unidade Local de Saúde do Nordeste, EPE;41.8056532, -6.7888197;184;87
2015-06;Região de Saúde do Alentejo;Unidade Local de Saúde do Baixo Alentejo, EPE;38.014123, -7.8721227;471;124
2015-06;Região de Saúde LVT;Hospital de Cascais, PPP;38.729006, -9.418267;1234;330
2015-07;Região de Saúde do Alentejo;Hospital Espírito Santo de Évora, EPE;38.5684861, -7.9032848;651;185
2015-07;Região de Saúde do Alentejo;Unidade Local de Saúde do Norte Alentejano, EPE;39.3003425, -7.4263845;307;70
2015-07;Região de Saúde do Centro;Centro Hospitalar de Leiria, EPE;39.7414812, -8.7982706;1069;310
2015-07;Região de Saúde do Centro;Centro Hospitalar Tondela-Viseu, EPE;40.516364, -8.0827433;1047;230
2015-07;Região de Saúde LVT;Centro Hospitalar Barreiro/Montijo, EPE;38.6554005, -9.0592392;805;235
2015-07;Região de Saúde LVT;Hospital Professor Doutor Fernando Fonseca, EPE;38.7422257, -9.2264834;1527;444
2015-07;Região de Saúde Norte;Centro Hospitalar Entre Douro e Vouga, EPE;40.9293884, -8.5458794;828;232
2015-07;Região de Saúde Norte;Centro Hospitalar Vila Nova de Gaia/Espinho, EPE;41.1094138, -8.5972617;957;295
2015-08;Região de Saúde do Alentejo;Unidade Local de Saúde do Norte Alentejano, EPE;39.3003425, -7.4263845;355;81
2015-08;Região de Saúde do Algarve;Centro Hospitalar Universitário do Algarve,EPE;37.0238973, -7.9281554;2303;571
2015-08;Região de Saúde LVT;Hospital de Cascais, PPP;38.729006, -9.418267;1699;448
2015-08;Região de Saúde LVT;Hospital Professor Doutor Fernando Fonseca, EPE;38.7422257, -9.2264834;1753;504
2015-08;Região de Saúde Norte;Centro Hospitalar do Médio Ave, EPE;41.3423984, -8.4802503;814;314
2015-08;Região de Saúde Norte;Unidade Local de Saúde do Nordeste, EPE;41.8056532, -6.7888197;315;134
2015-09;Região de Saúde do Alentejo;Unidade Local de Saúde do Baixo Alentejo, EPE;38.014123, -7.8721227;756;173
2015-09;Região de Saúde LVT;Hospital de Vila Franca de Xira, PPP;38.977235, -8.984506;1203;266
2015-09;Região de Saúde LVT;Hospital Professor Doutor Fernando Fonseca, EPE;38.7422257, -9.2264834;2032;579
2015-09;Região de Saúde LVT;Hospital Garcia de Orta, EPE;38.6658713, -9.1822554;1819;463
2015-09;Região de Saúde Norte;Centro Hospitalar Universitário de São João, EPE;41.1831056, -8.6010558;1805;530
2015-09;Região de Saúde Norte;Centro Hospitalar Vila Nova de Gaia/Espinho, EPE;41.1094138, -8.5972617;1291;407
2015-09;Região de Saúde Norte;Hospital de Braga, PPP;41.56785, -8.398982;2078;594
2015-09;Região de Saúde Norte;Unidade Local de Saúde do Alto Minho, EPE;41.7056054, -8.8252713;1093;269
2015-10;Região de Saúde do Centro;Centro Hospitalar e Universitário de Coimbra, EPE;40.2191523, -8.4098211;4133;1167
2015-10;Região de Saúde LVT;Centro Hospitalar de Lisboa Ocidental, EPE;38.708454, -9.216985;1954;531
2015-10;Região de Saúde LVT;Hospital de Vila Franca de Xira, PPP;38.977235, -8.984506;1346;302
2015-10;Região de Saúde Norte;Centro Hospitalar Póvoa de Varzim/Vila do Conde, EPE;41.3828711, -8.7589945;643;224
2015-10;Região de Saúde Norte;Hospital da Senhora da Oliveira, Guimarães, EPE;41.4387173, -8.3086907;1610;428
2015-10;Região de Saúde Norte;Unidade Local de Saúde do Nordeste, EPE;41.8056532, -6.7888197;399;175
2015-11;Região de Saúde do Centro;Centro Hospitalar do Baixo Vouga, EPE;40.6362453, -8.6543716;1550;329
2015-11;Região de Saúde do Centro;Unidade Local de Saúde da Guarda, EPE;40.5309916, -7.2734793;505;170
2015-11;Região de Saúde LVT;Centro Hospitalar Universitário de Lisboa Norte, EPE;38.7500861, -9.1616116;2086;505
2015-11;Região de Saúde LVT;Centro Hospitalar Médio Tejo, EPE;39.478072, -8.5404429;723;200
2015-11;Região de Saúde LVT;Hospital Distrital de Santarém, EPE;39.2410946, -8.6937515;1117;313
2015-11;Região de Saúde Norte;Centro Hospitalar Entre Douro e Vouga, EPE;40.9293884, -8.5458794;1406;400
2015-11;Região de Saúde Norte;Centro Hospitalar Trás-os-Montes e Alto Douro, EPE;41.3031784, -7.7515252;1273;473
2015-11;Região de Saúde Norte;Hospital da Senhora da Oliveira, Guimarães, EPE;41.4387173, -8.3086907;1802;474
2015-11;Região de Saúde Norte;Unidade Local de Saúde de Matosinhos, EPE;41.1794456, -8.6745115;1348;364
2015-11;Região de Saúde Norte;Unidade Local de Saúde do Alto Minho, EPE;41.7056054, -8.8252713;1370;330
2015-12;Região de Saúde do Alentejo;Unidade Local de Saúde do Baixo Alentejo, EPE;38.014123, -7.8721227;1054;246
2015-12;Região de Saúde do Alentejo;Unidade Local de Saúde do Norte Alentejano, EPE;39.3003425, -7.4263845;536;128
2015-12;Região de Saúde do Centro;Centro Hospitalar e Universitário de Coimbra, EPE;40.2191523, -8.4098211;4949;1390
2015-12;Região de Saúde LVT;Centro Hospitalar Universitário Lisboa Central, EPE;38.7166948, -9.1371248;3451;976
2015-12;Região de Saúde LVT;Centro Hospitalar de Setúbal, EPE;38.5283754, -8.8818638;1635;476
2015-12;Região de Saúde LVT;Centro Hospitalar do Oeste, EPE;39.4054629, -9.1258493;1371;396
2015-12;Região de Saúde LVT;Hospital de Vila Franca de Xira, PPP;38.977235, -8.984506;1620;370
2015-12;Região de Saúde LVT;Hospital Distrital de Santarém, EPE;39.2410946, -8.6937515;1217;340
2015-12;Região de Saúde Norte;Unidade Local de Saúde de Matosinhos, EPE;41.1794456, -8.6745115;1457;395
2015-12;Região de Saúde Norte;Unidade Local de Saúde do Alto Minho, EPE;41.7056054, -8.8252713;1496;362
2016-01;Região de Saúde do Alentejo;Unidade Local de Saúde do Norte Alentejano, EPE;39.3003425, -7.4263845;40;9
2016-01;Região de Saúde LVT;Centro Hospitalar Barreiro/Montijo, EPE;38.6554005, -9.0592392;120;32
2016-01;Região de Saúde LVT;Centro Hospitalar de Lisboa Ocidental, EPE;38.708454, -9.216985;195;48
2016-01;Região de Saúde LVT;Centro Hospitalar do Oeste, EPE;39.4054629, -9.1258493;117;33
2016-01;Região de Saúde LVT;Hospital Garcia de Orta, EPE;38.6658713, -9.1822554;214;47
2016-01;Região de Saúde Norte;Unidade Local de Saúde do Alto Minho, EPE;41.7056054, -8.8252713;121;36
2016-01;Região de Saúde Norte;Unidade Local de Saúde do Nordeste, EPE;41.8056532, -6.7888197;41;18
2016-02;Região de Saúde do Centro;Centro Hospitalar do Baixo Vouga, EPE;40.6362453, -8.6543716;272;61
2016-02;Região de Saúde LVT;Centro Hospitalar de Lisboa Ocidental, EPE;38.708454, -9.216985;358;90
2016-02;Região de Saúde LVT;Hospital de Cascais, PPP;38.729006, -9.418267;420;124
2016-02;Região de Saúde LVT;Hospital de Loures, EPE;38.821455, -9.176296;414;90
2016-02;Região de Saúde LVT;Hospital Distrital de Santarém, EPE;39.2410946, -8.6937515;184;52
2016-02;Região de Saúde LVT;Hospital Professor Doutor Fernando Fonseca, EPE;38.7422257, -9.2264834;439;129
2016-02;Região de Saúde Norte;Centro Hospitalar Universitário de São João, EPE;41.1831056, -8.6010558;407;123
2016-02;Região de Saúde Norte;Centro Hospitalar do Médio Ave, EPE;41.3423984, -8.4802503;179;66
2016-02;Região de Saúde Norte;Centro Hospitalar Póvoa de Varzim/Vila do Conde, EPE;41.3828711, -8.7589945;107;37
2016-02;Região de Saúde Norte;Centro Hospitalar Tâmega e Sousa, EPE;41.2494561, -8.264901;372;101
2016-02;Região de Saúde Norte;Centro Hospitalar Trás-os-Montes e Alto Douro, EPE;41.3031784, -7.7515252;227;89
2016-02;Região de Saúde Norte;Unidade Local de Saúde do Nordeste, EPE;41.8056532, -6.7888197;85;38
2016-03;Região de Saúde do Alentejo;Hospital Espírito Santo de Évora, EPE;38.5684861, -7.9032848;276;73
2016-03;Região de Saúde do Alentejo;Unidade Local de Saúde do Baixo Alentejo, EPE;38.014123, -7.8721227;245;65
2016-03;Região de Saúde do Alentejo;Unidade Local de Saúde do Norte Alentejano, EPE;39.3003425, -7.4263845;116;28
2016-03;Região de Saúde do Algarve;Centro Hospitalar Universitário do Algarve,EPE;37.0238973, -7.9281554;871;235
2016-03;Região de Saúde do Centro;Centro Hospitalar e Universitário de Coimbra, EPE;40.2191523, -8.4098211;1126;294
2016-03;Região de Saúde do Centro;Unidade Local de Saúde de Castelo Branco, EPE;39.8212263, -7.4981271;94;27
2016-03;Região de Saúde LVT;Centro Hospitalar Barreiro/Montijo, EPE;38.6554005, -9.0592392;332;91
2016-03;Região de Saúde LVT;Hospital Distrital de Santarém, EPE;39.2410946, -8.6937515;286;83
2016-03;Região de Saúde Norte;Centro Hospitalar do Médio Ave, EPE;41.3423984, -8.4802503;273;101
2016-03;Região de Saúde Norte;Centro Hospitalar Entre Douro e Vouga, EPE;40.9293884, -8.5458794;406;96
2016-04;Região de Saúde LVT;Centro Hospitalar Universitário Lisboa Central, EPE;38.7166948, -9.1371248;1087;330
2016-04;Região de Saúde LVT;Centro Hospitalar de Setúbal, EPE;38.5283754, -8.8818638;480;177
2016-04;Região de Saúde LVT;Hospital de Cascais, PPP;38.729006, -9.418267;836;244
2016-04;Região de Saúde LVT;Hospital de Loures, PPP;38.821455, -9.176296;816;164
2016-04;Região de Saúde Norte;Centro Hospitalar Entre Douro e Vouga, EPE;40.9293884, -8.5458794;535;130
2016-04;Região de Saúde Norte;Centro Hospitalar Tâmega e Sousa, EPE;41.2494561, -8.264901;732;210
2016-04;Região de Saúde Norte;Unidade Local de Saúde do Alto Minho, EPE;41.7056054, -8.8252713;438;123
2016-04;Região de Saúde Norte;Unidade Local de Saúde do Nordeste, EPE;41.8056532, -6.7888197;169;77
2016-05;Região de Saúde do Alentejo;Unidade Local de Saúde do Norte Alentejano, EPE;39.3003425, -7.4263845;198;59
2016-05;Região de Saúde do Centro;Centro Hospitalar Universitário Cova da Beira, EPE;40.2804158, -7.4922407;221;83
2016-05;Região de Saúde do Centro;Unidade Local de Saúde da Guarda, EPE;40.5309916, -7.2734793;236;94
2016-05;Região de Saúde LVT;Centro Hospitalar de Setúbal, EPE;38.5283754, -8.8818638;614;210
2016-05;Região de Saúde LVT;Centro Hospitalar Universitário de Lisboa Norte, EPE;38.7500861, -9.1616116;993;249
2016-05;Região de Saúde LVT;Hospital de Loures, EPE;38.821455, -9.176296;1036;205
2016-05;Região de Saúde LVT;Hospital de Loures, PPP;38.821455, -9.176296;1036;205
2016-05;Região de Saúde LVT;Hospital Garcia de Orta, EPE;38.6658713, -9.1822554;1061;274
2016-05;Região de Saúde Norte;Centro Hospitalar Universitário de São João, EPE;41.1831056, -8.6010558;1027;311
2016-05;Região de Saúde Norte;Centro Hospitalar Universitário do Porto, EPE;41.1472498, -8.6172617;1289;351
2016-06;Região de Saúde do Centro;Centro Hospitalar Universitário Cova da Beira, EPE;40.2804158, -7.4922407;265;104
2016-06;Região de Saúde do Centro;Centro Hospitalar de Leiria, EPE;39.7414812, -8.7982706;1004;282
2016-06;Região de Saúde do Centro;Unidade Local de Saúde da Guarda, EPE;40.5309916, -7.2734793;281;111
2016-06;Região de Saúde LVT;Centro Hospitalar do Oeste, EPE;39.4054629, -9.1258493;699;207
2016-06;Região de Saúde LVT;Centro Hospitalar Médio Tejo, EPE;39.478072, -8.5404429;395;103
2016-06;Região de Saúde Norte;Centro Hospitalar Entre Douro e Vouga, EPE;40.9293884, -8.5458794;799;200
2016-06;Região de Saúde Norte;Unidade Local de Saúde do Alto Minho, EPE;41.7056054, -8.8252713;708;193
2016-07;Região de Saúde do Alentejo;Unidade Local de Saúde do Norte Alentejano, EPE;39.3003425, -7.4263845;287;85
2016-07;Região de Saúde do Centro;Centro Hospitalar Universitário Cova da Beira, EPE;40.2804158, -7.4922407;308;123
2016-07;Região de Saúde do Centro;Centro Hospitalar de Leiria, EPE;39.7414812, -8.7982706;1194;333
2016-07;Região de Saúde LVT;Hospital de Cascais, PPP;38.729006, -9.418267;1446;404
2016-07;Região de Saúde LVT;Hospital de Vila Franca de Xira, PPP;38.977235, -8.984506;966;271
2016-07;Região de Saúde LVT;Hospital Distrital de Santarém, EPE;39.2410946, -8.6937515;673;189
2016-07;Região de Saúde LVT;Hospital Garcia de Orta, EPE;38.6658713, -9.1822554;1530;395
2016-07;Região de Saúde Norte;Centro Hospitalar Póvoa de Varzim/Vila do Conde, EPE;41.3828711, -8.7589945;441;138
2016-07;Região de Saúde Norte;Unidade Local de Saúde de Matosinhos, EPE;41.1794456, -8.6745115;885;261
2016-07;Região de Saúde Norte;Unidade Local de Saúde do Nordeste, EPE;41.8056532, -6.7888197;284;115
2016-08;Região de Saúde do Centro;Centro Hospitalar do Baixo Vouga, EPE;40.6362453, -8.6543716;1126;294
2016-08;Região de Saúde do Centro;Unidade Local de Saúde de Castelo Branco, EPE;39.8212263, -7.4981271;264;69
2016-08;Região de Saúde LVT;Hospital Professor Doutor Fernando Fonseca, EPE;38.7422257, -9.2264834;1775;488
2016-08;Região de Saúde Norte;Centro Hospitalar do Médio Ave, EPE;41.3423984, -8.4802503;813;302
2016-08;Região de Saúde Norte;Centro Hospitalar Tâmega e Sousa, EPE;41.2494561, -8.264901;1539;402
2016-09;Região de Saúde do Alentejo;Unidade Local de Saúde do Norte Alentejano, EPE;39.3003425, -7.4263845;389;110
2016-09;Região de Saúde do Centro;Centro Hospitalar Tondela-Viseu, EPE;40.516364, -8.0827433;1494;336
2016-09;Região de Saúde LVT;Hospital de Loures, EPE;38.821455, -9.176296;1931;379
2016-09;Região de Saúde LVT;Hospital de Loures, PPP;38.821455, -9.176296;1931;379
2016-09;Região de Saúde LVT;Hospital Professor Doutor Fernando Fonseca, EPE;38.7422257, -9.2264834;1775;488
2016-09;Região de Saúde Norte;Centro Hospitalar Universitário do Porto, EPE;41.1472498, -8.6172617;2404;680
2016-09;Região de Saúde Norte;Centro Hospitalar Tâmega e Sousa, EPE;41.2494561, -8.264901;1787;458
2016-09;Região de Saúde Norte;Centro Hospitalar Trás-os-Montes e Alto Douro, EPE;41.3031784, -7.7515252;1065;355
2016-09;Região de Saúde Norte;Unidade Local de Saúde de Matosinhos, EPE;41.1794456, -8.6745115;1163;326
2016-10;Região de Saúde do Alentejo;Hospital Espírito Santo de Évora, EPE;38.5684861, -7.9032848;960;258
2016-10;Região de Saúde do Alentejo;Unidade Local de Saúde do Baixo Alentejo, EPE;38.014123, -7.8721227;904;237
2016-10;Região de Saúde do Centro;Unidade Local de Saúde de Castelo Branco, EPE;39.8212263, -7.4981271;345;89
2016-10;Região de Saúde LVT;Centro Hospitalar de Lisboa Ocidental, EPE;38.708454, -9.216985;2104;565
2016-10;Região de Saúde LVT;Centro Hospitalar do Oeste, EPE;39.4054629, -9.1258493;1183;368
2016-10;Região de Saúde LVT;Centro Hospitalar Universitário de Lisboa Norte, EPE;38.7500861, -9.1616116;2011;490
2016-10;Região de Saúde LVT;Hospital de Cascais, PPP;38.729006, -9.418267;2108;562
2016-11;Região de Saúde do Alentejo;Hospital Espírito Santo de Évora, EPE;38.5684861, -7.9032848;1060;290
2016-11;Região de Saúde do Algarve;Centro Hospitalar Universitário do Algarve,EPE;37.0238973, -7.9281554;3398;877
2016-11;Região de Saúde do Centro;Centro Hospitalar e Universitário de Coimbra, EPE;40.2191523, -8.4098211;4484;1202
2016-11;Região de Saúde do Centro;Unidade Local de Saúde de Castelo Branco, EPE;39.8212263, -7.4981271;367;95
2016-11;Região de Saúde LVT;Centro Hospitalar Barreiro/Montijo, EPE;38.6554005, -9.0592392;1287;359
2016-11;Região de Saúde LVT;Centro Hospitalar Universitário Lisboa Central, EPE;38.7166948, -9.1371248;3292;919
2016-11;Região de Saúde LVT;Hospital de Loures, PPP;38.821455, -9.176296;2333;459
2016-11;Região de Saúde LVT;Hospital Professor Doutor Fernando Fonseca, EPE;38.7422257, -9.2264834;2437;679
2016-11;Região de Saúde Norte;Centro Hospitalar do Médio Ave, EPE;41.3423984, -8.4802503;1124;413
2016-11;Região de Saúde Norte;Centro Hospitalar Trás-os-Montes e Alto Douro, EPE;41.3031784, -7.7515252;1273;428
2016-11;Região de Saúde Norte;Hospital de Braga, PPP;41.56785, -8.398982;2727;740
2016-12;Região de Saúde do Alentejo;Hospital Espírito Santo de Évora, EPE;38.5684861, -7.9032848;1162;320
2016-12;Região de Saúde do Alentejo;Unidade Local de Saúde do Norte Alentejano, EPE;39.3003425, -7.4263845;495;139
2016-12;Região de Saúde LVT;Centro Hospitalar de Lisboa Ocidental, EPE;38.708454, -9.216985;2513;678
2016-12;Região de Saúde LVT;Centro Hospitalar de Setúbal, EPE;38.5283754, -8.8818638;1585;479
2016-12;Região de Saúde LVT;Centro Hospitalar Universitário de Lisboa Norte, EPE;38.7500861, -9.1616116;2399;578
2016-12;Região de Saúde LVT;Hospital Garcia de Orta, EPE;38.6658713, -9.1822554;2695;704
2016-12;Região de Saúde Norte;Centro Hospitalar Trás-os-Montes e Alto Douro, EPE;41.3031784, -7.7515252;1384;471
2016-12;Região de Saúde Norte;Hospital de Braga, PPP;41.56785, -8.398982;2936;791
2016-12;Região de Saúde Norte;Unidade Local de Saúde de Matosinhos, EPE;41.1794456, -8.6745115;1590;441
2016-12;Região de Saúde Norte;Unidade Local de Saúde do Nordeste, EPE;41.8056532, -6.7888197;499;202
2017-01;Região de Saúde LVT;Hospital de Loures, EPE;38.821455, -9.176296;205;40
2017-01;Região de Saúde LVT;Hospital Garcia de Orta, EPE;38.6658713, -9.1822554;219;62
2017-01;Região de Saúde Norte;Centro Hospitalar Universitário de São João, EPE;41.1831056, -8.6010558;217;42
2017-01;Região de Saúde Norte;Unidade Local de Saúde do Alto Minho, EPE;41.7056054, -8.8252713;104;33
2017-02;Região de Saúde do Alentejo;Unidade Local de Saúde do Norte Alentejano, EPE;39.3003425, -7.4263845;79;24
2017-02;Região de Saúde do Centro;Centro Hospitalar e Universitário de Coimbra, EPE;40.2191523, -8.4098211;768;226
2017-02;Região de Saúde do Centro;Unidade Local de Saúde da Guarda, EPE;40.5309916, -7.2734793;85;32
2017-02;Região de Saúde LVT;Hospital Garcia de Orta, EPE;38.6658713, -9.1822554;420;114
2017-03;Região de Saúde LVT;Centro Hospitalar Barreiro/Montijo, EPE;38.6554005, -9.0592392;374;106
2017-03;Região de Saúde LVT;Centro Hospitalar do Oeste, EPE;39.4054629, -9.1258493;295;76
2017-03;Região de Saúde LVT;Hospital Professor Doutor Fernando Fonseca, EPE;38.7422257, -9.2264834;615;216
2017-03;Região de Saúde Norte;Unidade Local de Saúde de Matosinhos, EPE;41.1794456, -8.6745115;366;89
2017-04;Região de Saúde do Algarve;Centro Hospitalar Universitário do Algarve,EPE;37.0238973, -7.9281554;1179;289
2017-04;Região de Saúde do Centro;Unidade Local de Saúde da Guarda, EPE;40.5309916, -7.2734793;185;78
2017-04;Região de Saúde LVT;Centro Hospitalar Barreiro/Montijo, EPE;38.6554005, -9.0592392;490;133
2017-04;Região de Saúde LVT;Centro Hospitalar Universitário Lisboa Central, EPE;38.7166948, -9.1371248;1142;317
2017-04;Região de Saúde LVT;Centro Hospitalar do Oeste, EPE;39.4054629, -9.1258493;403;102
2017-04;Região de Saúde LVT;Centro Hospitalar Médio Tejo, EPE;39.478072, -8.5404429;229;59
2017-04;Região de Saúde LVT;Hospital de Loures, PPP;38.821455, -9.176296;818;172
2017-04;Região de Saúde Norte;Centro Hospitalar Tâmega e Sousa, EPE;41.2494561, -8.264901;712;176
2017-04;Região de Saúde Norte;Centro Hospitalar Vila Nova de Gaia/Espinho, EPE;41.1094138, -8.5972617;538;173
2017-05;Região de Saúde do Centro;Centro Hospitalar do Baixo Vouga, EPE;40.6362453, -8.6543716;685;194
2017-05;Região de Saúde LVT;Centro Hospitalar Universitário Lisboa Central, EPE;38.7166948, -9.1371248;1450;404
2017-05;Região de Saúde LVT;Centro Hospitalar Universitário de Lisboa Norte, EPE;38.7500861, -9.1616116;976;238
2017-05;Região de Saúde LVT;Hospital Garcia de Orta, EPE;38.6658713, -9.1822554;1100;285
2017-05;Região de Saúde Norte;Centro Hospitalar Póvoa de Varzim/Vila do Conde, EPE;41.3828711, -8.7589945;378;111
2017-05;Região de Saúde Norte;Centro Hospitalar Vila Nova de Gaia/Espinho, EPE;41.1094138, -8.5972617;676;214
2017-06;Região de Saúde do Alentejo;Unidade Local de Saúde do Baixo Alentejo, EPE;38.014123, -7.8721227;507;143
2017-06;Região de Saúde LVT;Centro Hospitalar Universitário Lisboa Central, EPE;38.7166948, -9.1371248;1780;496
2017-06;Região de Saúde LVT;Centro Hospitalar Universitário de Lisboa Norte, EPE;38.7500861, -9.1616116;1152;275
2017-06;Região de Saúde LVT;Hospital de Cascais, PPP;38.729006, -9.418267;1255;295
2017-06;Região de Saúde Norte;Centro Hospitalar Universitário de São João, EPE;41.1831056, -8.6010558;1175;351
2017-06;Região de Saúde Norte;Centro Hospitalar Trás-os-Montes e Alto Douro, EPE;41.3031784, -7.7515252;634;205
2017-07;Região de Saúde do Centro;Unidade Local de Saúde da Guarda, EPE;40.5309916, -7.2734793;309;131
2017-07;Região de Saúde LVT;Hospital de Loures, PPP;38.821455, -9.176296;1502;325
2017-07;Região de Saúde LVT;Hospital Garcia de Orta, EPE;38.6658713, -9.1822554;1564;408
2017-07;Região de Saúde Norte;Hospital de Braga, PPP;41.56785, -8.398982;1742;494
2017-08;Região de Saúde do Centro;Centro Hospitalar Universitário Cova da Beira, EPE;40.2804158, -7.4922407;358;139
2017-08;Região de Saúde do Centro;Centro Hospitalar de Leiria, EPE;39.7414812, -8.7982706;1274;377
2017-08;Região de Saúde LVT;Centro Hospitalar de Lisboa Ocidental, EPE;38.708454, -9.216985;1667;448
2017-08;Região de Saúde LVT;Centro Hospitalar Médio Tejo, EPE;39.478072, -8.5404429;448;122
2017-08;Região de Saúde LVT;Hospital de Cascais, PPP;38.729006, -9.418267;1709;424
2017-08;Região de Saúde LVT;Hospital de Loures, EPE;38.821455, -9.176296;1728;379
2017-08;Região de Saúde LVT;Hospital Professor Doutor Fernando Fonseca, EPE;38.7422257, -9.2264834;1695;571
2017-08;Região de Saúde LVT;Hospital Garcia de Orta, EPE;38.6658713, -9.1822554;1828;476
2017-08;Região de Saúde Norte;Centro Hospitalar Universitário do Porto, EPE;41.1472498, -8.6172617;2175;576
2017-08;Região de Saúde Norte;Centro Hospitalar Póvoa de Varzim/Vila do Conde, EPE;41.3828711, -8.7589945;617;174
2017-08;Região de Saúde Norte;Centro Hospitalar Vila Nova de Gaia/Espinho, EPE;41.1094138, -8.5972617;1126;332
2017-08;Região de Saúde Norte;Hospital de Braga, PPP;41.56785, -8.398982;1997;581
2017-09;Região de Saúde do Centro;Centro Hospitalar do Baixo Vouga, EPE;40.6362453, -8.6543716;1258;347
2017-09;Região de Saúde LVT;Centro Hospitalar Médio Tejo, EPE;39.478072, -8.5404429;513;139
2017-09;Região de Saúde LVT;Hospital de Loures, EPE;38.821455, -9.176296;1960;426
2017-09;Região de Saúde LVT;Hospital Professor Doutor Fernando Fonseca, EPE;38.7422257, -9.2264834;1918;633
2017-09;Região de Saúde LVT;Hospital Garcia de Orta, EPE;38.6658713, -9.1822554;2068;540
2017-09;Região de Saúde Norte;Centro Hospitalar Vila Nova de Gaia/Espinho, EPE;41.1094138, -8.5972617;1239;364
2017-09;Região de Saúde Norte;Unidade Local de Saúde do Nordeste, EPE;41.8056532, -6.7888197;362;137
2017-10;Região de Saúde do Alentejo;Unidade Local de Saúde do Norte Alentejano, EPE;39.3003425, -7.4263845;424;134
2017-10;Região de Saúde LVT;Centro Hospitalar Barreiro/Montijo, EPE;38.6554005, -9.0592392;1284;334
2017-10;Região de Saúde LVT;Hospital Professor Doutor Fernando Fonseca, EPE;38.7422257, -9.2264834;2162;717
2017-10;Região de Saúde Norte;Centro Hospitalar Trás-os-Montes e Alto Douro, EPE;41.3031784, -7.7515252;1088;358
2017-10;Região de Saúde Norte;Hospital da Senhora da Oliveira, Guimarães, EPE;41.4387173, -8.3086907;1630;424
2017-10;Região de Saúde Norte;Hospital de Braga, PPP;41.56785, -8.398982;2585;713
2017-10;Região de Saúde Norte;Unidade Local de Saúde do Nordeste, EPE;41.8056532, -6.7888197;397;149
2017-11;Região de Saúde do Alentejo;Unidade Local de Saúde do Norte Alentejano, EPE;39.3003425, -7.4263845;451;146
2017-11;Região de Saúde do Centro;Centro Hospitalar Universitário Cova da Beira, EPE;40.2804158, -7.4922407;500;185
2017-11;Região de Saúde do Centro;Centro Hospitalar Tondela-Viseu, EPE;40.516364, -8.0827433;1701;368
2017-11;Região de Saúde LVT;Centro Hospitalar Universitário Lisboa Central, EPE;38.7166948, -9.1371248;3369;1001
2017-11;Região de Saúde LVT;Centro Hospitalar do Oeste, EPE;39.4054629, -9.1258493;1109;301
2017-11;Região de Saúde LVT;Hospital de Vila Franca de Xira, PPP;38.977235, -8.984506;1586;449
2017-11;Região de Saúde LVT;Hospital Professor Doutor Fernando Fonseca, EPE;38.7422257, -9.2264834;2410;799
2017-11;Região de Saúde LVT;Hospital Garcia de Orta, EPE;38.6658713, -9.1822554;2543;692
2017-11;Região de Saúde Norte;Centro Hospitalar Tâmega e Sousa, EPE;41.2494561, -8.264901;2116;504
2017-11;Região de Saúde Norte;Centro Hospitalar Vila Nova de Gaia/Espinho, EPE;41.1094138, -8.5972617;1574;472
2017-11;Região de Saúde Norte;Unidade Local de Saúde do Alto Minho, EPE;41.7056054, -8.8252713;1234;364
2017-12;Região de Saúde do Alentejo;Hospital Espírito Santo de Évora, EPE;38.5684861, -7.9032848;1114;330
2017-12;Região de Saúde do Algarve;Centro Hospitalar Universitário do Algarve,EPE;37.0238973, -7.9281554;3697;989
2017-12;Região de Saúde LVT;Centro Hospitalar Barreiro/Montijo, EPE;38.6554005, -9.0592392;1541;423
2017-12;Região de Saúde LVT;Centro Hospitalar do Oeste, EPE;39.4054629, -9.1258493;1196;313
2017-12;Região de Saúde LVT;Centro Hospitalar Médio Tejo, EPE;39.478072, -8.5404429;711;194
2017-12;Região de Saúde LVT;Hospital de Cascais, PPP;38.729006, -9.418267;2650;679
2017-12;Região de Saúde Norte;Centro Hospitalar Tâmega e Sousa, EPE;41.2494561, -8.264901;2328;555
2017-12;Região de Saúde Norte;Unidade Local de Saúde de Matosinhos, EPE;41.1794456, -8.6745115;1507;412
2018-01;Região de Saúde do Alentejo;Unidade Local de Saúde do Norte Alentejano, EPE;39.3003425, -7.4263845;48;12
2018-01;Região de Saúde do Centro;Unidade Local de Saúde da Guarda, EPE;40.5309916, -7.2734793;50;17
2018-01;Região de Saúde LVT;Centro Hospitalar Universitário de Lisboa Norte, EPE;38.7500861, -9.1616116;198;68
2018-01;Região de Saúde Norte;Centro Hospitalar Universitário de São João, EPE;41.1831056, -8.6010558;189;47
2018-01;Região de Saúde Norte;Centro Hospitalar Tâmega e Sousa, EPE;41.2494561, -8.264901;185;48
2018-02;Região de Saúde do Centro;Centro Hospitalar e Universitário de Coimbra, EPE;40.2191523, -8.4098211;751;247
2018-02;Região de Saúde LVT;Centro Hospitalar de Lisboa Ocidental, EPE;38.708454, -9.216985;397;106
2018-02;Região de Saúde LVT;Centro Hospitalar Médio Tejo, EPE;39.478072, -8.5404429;128;41
2018-02;Região de Saúde LVT;Hospital Distrital de Santarém, EPE;39.2410946, -8.6937515;173;49
2018-02;Região de Saúde Norte;Hospital da Senhora da Oliveira, Guimarães, EPE;41.4387173, -8.3086907;329;105
2018-03;Região de Saúde do Alentejo;Unidade Local de Saúde do Baixo Alentejo, EPE;38.014123, -7.8721227;231;76
2018-03;Região de Saúde do Alentejo;Unidade Local de Saúde do Norte Alentejano, EPE;39.3003425, -7.4263845;125;37
2018-03;Região de Saúde do Centro;Centro Hospitalar de Leiria, EPE;39.7414812, -8.7982706;446;142
2018-03;Região de Saúde LVT;Hospital de Cascais, PPP;38.729006, -9.418267;627;180
2018-03;Região de Saúde Norte;Centro Hospitalar Entre Douro e Vouga, EPE;40.9293884, -8.5458794;362;93
2018-03;Região de Saúde Norte;Centro Hospitalar Tâmega e Sousa, EPE;41.2494561, -8.264901;525;134
2018-03;Região de Saúde Norte;Centro Hospitalar Trás-os-Montes e Alto Douro, EPE;41.3031784, -7.7515252;319;110
2018-04;Região de Saúde do Algarve;Centro Hospitalar Universitário do Algarve,EPE;37.0238973, -7.9281554;1178;319
2018-04;Região de Saúde do Centro;Unidade Local de Saúde de Castelo Branco, EPE;39.8212263, -7.4981271;131;38
2018-04;Região de Saúde LVT;Centro Hospitalar Barreiro/Montijo, EPE;38.6554005, -9.0592392;433;128
2018-04;Região de Saúde LVT;Centro Hospitalar de Lisboa Ocidental, EPE;38.708454, -9.216985;799;221
2018-04;Região de Saúde LVT;Hospital Distrital de Santarém, EPE;39.2410946, -8.6937515;339;92
2018-04;Região de Saúde Norte;Centro Hospitalar Vila Nova de Gaia/Espinho, EPE;41.1094138, -8.5972617;527;152
2018-04;Região de Saúde Norte;Hospital de Braga, PPP;41.56785, -8.398982;957;295
2018-05;Região de Saúde do Alentejo;Unidade Local de Saúde do Baixo Alentejo, EPE;38.014123, -7.8721227;390;123
2018-05;Região de Saúde do Algarve;Centro Hospitalar Universitário do Algarve,EPE;37.0238973, -7.9281554;1477;388
2018-05;Região de Saúde do Centro;Unidade Local de Saúde da Guarda, EPE;40.5309916, -7.2734793;230;79
2018-05;Região de Saúde LVT;Centro Hospitalar de Setúbal, EPE;38.5283754, -8.8818638;555;163
2018-05;Região de Saúde Norte;Centro Hospitalar do Médio Ave, EPE;41.3423984, -8.4802503;438;147
2018-05;Região de Saúde Norte;Centro Hospitalar Universitário do Porto, EPE;41.1472498, -8.6172617;1320;367
2018-05;Região de Saúde Norte;Centro Hospitalar Trás-os-Montes e Alto Douro, EPE;41.3031784, -7.7515252;528;201
2018-05;Região de Saúde Norte;Unidade Local de Saúde de Matosinhos, EPE;41.1794456, -8.6745115;596;170
2018-06;Região de Saúde do Centro;Unidade Local de Saúde de Castelo Branco, EPE;39.8212263, -7.4981271;208;58
2018-06;Região de Saúde LVT;Centro Hospitalar Barreiro/Montijo, EPE;38.6554005, -9.0592392;693;213
2018-06;Região de Saúde LVT;Centro Hospitalar de Lisboa Ocidental, EPE;38.708454, -9.216985;1216;331
2018-06;Região de Saúde LVT;Centro Hospitalar Médio Tejo, EPE;39.478072, -8.5404429;378;102
2018-06;Região de Saúde LVT;Hospital Professor Doutor Fernando Fonseca, EPE;38.7422257, -9.2264834;1357;403
2018-06;Região de Saúde Norte;Centro Hospitalar Entre Douro e Vouga, EPE;40.9293884, -8.5458794;741;197
2018-06;Região de Saúde Norte;Centro Hospitalar Tâmega e Sousa, EPE;41.2494561, -8.264901;1069;253
2018-07;Região de Saúde do Centro;Centro Hospitalar do Baixo Vouga, EPE;40.6362453, -8.6543716;980;234
2018-07;Região de Saúde LVT;Hospital de Vila Franca de Xira, PPP;38.977235, -8.984506;1012;268
2018-07;Região de Saúde LVT;Hospital Professor Doutor Fernando Fonseca, EPE;38.7422257, -9.2264834;1557;466
2018-07;Região de Saúde LVT;Hospital Garcia de Orta, EPE;38.6658713, -9.1822554;1541;396
2018-07;Região de Saúde Norte;Centro Hospitalar Universitário de São João, EPE;41.1831056, -8.6010558;1264;352
2018-07;Região de Saúde Norte;Centro Hospitalar Póvoa de Varzim/Vila do Conde, EPE;41.3828711, -8.7589945;560;159
2018-07;Região de Saúde Norte;Centro Hospitalar Trás-os-Montes e Alto Douro, EPE;41.3031784, -7.7515252;758;290
2018-07;Região de Saúde Norte;Hospital da Senhora da Oliveira, Guimarães, EPE;41.4387173, -8.3086907;1156;341
2018-07;Região de Saúde Norte;Unidade Local de Saúde de Matosinhos, EPE;41.1794456, -8.6745115;849;242
2018-07;Região de Saúde Norte;Unidade Local de Saúde do Alto Minho, EPE;41.7056054, -8.8252713;777;207
2018-08;Região de Saúde LVT;Centro Hospitalar de Setúbal, EPE;38.5283754, -8.8818638;981;283
2018-08;Região de Saúde LVT;Hospital de Loures, EPE;38.821455, -9.176296;1791;415
2018-08;Região de Saúde Norte;Hospital da Senhora da Oliveira, Guimarães, EPE;41.4387173, -8.3086907;1333;384
2018-09;Região de Saúde do Algarve;Centro Hospitalar Universitário do Algarve,EPE;37.0238973, -7.9281554;2777;707
2018-09;Região de Saúde do Centro;Centro Hospitalar de Leiria, EPE;39.7414812, -8.7982706;1506;439
2018-09;Região de Saúde do Centro;Centro Hospitalar e Universitário de Coimbra, EPE;40.2191523, -8.4098211;3534;1058
2018-09;Região de Saúde do Centro;Unidade Local de Saúde de Castelo Branco, EPE;39.8212263, -7.4981271;334;78
2018-09;Região de Saúde LVT;Centro Hospitalar de Lisboa Ocidental, EPE;38.708454, -9.216985;1935;537
2018-09;Região de Saúde LVT;Hospital Distrital de Santarém, EPE;39.2410946, -8.6937515;787;215
2018-09;Região de Saúde Norte;Centro Hospitalar Entre Douro e Vouga, EPE;40.9293884, -8.5458794;1148;288
2018-10;Região de Saúde do Alentejo;Unidade Local de Saúde do Baixo Alentejo, EPE;38.014123, -7.8721227;873;237
2018-10;Região de Saúde do Algarve;Centro Hospitalar Universitário do Algarve,EPE;37.0238973, -7.9281554;3118;810
2018-10;Região de Saúde do Centro;Centro Hospitalar Universitário Cova da Beira, EPE;40.2804158, -7.4922407;449;167
2018-10;Região de Saúde do Centro;Centro Hospitalar de Leiria, EPE;39.7414812, -8.7982706;1671;480
2018-10;Região de Saúde do Centro;Centro Hospitalar Tondela-Viseu, EPE;40.516364, -8.0827433;1544;342
2018-10;Região de Saúde LVT;Centro Hospitalar Barreiro/Montijo, EPE;38.6554005, -9.0592392;1228;362
2018-10;Região de Saúde LVT;Centro Hospitalar de Setúbal, EPE;38.5283754, -8.8818638;1286;370
2018-10;Região de Saúde LVT;Centro Hospitalar do Oeste, EPE;39.4054629, -9.1258493;1007;287
2018-10;Região de Saúde LVT;Hospital de Cascais, PPP;38.729006, -9.418267;2210;642
2018-10;Região de Saúde LVT;Hospital de Loures, EPE;38.821455, -9.176296;2309;542
2018-10;Região de Saúde Norte;Centro Hospitalar Universitário de São João, EPE;41.1831056, -8.6010558;1915;545
2018-10;Região de Saúde Norte;Centro Hospitalar Universitário do Porto, EPE;41.1472498, -8.6172617;2749;754
2018-10;Região de Saúde Norte;Centro Hospitalar Entre Douro e Vouga, EPE;40.9293884, -8.5458794;1297;329
2018-10;Região de Saúde Norte;Unidade Local de Saúde do Alto Minho, EPE;41.7056054, -8.8252713;1181;330
2018-10;Região de Saúde Norte;Unidade Local de Saúde do Nordeste, EPE;41.8056532, -6.7888197;364;150
2018-11;Região de Saúde do Centro;Centro Hospitalar do Baixo Vouga, EPE;40.6362453, -8.6543716;1623;383
2018-11;Região de Saúde do Centro;Centro Hospitalar e Universitário de Coimbra, EPE;40.2191523, -8.4098211;4347;1297
2018-11;Região de Saúde LVT;Centro Hospitalar Barreiro/Montijo, EPE;38.6554005, -9.0592392;1376;399
2018-11;Região de Saúde LVT;Hospital Distrital de Santarém, EPE;39.2410946, -8.6937515;979;275
2018-11;Região de Saúde Norte;Centro Hospitalar Universitário de São João, EPE;41.1831056, -8.6010558;2120;594
2018-11;Região de Saúde Norte;Centro Hospitalar do Médio Ave, EPE;41.3423984, -8.4802503;1017;323
2018-11;Região de Saúde Norte;Hospital da Senhora da Oliveira, Guimarães, EPE;41.4387173, -8.3086907;1887;539
2018-11;Região de Saúde Norte;Unidade Local de Saúde do Alto Minho, EPE;41.7056054, -8.8252713;1307;371
2018-12;Região de Saúde do Centro;Centro Hospitalar de Leiria, EPE;39.7414812, -8.7982706;1980;577
2018-12;Região de Saúde do Centro;Centro Hospitalar Tondela-Viseu, EPE;40.516364, -8.0827433;1864;423
2018-12;Região de Saúde do Centro;Unidade Local de Saúde de Castelo Branco, EPE;39.8212263, -7.4981271;437;102
2018-12;Região de Saúde LVT;Centro Hospitalar de Lisboa Ocidental, EPE;38.708454, -9.216985;2657;737
2018-12;Região de Saúde LVT;Hospital de Cascais, PPP;38.729006, -9.418267;2634;759
2018-12;Região de Saúde Norte;Centro Hospitalar Universitário do Porto, EPE;41.1472498, -8.6172617;3330;912
2019-01;Região de Saúde do Alentejo;Unidade Local de Saúde do Norte Alentejano, EPE;39.3003425, -7.4263845;36;11
2019-01;Região de Saúde LVT;Centro Hospitalar de Setúbal, EPE;38.5283754, -8.8818638;114;44
2019-01;Região de Saúde LVT;Hospital de Loures, EPE;38.821455, -9.176296;213;51
2019-01;Região de Saúde LVT;Hospital de Vila Franca de Xira, PPP;38.977235, -8.984506;164;34
2019-01;Região de Saúde LVT;Hospital Professor Doutor Fernando Fonseca, EPE;38.7422257, -9.2264834;242;71
2019-01;Região de Saúde Norte;Hospital da Senhora da Oliveira, Guimarães, EPE;41.4387173, -8.3086907;170;56
2019-01;Região de Saúde Norte;Unidade Local de Saúde de Matosinhos, EPE;41.1794456, -8.6745115;127;35
2019-02;Região de Saúde LVT;Centro Hospitalar de Setúbal, EPE;38.5283754, -8.8818638;228;79
2019-02;Região de Saúde LVT;Hospital de Cascais, PPP;38.729006, -9.418267;412;124
2019-02;Região de Saúde LVT;Hospital de Loures, PPP;38.821455, -9.176296;432;99
2019-02;Região de Saúde LVT;Hospital Garcia de Orta, EPE;38.6658713, -9.1822554;421;115
2019-02;Região de Saúde Norte;Centro Hospitalar Universitário do Porto, EPE;41.1472498, -8.6172617;537;172
2019-02;Região de Saúde Norte;Unidade Local de Saúde de Matosinhos, EPE;41.1794456, -8.6745115;245;71
2019-03;Região de Saúde do Alentejo;Hospital Espírito Santo de Évora, EPE;38.5684861, -7.9032848;275;83
2019-03;Região de Saúde do Alentejo;Unidade Local de Saúde do Norte Alentejano, EPE;39.3003425, -7.4263845;117;39
2019-03;Região de Saúde do Algarve;Centro Hospitalar Universitário do Algarve,EPE;37.0238973, -7.9281554;893;276
2019-03;Região de Saúde do Centro;Centro Hospitalar de Leiria, EPE;39.7414812, -8.7982706;440;140
2019-03;Região de Saúde LVT;Centro Hospitalar Barreiro/Montijo, EPE;38.6554005, -9.0592392;340;104
2019-03;Região de Saúde LVT;Centro Hospitalar de Lisboa Ocidental, EPE;38.708454, -9.216985;577;161
2019-03;Região de Saúde LVT;Hospital de Cascais, PPP;38.729006, -9.418267;631;181
2019-03;Região de Saúde Norte;Centro Hospitalar do Médio Ave, EPE;41.3423984, -8.4802503;275;79
2019-03;Região de Saúde Norte;Centro Hospitalar Tâmega e Sousa, EPE;41.2494561, -8.264901;544;115
2019-04;Região de Saúde do Centro;Centro Hospitalar Universitário Cova da Beira, EPE;40.2804158, -7.4922407;136;40
2019-04;Região de Saúde LVT;Centro Hospitalar de Lisboa Ocidental, EPE;38.708454, -9.216985;776;220
2019-04;Região de Saúde LVT;Centro Hospitalar Universitário de Lisboa Norte, EPE;38.7500861, -9.1616116;798;188
2019-04;Região de Saúde LVT;Hospital Garcia de Orta, EPE;38.6658713, -9.1822554;882;262
2019-04;Região de Saúde Norte;Centro Hospitalar Universitário de São João, EPE;41.1831056, -8.6010558;751;227
2019-04;Região de Saúde Norte;Centro Hospitalar Trás-os-Montes e Alto Douro, EPE;41.3031784, -7.7515252;374;138
2019-05;Região de Saúde do Centro;Centro Hospitalar Tondela-Viseu, EPE;40.516364, -8.0827433;761;196
2019-05;Região de Saúde LVT;Hospital de Vila Franca de Xira, PPP;38.977235, -8.984506;792;230
2019-05;Região de Saúde LVT;Hospital Distrital de Santarém, EPE;39.2410946, -8.6937515;444;117
2019-05;Região de Saúde LVT;Hospital Professor Doutor Fernando Fonseca, EPE;38.7422257, -9.2264834;1092;346
2019-05;Região de Saúde LVT;Hospital Garcia de Orta, EPE;38.6658713, -9.1822554;1128;332
2019-05;Região de Saúde Norte;Centro Hospitalar do Médio Ave, EPE;41.3423984, -8.4802503;454;153
2019-06;Região de Saúde do Centro;Centro Hospitalar de Leiria, EPE;39.7414812, -8.7982706;897;263
2019-06;Região de Saúde do Centro;Centro Hospitalar Tondela-Viseu, EPE;40.516364, -8.0827433;911;231
2019-06;Região de Saúde LVT;Centro Hospitalar Barreiro/Montijo, EPE;38.6554005, -9.0592392;713;212
2019-06;Região de Saúde LVT;Centro Hospitalar de Lisboa Ocidental, EPE;38.708454, -9.216985;1210;338
2019-06;Região de Saúde LVT;Hospital de Loures, PPP;38.821455, -9.176296;1354;288
2019-06;Região de Saúde LVT;Hospital Distrital de Santarém, EPE;39.2410946, -8.6937515;512;137
2019-06;Região de Saúde LVT;Hospital Professor Doutor Fernando Fonseca, EPE;38.7422257, -9.2264834;1322;423
2019-06;Região de Saúde Norte;Centro Hospitalar do Médio Ave, EPE;41.3423984, -8.4802503;548;188
2019-06;Região de Saúde Norte;Centro Hospitalar Universitário do Porto, EPE;41.1472498, -8.6172617;1680;489
2019-06;Região de Saúde Norte;Centro Hospitalar Vila Nova de Gaia/Espinho, EPE;41.1094138, -8.5972617;737;234
2019-06;Região de Saúde Norte;Unidade Local de Saúde do Alto Minho, EPE;41.7056054, -8.8252713;676;202
2019-07;Região de Saúde do Alentejo;Unidade Local de Saúde do Baixo Alentejo, EPE;38.014123, -7.8721227;543;169
2019-07;Região de Saúde do Centro;Centro Hospitalar de Leiria, EPE;39.7414812, -8.7982706;1057;308
2019-07;Região de Saúde LVT;Centro Hospitalar Universitário Lisboa Central, EPE;38.7166948, -9.1371248;1895;604
2019-07;Região de Saúde LVT;Hospital de Vila Franca de Xira, PPP;38.977235, -8.984506;1095;348
2019-07;Região de Saúde Norte;Centro Hospitalar Universitário de São João, EPE;41.1831056, -8.6010558;1298;382
2019-07;Região de Saúde Norte;Centro Hospitalar Entre Douro e Vouga, EPE;40.9293884, -8.5458794;871;247
2019-08;Região de Saúde do Algarve;Centro Hospitalar Universitário do Algarve,EPE;37.0238973, -7.9281554;2533;775
2019-08;Região de Saúde do Centro;Unidade Local de Saúde de Castelo Branco, EPE;39.8212263, -7.4981271;250;72
2019-08;Região de Saúde LVT;Centro Hospitalar Barreiro/Montijo, EPE;38.6554005, -9.0592392;995;286
2019-08;Região de Saúde LVT;Centro Hospitalar de Setúbal, EPE;38.5283754, -8.8818638;1064;378
2019-08;Região de Saúde LVT;Centro Hospitalar Universitário de Lisboa Norte, EPE;38.7500861, -9.1616116;1646;390
2019-08;Região de Saúde LVT;Hospital de Loures, PPP;38.821455, -9.176296;1809;402
2019-08;Região de Saúde LVT;Hospital Garcia de Orta, EPE;38.6658713, -9.1822554;1833;527
2019-09;Região de Saúde do Alentejo;Hospital Espírito Santo de Évora, EPE;38.5684861, -7.9032848;830;292
2019-09;Região de Saúde do Algarve;Centro Hospitalar Universitário do Algarve,EPE;37.0238973, -7.9281554;2849;871
2019-09;Região de Saúde do Centro;Centro Hospitalar de Leiria, EPE;39.7414812, -8.7982706;1424;394
2019-09;Região de Saúde LVT;Centro Hospitalar de Setúbal, EPE;38.5283754, -8.8818638;1230;444
2019-09;Região de Saúde LVT;Hospital Professor Doutor Fernando Fonseca, EPE;38.7422257, -9.2264834;2002;629
2019-09;Região de Saúde Norte;Centro Hospitalar Universitário de São João, EPE;41.1831056, -8.6010558;1711;502
2019-09;Região de Saúde Norte;Centro Hospitalar do Médio Ave, EPE;41.3423984, -8.4802503;861;303
2019-09;Região de Saúde Norte;Centro Hospitalar Póvoa de Varzim/Vila do Conde, EPE;41.3828711, -8.7589945;954;282
2019-09;Região de Saúde Norte;Unidade Local de Saúde do Alto Minho, EPE;41.7056054, -8.8252713;1073;331
2019-10;Região de Saúde do Algarve;Centro Hospitalar Universitário do Algarve,EPE;37.0238973, -7.9281554;3183;976
2019-10;Região de Saúde LVT;Centro Hospitalar de Lisboa Ocidental, EPE;38.708454, -9.216985;2085;621
2019-10;Região de Saúde LVT;Centro Hospitalar do Oeste, EPE;39.4054629, -9.1258493;1078;316
2019-10;Região de Saúde LVT;Hospital de Loures, PPP;38.821455, -9.176296;2279;508
2019-10;Região de Saúde LVT;Hospital Distrital de Santarém, EPE;39.2410946, -8.6937515;908;245
2019-10;Região de Saúde Norte;Centro Hospitalar Trás-os-Montes e Alto Douro, EPE;41.3031784, -7.7515252;981;352
2019-10;Região de Saúde Norte;Unidade Local de Saúde do Alto Minho, EPE;41.7056054, -8.8252713;1208;371
2019-11;Região de Saúde do Alentejo;Hospital Espírito Santo de Évora, EPE;38.5684861, -7.9032848;1010;355
2019-11;Região de Saúde do Centro;Centro Hospitalar Universitário Cova da Beira, EPE;40.2804158, -7.4922407;401;138
2019-11;Região de Saúde do Centro;Centro Hospitalar de Leiria, EPE;39.7414812, -8.7982706;1778;485
2019-11;Região de Saúde do Centro;Centro Hospitalar do Baixo Vouga, EPE;40.6362453, -8.6543716;1670;408
2019-11;Região de Saúde do Centro;Centro Hospitalar e Universitário de Coimbra, EPE;40.2191523, -8.4098211;4286;1205
2019-11;Região de Saúde do Centro;Unidade Local de Saúde da Guarda, EPE;40.5309916, -7.2734793;488;158
2019-11;Região de Saúde LVT;Centro Hospitalar Universitário Lisboa Central, EPE;38.7166948, -9.1371248;3002;993
2019-11;Região de Saúde LVT;Centro Hospitalar de Setúbal, EPE;38.5283754, -8.8818638;1553;564
2019-11;Região de Saúde LVT;Centro Hospitalar do Oeste, EPE;39.4054629, -9.1258493;1206;352
2019-11;Região de Saúde LVT;Hospital de Cascais, PPP;38.729006, -9.418267;2402;659
2019-11;Região de Saúde LVT;Hospital Professor Doutor Fernando Fonseca, EPE;38.7422257, -9.2264834;2521;827
2019-11;Região de Saúde LVT;Hospital Garcia de Orta, EPE;38.6658713, -9.1822554;2579;728
2019-11;Região de Saúde Norte;Centro Hospitalar do Médio Ave, EPE;41.3423984, -8.4802503;1044;369
2019-11;Região de Saúde Norte;Centro Hospitalar Universitário do Porto, EPE;41.1472498, -8.6172617;3208;915
2019-11;Região de Saúde Norte;Centro Hospitalar Entre Douro e Vouga, EPE;40.9293884, -8.5458794;1419;415
2019-11;Região de Saúde Norte;Hospital da Senhora da Oliveira, Guimarães, EPE;41.4387173, -8.3086907;1783;641
2019-12;Região de Saúde do Centro;Centro Hospitalar Universitário Cova da Beira, EPE;40.2804158, -7.4922407;446;157
2019-12;Região de Saúde do Centro;Centro Hospitalar de Leiria, EPE;39.7414812, -8.7982706;1923;524
2019-12;Região de Saúde LVT;Centro Hospitalar Universitário Lisboa Central, EPE;38.7166948, -9.1371248;3262;1080
2019-12;Região de Saúde LVT;Centro Hospitalar de Setúbal, EPE;38.5283754, -8.8818638;1668;612
2019-12;Região de Saúde LVT;Hospital de Loures, PPP;38.821455, -9.176296;2757;607
2019-12;Região de Saúde LVT;Hospital Distrital de Santarém, EPE;39.2410946, -8.6937515;1089;305
2019-12;Região de Saúde LVT;Hospital Garcia de Orta, EPE;38.6658713, -9.1822554;2800;784
2019-12;Região de Saúde Norte;Centro Hospitalar Vila Nova de Gaia/Espinho, EPE;41.1094138, -8.5972617;2016;829
2019-12;Região de Saúde Norte;Hospital da Senhora da Oliveira, Guimarães, EPE;41.4387173, -8.3086907;1945;704
2019-12;Região de Saúde Norte;Hospital de Braga, EPE;41.56785, -8.398982;3154;893
2020-01;Região de Saúde do Alentejo;Hospital Espírito Santo de Évora, EPE;38.5684861, -7.9032848;95;24
2020-01;Região de Saúde do Alentejo;Unidade Local de Saúde do Baixo Alentejo, EPE;38.014123, -7.8721227;101;30
2020-01;Região de Saúde LVT;Centro Hospitalar de Setúbal, EPE;38.5283754, -8.8818638;121;36
2020-01;Região de Saúde LVT;Hospital Garcia de Orta, EPE;38.6658713, -9.1822554;215;68
2020-01;Região de Saúde Norte;Centro Hospitalar Entre Douro e Vouga, EPE;40.9293884, -8.5458794;126;37
2020-01;Região de Saúde Norte;Hospital de Braga, EPE;41.56785, -8.398982;273;82
2020-01;Região de Saúde Norte;Unidade Local de Saúde do Alto Minho, EPE;41.7056054, -8.8252713;124;31
2020-02;Região de Saúde LVT;Centro Hospitalar Barreiro/Montijo, EPE;38.6554005, -9.0592392;249;78
2020-02;Região de Saúde LVT;Centro Hospitalar de Lisboa Ocidental, EPE;38.708454, -9.216985;343;98
2020-02;Região de Saúde LVT;Centro Hospitalar de Setúbal, EPE;38.5283754, -8.8818638;244;80
2020-02;Região de Saúde LVT;Centro Hospitalar Médio Tejo, EPE;39.478072, -8.5404429;135;37
2020-02;Região de Saúde Norte;Centro Hospitalar Universitário de São João, EPE;41.1831056, -8.6010558;376;112
2020-02;Região de Saúde Norte;Centro Hospitalar Tâmega e Sousa, EPE;41.2494561, -8.264901;328;83
2020-03;Região de Saúde do Alentejo;Hospital Espírito Santo de Évora, EPE;38.5684861, -7.9032848;257;77
2020-03;Região de Saúde do Alentejo;Unidade Local de Saúde do Norte Alentejano, EPE;39.3003425, -7.4263845;105;41
2020-03;Região de Saúde do Centro;Unidade Local de Saúde da Guarda, EPE;40.5309916, -7.2734793;138;53
2020-03;Região de Saúde LVT;Centro Hospitalar Médio Tejo, EPE;39.478072, -8.5404429;207;55
2020-03;Região de Saúde LVT;Hospital de Loures, EPE;38.821455, -9.176296;650;157
2020-03;Região de Saúde LVT;Hospital Garcia de Orta, EPE;38.6658713, -9.1822554;678;222
2020-03;Região de Saúde Norte;Centro Hospitalar Entre Douro e Vouga, EPE;40.9293884, -8.5458794;349;99
2020-03;Região de Saúde Norte;Unidade Local de Saúde do Nordeste, EPE;41.8056532, -6.7888197;105;46
2020-04;Região de Saúde do Centro;Unidade Local de Saúde da Guarda, EPE;40.5309916, -7.2734793;186;72
2020-04;Região de Saúde LVT;Centro Hospitalar de Setúbal, EPE;38.5283754, -8.8818638;493;156
2020-04;Região de Saúde LVT;Centro Hospitalar do Oeste, EPE;39.4054629, -9.1258493;435;136
2020-04;Região de Saúde LVT;Centro Hospitalar Universitário de Lisboa Norte, EPE;38.7500861, -9.1616116;742;185
2020-04;Região de Saúde Norte;Centro Hospitalar Universitário de São João, EPE;41.1831056, -8.6010558;706;217
2020-04;Região de Saúde Norte;Hospital de Braga, EPE;41.56785, -8.398982;1021;286
2020-05;Região de Saúde do Alentejo;Unidade Local de Saúde do Norte Alentejano, EPE;39.3003425, -7.4263845;177;64
2020-05;Região de Saúde do Algarve;Centro Hospitalar Universitário do Algarve,EPE;37.0238973, -7.9281554;1485;418
2020-05;Região de Saúde do Centro;Centro Hospitalar Tondela-Viseu, EPE;40.516364, -8.0827433;739;190
2020-05;Região de Saúde do Centro;Unidade Local de Saúde da Guarda, EPE;40.5309916, -7.2734793;241;89
2020-05;Região de Saúde do Centro;Unidade Local de Saúde de Castelo Branco, EPE;39.8212263, -7.4981271;158;40
2020-05;Região de Saúde LVT;Centro Hospitalar Universitário Lisboa Central, EPE;38.7166948, -9.1371248;1326;415
2020-05;Região de Saúde LVT;Centro Hospitalar de Setúbal, EPE;38.5283754, -8.8818638;616;195
2020-05;Região de Saúde LVT;Hospital de Loures, EPE;38.821455, -9.176296;1046;250
2020-05;Região de Saúde LVT;Hospital Distrital de Santarém, EPE;39.2410946, -8.6937515;435;123
2020-05;Região de Saúde Norte;Centro Hospitalar do Médio Ave, EPE;41.3423984, -8.4802503;451;152
2020-06;Região de Saúde do Alentejo;Unidade Local de Saúde do Baixo Alentejo, EPE;38.014123, -7.8721227;521;149
2020-06;Região de Saúde do Centro;Centro Hospitalar Tondela-Viseu, EPE;40.516364, -8.0827433;889;232
2020-06;Região de Saúde LVT;Centro Hospitalar de Lisboa Ocidental, EPE;38.708454, -9.216985;1070;313
2020-06;Região de Saúde Norte;Centro Hospitalar Universitário do Porto, EPE;41.1472498, -8.6172617;1668;452
2020-07;Região de Saúde do Alentejo;Unidade Local de Saúde do Baixo Alentejo, EPE;38.014123, -7.8721227;604;172
2020-07;Região de Saúde do Centro;Centro Hospitalar de Leiria, EPE;39.7414812, -8.7982706;1062;267
2020-07;Região de Saúde do Centro;Unidade Local de Saúde de Castelo Branco, EPE;39.8212263, -7.4981271;215;56
2020-07;Região de Saúde LVT;Centro Hospitalar Universitário Lisboa Central, EPE;38.7166948, -9.1371248;1842;597
2020-07;Região de Saúde LVT;Hospital de Loures, PPP;38.821455, -9.176296;1386;329
2020-07;Região de Saúde Norte;Centro Hospitalar Universitário de São João, EPE;41.1831056, -8.6010558;1224;372
2020-07;Região de Saúde Norte;Centro Hospitalar do Médio Ave, EPE;41.3423984, -8.4802503;654;222
2020-07;Região de Saúde Norte;Centro Hospitalar Universitário do Porto, EPE;41.1472498, -8.6172617;1962;531
2020-07;Região de Saúde Norte;Centro Hospitalar Trás-os-Montes e Alto Douro, EPE;41.3031784, -7.7515252;689;289
2020-07;Região de Saúde Norte;Unidade Local de Saúde do Alto Minho, EPE;41.7056054, -8.8252713;748;255
2020-08;Região de Saúde do Centro;Centro Hospitalar Tondela-Viseu, EPE;40.516364, -8.0827433;1199;298
2020-08;Região de Saúde do Centro;Unidade Local de Saúde da Guarda, EPE;40.5309916, -7.2734793;381;140
2020-08;Região de Saúde LVT;Centro Hospitalar Barreiro/Montijo, EPE;38.6554005, -9.0592392;1041;332
2020-08;Região de Saúde LVT;Hospital de Loures, PPP;38.821455, -9.176296;1568;371
2020-08;Região de Saúde LVT;Hospital Professor Doutor Fernando Fonseca, EPE;38.7422257, -9.2264834;1644;601
2020-08;Região de Saúde Norte;Centro Hospitalar Universitário do Porto, EPE;41.1472498, -8.6172617;2245;601
2020-08;Região de Saúde Norte;Centro Hospitalar Trás-os-Montes e Alto Douro, EPE;41.3031784, -7.7515252;801;337
2020-08;Região de Saúde Norte;Unidade Local de Saúde de Matosinhos, EPE;41.1794456, -8.6745115;1005;283
2020-08;Região de Saúde Norte;Unidade Local de Saúde do Nordeste, EPE;41.8056532, -6.7888197;291;121
2020-09;Região de Saúde do Alentejo;Hospital Espírito Santo de Évora, EPE;38.5684861, -7.9032848;816;265
2020-09;Região de Saúde LVT;Centro Hospitalar de Lisboa Ocidental, EPE;38.708454, -9.216985;1629;464
2020-09;Região de Saúde LVT;Centro Hospitalar de Setúbal, EPE;38.5283754, -8.8818638;1101;364
2020-09;Região de Saúde LVT;Centro Hospitalar do Oeste, EPE;39.4054629, -9.1258493;1039;316
2020-09;Região de Saúde Norte;Hospital da Senhora da Oliveira, Guimarães, EPE;41.4387173, -8.3086907;1543;546
2020-10;Região de Saúde do Algarve;Centro Hospitalar Universitário do Algarve,EPE;37.0238973, -7.9281554;3061;839
2020-10;Região de Saúde LVT;Centro Hospitalar de Lisboa Ocidental, EPE;38.708454, -9.216985;1823;518
2020-10;Região de Saúde LVT;Centro Hospitalar Universitário de Lisboa Norte, EPE;38.7500861, -9.1616116;1980;512
2020-10;Região de Saúde LVT;Hospital de Loures, EPE;38.821455, -9.176296;2016;480
2020-10;Região de Saúde LVT;Hospital Professor Doutor Fernando Fonseca, EPE;38.7422257, -9.2264834;2019;740
2020-10;Região de Saúde Norte;Centro Hospitalar Universitário do Porto, EPE;41.1472498, -8.6172617;2806;747
2020-11;Região de Saúde do Alentejo;Hospital Espírito Santo de Évora, EPE;38.5684861, -7.9032848;975;327
2020-11;Região de Saúde do Alentejo;Unidade Local de Saúde do Norte Alentejano, EPE;39.3003425, -7.4263845;415;142
2020-11;Região de Saúde do Centro;Centro Hospitalar do Baixo Vouga, EPE;40.6362453, -8.6543716;1606;419
2020-11;Região de Saúde LVT;Centro Hospitalar de Lisboa Ocidental, EPE;38.708454, -9.216985;1993;560
2020-11;Região de Saúde LVT;Centro Hospitalar de Setúbal, EPE;38.5283754, -8.8818638;1314;424
2020-11;Região de Saúde LVT;Centro Hospitalar do Oeste, EPE;39.4054629, -9.1258493;1238;387
2020-11;Região de Saúde LVT;Hospital Distrital de Santarém, EPE;39.2410946, -8.6937515;1025;281
2020-11;Região de Saúde Norte;Centro Hospitalar Universitário do Porto, EPE;41.1472498, -8.6172617;3061;815
2020-11;Região de Saúde Norte;Hospital da Senhora da Oliveira, Guimarães, EPE;41.4387173, -8.3086907;1855;666
2020-12;Região de Saúde do Algarve;Centro Hospitalar Universitário do Algarve,EPE;37.0238973, -7.9281554;3645;1014
2020-12;Região de Saúde do Centro;Centro Hospitalar do Baixo Vouga, EPE;40.6362453, -8.6543716;1751;453
2020-12;Região de Saúde LVT;Centro Hospitalar Barreiro/Montijo, EPE;38.6554005, -9.0592392;1504;465
2020-12;Região de Saúde LVT;Hospital Professor Doutor Fernando Fonseca, EPE;38.7422257, -9.2264834;2421;885
2020-12;Região de Saúde LVT;Hospital Garcia de Orta, EPE;38.6658713, -9.1822554;2757;821
2020-12;Região de Saúde Norte;Centro Hospitalar Entre Douro e Vouga, EPE;40.9293884, -8.5458794;1454;436
2020-12;Região de Saúde Norte;Hospital da Senhora da Oliveira, Guimarães, EPE;41.4387173, -8.3086907;1981;715
2020-12;Região de Saúde Norte;Unidade Local de Saúde do Nordeste, EPE;41.8056532, -6.7888197;443;189
2021-01;Região de Saúde do Alentejo;Unidade Local de Saúde do Baixo Alentejo, EPE;38.014123, -7.8721227;74;19
2021-01;Região de Saúde do Centro;Centro Hospitalar Universitário Cova da Beira, EPE;40.2804158, -7.4922407;37;22
2021-01;Região de Saúde do Centro;Centro Hospitalar do Baixo Vouga, EPE;40.6362453, -8.6543716;135;28
2021-01;Região de Saúde Norte;Centro Hospitalar Póvoa de Varzim/Vila do Conde, EPE;41.3828711, -8.7589945;115;51
2021-01;Região de Saúde Norte;Centro Hospitalar Vila Nova de Gaia/Espinho, EPE;41.1094138, -8.5972617;126;27
2021-02;Região de Saúde do Alentejo;Hospital Espírito Santo de Évora, EPE;38.5684861, -7.9032848;148;54
2021-02;Região de Saúde do Centro;Centro Hospitalar Tondela-Viseu, EPE;40.516364, -8.0827433;243;70
2021-02;Região de Saúde LVT;Centro Hospitalar de Lisboa Ocidental, EPE;38.708454, -9.216985;293;70
2021-02;Região de Saúde LVT;Centro Hospitalar de Setúbal, EPE;38.5283754, -8.8818638;216;59
2021-02;Região de Saúde LVT;Centro Hospitalar Médio Tejo, EPE;39.478072, -8.5404429;103;32
2021-02;Região de Saúde Norte;Centro Hospitalar Trás-os-Montes e Alto Douro, EPE;41.3031784, -7.7515252;170;75
2021-02;Região de Saúde Norte;Centro Hospitalar Vila Nova de Gaia/Espinho, EPE;41.1094138, -8.5972617;237;54
2021-02;Região de Saúde Norte;Unidade Local de Saúde de Matosinhos, EPE;41.1794456, -8.6745115;236;63
2021-03;Região de Saúde do Alentejo;Unidade Local de Saúde do Norte Alentejano, EPE;39.3003425, -7.4263845;96;14
2021-03;Região de Saúde do Centro;Centro Hospitalar Universitário Cova da Beira, EPE;40.2804158, -7.4922407;100;52
2021-03;Região de Saúde do Centro;Unidade Local de Saúde da Guarda, EPE;40.5309916, -7.2734793;106;46
2021-03;Região de Saúde Norte;Centro Hospitalar do Médio Ave, EPE;41.3423984, -8.4802503;221;77
2021-03;Região de Saúde Norte;Centro Hospitalar Entre Douro e Vouga, EPE;40.9293884, -8.5458794;326;114
2021-03;Região de Saúde Norte;Centro Hospitalar Tâmega e Sousa, EPE;41.2494561, -8.264901;431;101
2021-04;Região de Saúde do Alentejo;Unidade Local de Saúde do Norte Alentejano, EPE;39.3003425, -7.4263845;125;22
2021-04;Região de Saúde do Algarve;Centro Hospitalar Universitário do Algarve,EPE;37.0238973, -7.9281554;1080;326
2021-04;Região de Saúde do Centro;Centro Hospitalar Tondela-Viseu, EPE;40.516364, -8.0827433;527;152
2021-04;Região de Saúde do Centro;Unidade Local de Saúde de Castelo Branco, EPE;39.8212263, -7.4981271;89;20
2021-04;Região de Saúde LVT;Centro Hospitalar de Lisboa Ocidental, EPE;38.708454, -9.216985;591;168
2021-04;Região de Saúde LVT;Hospital Garcia de Orta, EPE;38.6658713, -9.1822554;746;217
2021-04;Região de Saúde Norte;Centro Hospitalar do Médio Ave, EPE;41.3423984, -8.4802503;291;102
2021-04;Região de Saúde Norte;Centro Hospitalar Vila Nova de Gaia/Espinho, EPE;41.1094138, -8.5972617;473;127
2021-05;Região de Saúde do Centro;Centro Hospitalar Universitário Cova da Beira, EPE;40.2804158, -7.4922407;184;94
2021-05;Região de Saúde do Centro;Centro Hospitalar Tondela-Viseu, EPE;40.516364, -8.0827433;676;196
2021-05;Região de Saúde LVT;Centro Hospitalar de Setúbal, EPE;38.5283754, -8.8818638;534;160
2021-05;Região de Saúde Norte;Centro Hospitalar Entre Douro e Vouga, EPE;40.9293884, -8.5458794;560;190
2021-05;Região de Saúde Norte;Centro Hospitalar Póvoa de Varzim/Vila do Conde, EPE;41.3828711, -8.7589945;605;224
2021-05;Região de Saúde Norte;Centro Hospitalar Vila Nova de Gaia/Espinho, EPE;41.1094138, -8.5972617;579;159
2021-06;Região de Saúde do Centro;Centro Hospitalar Universitário Cova da Beira, EPE;40.2804158, -7.4922407;231;114
2021-06;Região de Saúde LVT;Centro Hospitalar Universitário de Lisboa Norte, EPE;38.7500861, -9.1616116;1109;310
2021-06;Região de Saúde LVT;Centro Hospitalar Médio Tejo, EPE;39.478072, -8.5404429;337;100
2021-06;Região de Saúde LVT;Hospital de Cascais, PPP;38.729006, -9.418267;1061;276
2021-06;Região de Saúde Norte;Centro Hospitalar Póvoa de Varzim/Vila do Conde, EPE;41.3828711, -8.7589945;741;270
2021-07;Região de Saúde do Alentejo;Hospital Espírito Santo de Évora, EPE;38.5684861, -7.9032848;564;246
2021-07;Região de Saúde do Alentejo;Unidade Local de Saúde do Baixo Alentejo, EPE;38.014123, -7.8721227;547;160
2021-07;Região de Saúde do Centro;Centro Hospitalar Tondela-Viseu, EPE;40.516364, -8.0827433;946;270
2021-07;Região de Saúde LVT;Centro Hospitalar de Setúbal, EPE;38.5283754, -8.8818638;756;232
2021-07;Região de Saúde LVT;Hospital de Cascais, PPP;38.729006, -9.418267;1244;325
2021-07;Região de Saúde LVT;Hospital Garcia de Orta, EPE;38.6658713, -9.1822554;1409;406
2021-07;Região de Saúde Norte;Centro Hospitalar Tâmega e Sousa, EPE;41.2494561, -8.264901;1075;232
2021-07;Região de Saúde Norte;Centro Hospitalar Vila Nova de Gaia/Espinho, EPE;41.1094138, -8.5972617;825;248
2021-07;Região de Saúde Norte;Hospital da Senhora da Oliveira, Guimarães, EPE;41.4387173, -8.3086907;956;321
2021-07;Região de Saúde Norte;Unidade Local de Saúde de Matosinhos, EPE;41.1794456, -8.6745115;837;228
2021-08;Região de Saúde do Centro;Centro Hospitalar de Leiria, EPE;39.7414812, -8.7982706;1142;319
2021-08;Região de Saúde do Centro;Centro Hospitalar do Baixo Vouga, EPE;40.6362453, -8.6543716;1079;302
2021-08;Região de Saúde LVT;Centro Hospitalar Universitário Lisboa Central, EPE;38.7166948, -9.1371248;1864;616
2021-08;Região de Saúde LVT;Hospital Garcia de Orta, EPE;38.6658713, -9.1822554;1643;481
2021-08;Região de Saúde Norte;Centro Hospitalar Entre Douro e Vouga, EPE;40.9293884, -8.5458794;891;312
2021-08;Região de Saúde Norte;Unidade Local de Saúde do Nordeste, EPE;41.8056532, -6.7888197;259;108
2021-09;Região de Saúde do Alentejo;Unidade Local de Saúde do Norte Alentejano, EPE;39.3003425, -7.4263845;305;83
2021-09;Região de Saúde do Algarve;Centro Hospitalar Universitário do Algarve,EPE;37.0238973, -7.9281554;2614;754
2021-09;Região de Saúde do Centro;Centro Hospitalar Universitário Cova da Beira, EPE;40.2804158, -7.4922407;368;175
2021-09;Região de Saúde LVT;Centro Hospitalar de Setúbal, EPE;38.5283754, -8.8818638;984;300
2021-09;Região de Saúde LVT;Hospital de Cascais, PPP;38.729006, -9.418267;1609;414
2021-09;Região de Saúde Norte;Centro Hospitalar Universitário de São João, EPE;41.1831056, -8.6010558;1407;421
2021-09;Região de Saúde Norte;Centro Hospitalar do Médio Ave, EPE;41.3423984, -8.4802503;718;247
2021-10;Região de Saúde LVT;Hospital Distrital de Santarém, EPE;39.2410946, -8.6937515;891;253
2021-10;Região de Saúde LVT;Hospital Garcia de Orta, EPE;38.6658713, -9.1822554;2102;600
2021-10;Região de Saúde Norte;Centro Hospitalar do Médio Ave, EPE;41.3423984, -8.4802503;812;278
2021-10;Região de Saúde Norte;Centro Hospitalar Entre Douro e Vouga, EPE;40.9293884, -8.5458794;1136;391
2021-10;Região de Saúde Norte;Hospital da Senhora da Oliveira, Guimarães, EPE;41.4387173, -8.3086907;1422;461
2021-11;Região de Saúde do Centro;Centro Hospitalar de Leiria, EPE;39.7414812, -8.7982706;1580;436
2021-11;Região de Saúde LVT;Centro Hospitalar de Setúbal, EPE;38.5283754, -8.8818638;1178;371
2021-11;Região de Saúde LVT;Hospital de Cascais, PPP;38.729006, -9.418267;1939;519
2021-11;Região de Saúde Norte;Hospital da Senhora da Oliveira, Guimarães, EPE;41.4387173, -8.3086907;1582;520
2021-12;Região de Saúde do Centro;Unidade Local de Saúde de Castelo Branco, EPE;39.8212263, -7.4981271;317;77
2021-12;Região de Saúde LVT;Hospital Professor Doutor Fernando Fonseca, EPE;38.7422257, -9.2264834;2149;775
2021-12;Região de Saúde Norte;Centro Hospitalar Vila Nova de Gaia/Espinho, EPE;41.1094138, -8.5972617;1428;451
2021-12;Região de Saúde Norte;Hospital de Braga, EPE;41.56785, -8.398982;2786;849
2021-12;Região de Saúde Norte;Unidade Local de Saúde de Matosinhos, EPE;41.1794456, -8.6745115;1560;430
2022-01;Região de Saúde do Alentejo;Unidade Local de Saúde do Baixo Alentejo, EPE;38.014123, -7.8721227;85;28
2022-01;Região de Saúde do Centro;Centro Hospitalar do Baixo Vouga, EPE;40.6362453, -8.6543716;119;32
2022-01;Região de Saúde do Centro;Centro Hospitalar e Universitário de Coimbra, EPE;40.2191523, -8.4098211;319;84
2022-01;Região de Saúde LVT;Centro Hospitalar Universitário de Lisboa Norte, EPE;38.7500861, -9.1616116;194;58
2022-01;Região de Saúde LVT;Hospital de Vila Franca de Xira, EPE;38.977235, -8.984506;124;49
2022-01;Região de Saúde LVT;Hospital Professor Doutor Fernando Fonseca, EPE;38.7422257, -9.2264834;174;55
2022-01;Região de Saúde LVT;Hospital Garcia de Orta, EPE;38.6658713, -9.1822554;230;64
2022-01;Região de Saúde Norte;Centro Hospitalar do Médio Ave, EPE;41.3423984, -8.4802503;86;41
2022-01;Região de Saúde Norte;Unidade Local de Saúde de Matosinhos, EPE;41.1794456, -8.6745115;143;35
2022-02;Região de Saúde do Alentejo;Hospital Espírito Santo de Évora, EPE;38.5684861, -7.9032848;150;64
2022-02;Região de Saúde do Centro;Unidade Local de Saúde da Guarda, EPE;40.5309916, -7.2734793;63;25
2022-02;Região de Saúde do Centro;Unidade Local de Saúde de Castelo Branco, EPE;39.8212263, -7.4981271;52;14
2022-02;Região de Saúde LVT;Centro Hospitalar Médio Tejo, EPE;39.478072, -8.5404429;111;41
2022-02;Região de Saúde LVT;Hospital de Loures, EPE;38.821455, -9.176296;378;85
2022-02;Região de Saúde Norte;Centro Hospitalar Universitário de São João, EPE;41.1831056, -8.6010558;328;107
2022-02;Região de Saúde Norte;Centro Hospitalar Póvoa de Varzim/Vila do Conde, EPE;41.3828711, -8.7589945;191;65
2022-02;Região de Saúde Norte;Hospital da Senhora da Oliveira, Guimarães, EPE;41.4387173, -8.3086907;290;103
2022-03;Região de Saúde do Centro;Centro Hospitalar de Leiria, EPE;39.7414812, -8.7982706;472;140
2022-03;Região de Saúde do Centro;Centro Hospitalar Tondela-Viseu, EPE;40.516364, -8.0827433;391;108
2022-03;Região de Saúde do Centro;Unidade Local de Saúde de Castelo Branco, EPE;39.8212263, -7.4981271;89;22
2022-03;Região de Saúde LVT;Centro Hospitalar de Lisboa Ocidental, EPE;38.708454, -9.216985;516;159
2022-03;Região de Saúde LVT;Centro Hospitalar Médio Tejo, EPE;39.478072, -8.5404429;168;63
2022-03;Região de Saúde LVT;Hospital de Loures, EPE;38.821455, -9.176296;686;162
2022-03;Região de Saúde LVT;Hospital de Vila Franca de Xira, EPE;38.977235, -8.984506;370;127
2022-04;Região de Saúde do Centro;Centro Hospitalar Universitário Cova da Beira, EPE;40.2804158, -7.4922407;149;58
2022-04;Região de Saúde LVT;Hospital Professor Doutor Fernando Fonseca, EPE;38.7422257, -9.2264834;746;243
2022-04;Região de Saúde Norte;Centro Hospitalar Universitário do Porto, EPE;41.1472498, -8.6172617;972;268
2022-04;Região de Saúde Norte;Hospital da Senhora da Oliveira, Guimarães, EPE;41.4387173, -8.3086907;569;197
2022-04;Região de Saúde Norte;Unidade Local de Saúde do Nordeste, EPE;41.8056532, -6.7888197;93;44
2022-05;Região de Saúde do Centro;Centro Hospitalar do Baixo Vouga, EPE;40.6362453, -8.6543716;639;191
2022-05;Região de Saúde do Centro;Centro Hospitalar Tondela-Viseu, EPE;40.516364, -8.0827433;663;196
2022-05;Região de Saúde LVT;Centro Hospitalar do Oeste, EPE;39.4054629, -9.1258493;497;155
2022-05;Região de Saúde LVT;Hospital de Cascais, PPP;38.729006, -9.418267;936;323
2022-05;Região de Saúde LVT;Hospital Distrital de Santarém, EPE;39.2410946, -8.6937515;466;138
2022-05;Região de Saúde Norte;Centro Hospitalar Póvoa de Varzim/Vila do Conde, EPE;41.3828711, -8.7589945;525;188
2022-05;Região de Saúde Norte;Centro Hospitalar Tâmega e Sousa, EPE;41.2494561, -8.264901;793;207
2022-05;Região de Saúde Norte;Centro Hospitalar Vila Nova de Gaia/Espinho, EPE;41.1094138, -8.5972617;648;206
2022-05;Região de Saúde Norte;Hospital de Braga, EPE;41.56785, -8.398982;1133;364
2022-06;Região de Saúde do Algarve;Centro Hospitalar Universitário do Algarve,EPE;37.0238973, -7.9281554;1588;489
2022-06;Região de Saúde do Centro;Centro Hospitalar de Leiria, EPE;39.7414812, -8.7982706;895;258
2022-06;Região de Saúde do Centro;Centro Hospitalar do Baixo Vouga, EPE;40.6362453, -8.6543716;767;230
2022-06;Região de Saúde do Centro;Unidade Local de Saúde da Guarda, EPE;40.5309916, -7.2734793;221;95
2022-06;Região de Saúde LVT;Hospital de Cascais, PPP;38.729006, -9.418267;1124;388
2022-06;Região de Saúde Norte;Centro Hospitalar Póvoa de Varzim/Vila do Conde, EPE;41.3828711, -8.7589945;631;217
2022-07;Região de Saúde do Centro;Centro Hospitalar do Baixo Vouga, EPE;40.6362453, -8.6543716;876;267
2022-07;Região de Saúde do Centro;Unidade Local de Saúde de Castelo Branco, EPE;39.8212263, -7.4981271;196;49
2022-07;Região de Saúde LVT;Centro Hospitalar Barreiro/Montijo, EPE;38.6554005, -9.0592392;867;248
2022-07;Região de Saúde LVT;Centro Hospitalar Médio Tejo, EPE;39.478072, -8.5404429;400;141
2022-07;Região de Saúde LVT;Hospital Distrital de Santarém, EPE;39.2410946, -8.6937515;675;199
2022-07;Região de Saúde LVT;Hospital Professor Doutor Fernando Fonseca, EPE;38.7422257, -9.2264834;1412;466
2022-07;Região de Saúde Norte;Centro Hospitalar Universitário de São João, EPE;41.1831056, -8.6010558;1167;359
2022-07;Região de Saúde Norte;Centro Hospitalar do Médio Ave, EPE;41.3423984, -8.4802503;605;226
2022-08;Região de Saúde do Alentejo;Hospital Espírito Santo de Évora, EPE;38.5684861, -7.9032848;701;306
2022-08;Região de Saúde do Centro;Centro Hospitalar do Baixo Vouga, EPE;40.6362453, -8.6543716;1016;316
2022-08;Região de Saúde do Centro;Centro Hospitalar Tondela-Viseu, EPE;40.516364, -8.0827433;1127;339
2022-08;Região de Saúde LVT;Hospital Professor Doutor Fernando Fonseca, EPE;38.7422257, -9.2264834;1658;547
2022-08;Região de Saúde Norte;Centro Hospitalar Entre Douro e Vouga, EPE;40.9293884, -8.5458794;943;278
2022-08;Região de Saúde Norte;Unidade Local de Saúde do Alto Minho, EPE;41.7056054, -8.8252713;895;301
2022-08;Região de Saúde Norte;Unidade Local de Saúde do Nordeste, EPE;41.8056532, -6.7888197;240;99
2022-09;Região de Saúde do Centro;Unidade Local de Saúde da Guarda, EPE;40.5309916, -7.2734793;371;154
2022-09;Região de Saúde LVT;Centro Hospitalar de Lisboa Ocidental, EPE;38.708454, -9.216985;1584;505
2022-09;Região de Saúde LVT;Centro Hospitalar de Setúbal, EPE;38.5283754, -8.8818638;936;236
2022-09;Região de Saúde LVT;Centro Hospitalar Universitário de Lisboa Norte, EPE;38.7500861, -9.1616116;1968;563
2022-09;Região de Saúde LVT;Hospital Distrital de Santarém, EPE;39.2410946, -8.6937515;867;254
2022-09;Região de Saúde Norte;Centro Hospitalar Vila Nova de Gaia/Espinho, EPE;41.1094138, -8.5972617;1255;405
2022-09;Região de Saúde Norte;Hospital da Senhora da Oliveira, Guimarães, EPE;41.4387173, -8.3086907;1480;516
2022-09;Região de Saúde Norte;Unidade Local de Saúde de Matosinhos, EPE;41.1794456, -8.6745115;1202;314
2022-10;Região de Saúde do Alentejo;Hospital Espírito Santo de Évora, EPE;38.5684861, -7.9032848;886;381
2022-10;Região de Saúde do Centro;Centro Hospitalar e Universitário de Coimbra, EPE;40.2191523, -8.4098211;3813;1094
2022-10;Região de Saúde LVT;Centro Hospitalar Barreiro/Montijo, EPE;38.6554005, -9.0592392;1326;391
2022-10;Região de Saúde LVT;Hospital de Loures, EPE;38.821455, -9.176296;1711;488
2022-10;Região de Saúde LVT;Hospital de Vila Franca de Xira, EPE;38.977235, -8.984506;1379;437
2022-10;Região de Saúde LVT;Hospital Professor Doutor Fernando Fonseca, EPE;38.7422257, -9.2264834;2167;728
2022-10;Região de Saúde Norte;Centro Hospitalar Universitário de São João, EPE;41.1831056, -8.6010558;1690;538
2022-11;Região de Saúde do Alentejo;Unidade Local de Saúde do Baixo Alentejo, EPE;38.014123, -7.8721227;833;275
2022-11;Região de Saúde LVT;Hospital de Vila Franca de Xira, EPE;38.977235, -8.984506;1506;474
2022-11;Região de Saúde LVT;Hospital Garcia de Orta, EPE;38.6658713, -9.1822554;2233;743
2022-11;Região de Saúde Norte;Centro Hospitalar Universitário do Porto, EPE;41.1472498, -8.6172617;2772;821
2022-11;Região de Saúde Norte;Hospital de Braga, EPE;41.56785, -8.398982;2629;802
2022-11;Região de Saúde Norte;Unidade Local de Saúde do Alto Minho, EPE;41.7056054, -8.8252713;1296;427
2022-12;Região de Saúde do Centro;Centro Hospitalar Tondela-Viseu, EPE;40.516364, -8.0827433;1786;529
2022-12;Região de Saúde LVT;Centro Hospitalar Universitário Lisboa Central, EPE;38.7166948, -9.1371248;3134;1036
2022-12;Região de Saúde LVT;Centro Hospitalar de Setúbal, EPE;38.5283754, -8.8818638;1272;333
2022-12;Região de Saúde Norte;Centro Hospitalar Trás-os-Montes e Alto Douro, EPE;41.3031784, -7.7515252;1145;527
2022-12;Região de Saúde Norte;Centro Hospitalar Vila Nova de Gaia/Espinho, EPE;41.1094138, -8.5972617;1743;555
2023-01;Região de Saúde do Centro;Centro Hospitalar Universitário Cova da Beira, EPE;40.2804158, -7.4922407;59;24
2023-01;Região de Saúde do Centro;Centro Hospitalar do Baixo Vouga, EPE;40.6362453, -8.6543716;143;42
2023-01;Região de Saúde LVT;Hospital Professor Doutor Fernando Fonseca, EPE;38.7422257, -9.2264834;247;88
2023-01;Região de Saúde LVT;Hospital Garcia de Orta, EPE;38.6658713, -9.1822554;273;73
2023-01;Região de Saúde Norte;Centro Hospitalar Tâmega e Sousa, EPE;41.2494561, -8.264901;216;60
2023-02;Região de Saúde do Centro;Unidade Local de Saúde de Castelo Branco, EPE;39.8212263, -7.4981271;63;18
2023-02;Região de Saúde LVT;Centro Hospitalar Universitário Lisboa Central, EPE;38.7166948, -9.1371248;504;166
2023-02;Região de Saúde LVT;Centro Hospitalar Universitário de Lisboa Norte, EPE;38.7500861, -9.1616116;418;112
2023-02;Região de Saúde LVT;Hospital de Loures, EPE;38.821455, -9.176296;306;82
2023-02;Região de Saúde LVT;Hospital Distrital de Santarém, EPE;39.2410946, -8.6937515;186;60
2023-02;Região de Saúde LVT;Hospital Professor Doutor Fernando Fonseca, EPE;38.7422257, -9.2264834;432;159
2023-02;Região de Saúde LVT;Hospital Garcia de Orta, EPE;38.6658713, -9.1822554;525;158
2023-02;Região de Saúde Norte;Centro Hospitalar do Médio Ave, EPE;41.3423984, -8.4802503;219;90
2023-02;Região de Saúde Norte;Centro Hospitalar Entre Douro e Vouga, EPE;40.9293884, -8.5458794;218;64
2023-02;Região de Saúde Norte;Centro Hospitalar Vila Nova de Gaia/Espinho, EPE;41.1094138, -8.5972617;295;94
2023-02;Região de Saúde Norte;Unidade Local de Saúde de Matosinhos, EPE;41.1794456, -8.6745115;227;68
2023-02;Região de Saúde Norte;Unidade Local de Saúde do Alto Minho, EPE;41.7056054, -8.8252713;207;56
2023-03;Região de Saúde do Centro;Centro Hospitalar Universitário Cova da Beira, EPE;40.2804158, -7.4922407;139;63
2023-03;Região de Saúde LVT;Centro Hospitalar Universitário Lisboa Central, EPE;38.7166948, -9.1371248;803;289
2023-03;Região de Saúde LVT;Centro Hospitalar do Oeste, EPE;39.4054629, -9.1258493;289;92
2023-03;Região de Saúde Norte;Unidade Local de Saúde de Matosinhos, EPE;41.1794456, -8.6745115;391;111
2023-04;Região de Saúde do Alentejo;Hospital Espírito Santo de Évora, EPE;38.5684861, -7.9032848;341;140
2023-04;Região de Saúde do Centro;Centro Hospitalar Universitário Cova da Beira, EPE;40.2804158, -7.4922407;188;85
2023-04;Região de Saúde do Centro;Unidade Local de Saúde da Guarda, EPE;40.5309916, -7.2734793;145;56
2023-04;Região de Saúde do Centro;Unidade Local de Saúde de Castelo Branco, EPE;39.8212263, -7.4981271;123;29
2023-04;Região de Saúde LVT;Centro Hospitalar do Oeste, EPE;39.4054629, -9.1258493;365;119
2023-04;Região de Saúde LVT;Hospital de Loures, EPE;38.821455, -9.176296;659;176
2023-04;Região de Saúde Norte;Hospital de Braga, EPE;41.56785, -8.398982;866;292
2023-05;Região de Saúde do Alentejo;Hospital Espírito Santo de Évora, EPE;38.5684861, -7.9032848;421;175
2023-05;Região de Saúde do Centro;Centro Hospitalar Universitário Cova da Beira, EPE;40.2804158, -7.4922407;243;108
2023-05;Região de Saúde do Centro;Centro Hospitalar Tondela-Viseu, EPE;40.516364, -8.0827433;689;215
2023-05;Região de Saúde LVT;Hospital de Vila Franca de Xira, EPE;38.977235, -8.984506;606;191
2023-05;Região de Saúde LVT;Hospital Distrital de Santarém, EPE;39.2410946, -8.6937515;465;152
2023-05;Região de Saúde Norte;Centro Hospitalar Póvoa de Varzim/Vila do Conde, EPE;41.3828711, -8.7589945;500;197
2023-05;Região de Saúde Norte;Centro Hospitalar Tâmega e Sousa, EPE;41.2494561, -8.264901;875;251
2023-05;Região de Saúde Norte;Unidade Local de Saúde do Nordeste, EPE;41.8056532, -6.7888197;184;79
2023-06;Região de Saúde do Centro;Unidade Local de Saúde da Guarda, EPE;40.5309916, -7.2734793;209;79
2023-06;Região de Saúde LVT;Centro Hospitalar Universitário de Lisboa Norte, EPE;38.7500861, -9.1616116;1281;359
2023-06;Região de Saúde LVT;Centro Hospitalar Médio Tejo, EPE;39.478072, -8.5404429;351;115
2023-06;Região de Saúde LVT;Hospital Garcia de Orta, EPE;38.6658713, -9.1822554;1457;457
2023-06;Região de Saúde Norte;Centro Hospitalar do Médio Ave, EPE;41.3423984, -8.4802503;640;239
2023-06;Região de Saúde Norte;Centro Hospitalar Póvoa de Varzim/Vila do Conde, EPE;41.3828711, -8.7589945;607;233
2023-06;Região de Saúde Norte;Centro Hospitalar Tâmega e Sousa, EPE;41.2494561, -8.264901;1063;307
2023-06;Região de Saúde Norte;Unidade Local de Saúde do Nordeste, EPE;41.8056532, -6.7888197;217;93
2023-07;Região de Saúde do Centro;Centro Hospitalar de Leiria, EPE;39.7414812, -8.7982706;1337;382
2023-07;Região de Saúde do Centro;Centro Hospitalar do Baixo Vouga, EPE;40.6362453, -8.6543716;939;265
2023-07;Região de Saúde do Centro;Centro Hospitalar e Universitário de Coimbra, EPE;40.2191523, -8.4098211;2635;747
2023-07;Região de Saúde do Centro;Centro Hospitalar Tondela-Viseu, EPE;40.516364, -8.0827433;1000;318
2023-07;Região de Saúde LVT;Centro Hospitalar do Oeste, EPE;39.4054629, -9.1258493;455;144
2023-07;Região de Saúde LVT;Hospital de Cascais, PPP;38.729006, -9.418267;1528;432
2023-07;Região de Saúde LVT;Hospital Distrital de Santarém, EPE;39.2410946, -8.6937515;649;216
2023-07;Região de Saúde Norte;Centro Hospitalar Trás-os-Montes e Alto Douro, EPE;41.3031784, -7.7515252;618;315
2023-07;Região de Saúde Norte;Centro Hospitalar Vila Nova de Gaia/Espinho, EPE;41.1094138, -8.5972617;1119;399
2023-07;Região de Saúde Norte;Hospital de Braga, EPE;41.56785, -8.398982;1599;524
2023-08;Região de Saúde do Algarve;Centro Hospitalar Universitário do Algarve,EPE;37.0238973, -7.9281554;2446;778
2023-08;Região de Saúde do Centro;Centro Hospitalar do Baixo Vouga, EPE;40.6362453, -8.6543716;1096;300
2023-08;Região de Saúde LVT;Centro Hospitalar Universitário Lisboa Central, EPE;38.7166948, -9.1371248;2307;739
2023-08;Região de Saúde LVT;Centro Hospitalar do Oeste, EPE;39.4054629, -9.1258493;455;144
2023-08;Região de Saúde LVT;Hospital de Vila Franca de Xira, EPE;38.977235, -8.984506;1043;317
2023-08;Região de Saúde Norte;Centro Hospitalar Universitário de São João, EPE;41.1831056, -8.6010558;1317;416
2023-08;Região de Saúde Norte;Centro Hospitalar Entre Douro e Vouga, EPE;40.9293884, -8.5458794;925;297
2023-08;Região de Saúde Norte;Centro Hospitalar Tâmega e Sousa, EPE;41.2494561, -8.264901;1429;410
2023-08;Região de Saúde Norte;Hospital da Senhora da Oliveira, Guimarães, EPE;41.4387173, -8.3086907;1315;464
2023-08;Região de Saúde Norte;Unidade Local de Saúde do Nordeste, EPE;41.8056532, -6.7888197;282;115
2023-09;Região de Saúde LVT;Centro Hospitalar Barreiro/Montijo, EPE;38.6554005, -9.0592392;1162;390
2023-09;Região de Saúde Norte;Hospital da Senhora da Oliveira, Guimarães, EPE;41.4387173, -8.3086907;1497;526
2023-09;Região de Saúde Norte;Unidade Local de Saúde de Matosinhos, EPE;41.1794456, -8.6745115;1186;306
2023-10;Região de Saúde LVT;Centro Hospitalar Universitário Lisboa Central, EPE;38.7166948, -9.1371248;3006;948
2023-10;Região de Saúde LVT;Centro Hospitalar de Lisboa Ocidental, EPE;38.708454, -9.216985;2156;707
2023-10;Região de Saúde LVT;Hospital de Loures, EPE;38.821455, -9.176296;1823;518
2023-10;Região de Saúde LVT;Hospital Distrital de Santarém, EPE;39.2410946, -8.6937515;903;288
2023-10;Região de Saúde Norte;Centro Hospitalar Tâmega e Sousa, EPE;41.2494561, -8.264901;1856;534
2023-10;Região de Saúde Norte;Centro Hospitalar Universitário de Santo António, EPE;41.1472498, -8.6172617;2421;775
2023-10;Região de Saúde Norte;Hospital de Braga, EPE;41.56785, -8.398982;2257;725
2023-10;Região de Saúde Norte;Unidade Local de Saúde de Matosinhos, EPE;41.1794456, -8.6745115;1328;338
2023-10;Região de Saúde Norte;Unidade Local de Saúde do Nordeste, EPE;41.8056532, -6.7888197;344;148
2023-11;Região de Saúde do Algarve;Centro Hospitalar Universitário do Algarve,EPE;37.0238973, -7.9281554;3438;1101
2023-11;Região de Saúde do Centro;Centro Hospitalar do Baixo Vouga, EPE;40.6362453, -8.6543716;1521;451
2023-11;Região de Saúde do Centro;Centro Hospitalar e Universitário de Coimbra, EPE;40.2191523, -8.4098211;4436;1250
2023-11;Região de Saúde LVT;Centro Hospitalar do Oeste, EPE;39.4054629, -9.1258493;515;162
2023-11;Região de Saúde LVT;Hospital de Vila Franca de Xira, EPE;38.977235, -8.984506;1475;432
2023-11;Região de Saúde Norte;Centro Hospitalar do Médio Ave, EPE;41.3423984, -8.4802503;1214;420
2023-11;Região de Saúde Norte;Centro Hospitalar Trás-os-Montes e Alto Douro, EPE;41.3031784, -7.7515252;1031;502
2023-12;Região de Saúde do Algarve;Centro Hospitalar Universitário do Algarve,EPE;37.0238973, -7.9281554;3725;1197
2023-12;Região de Saúde do Centro;Centro Hospitalar e Universitário de Coimbra, EPE;40.2191523, -8.4098211;4867;1356
2023-12;Região de Saúde do Centro;Centro Hospitalar Tondela-Viseu, EPE;40.516364, -8.0827433;1794;556
2023-12;Região de Saúde LVT;Centro Hospitalar de Setúbal, EPE;38.5283754, -8.8818638;1291;399
2023-12;Região de Saúde LVT;Centro Hospitalar do Oeste, EPE;39.4054629, -9.1258493;594;186
2023-12;Região de Saúde LVT;Hospital de Loures, EPE;38.821455, -9.176296;2219;621
2023-12;Região de Saúde Norte;Centro Hospitalar Universitário de Santo António, EPE;41.1472498, -8.6172617;2933;933
2023-12;Região de Saúde Norte;Centro Hospitalar Vila Nova de Gaia/Espinho, EPE;41.1094138, -8.5972617;2103;729
2024-01;Região de Saúde do Centro;Unidade Local de Saúde da Guarda, EPE;40.5309943471486, -7.0;38;16
2024-01;Região de Saúde Norte;Unidade Local de Saúde de Barcelos/Esposende, EPE;41.533438, -8.616604;;
2024-01;Região de Saúde do Alentejo;Unidade Local de Saúde do Baixo Alentejo, EPE;38.0146, -7.86863;83;28
2024-01;Região de Saúde do Alentejo;Unidade Local de Saúde do Litoral Alentejano, EPE;38.039936, -8.731693;;
2024-01;Região de Saúde LVT;Unidade Local de Saúde do Médio Tejo, EPE;39.605565, -8.404399;60;17
2025-01;Região de Saúde LVT;Unidade Local de Saúde de Amadora/Sintra, EPE;38.7436332060551, -9.0;270;84
2025-01;Região de Saúde do Centro;Unidade Local de Saúde de Dão-Lafões, EPE;40.6509, -7.91039;156;47
2025-01;Região de Saúde Norte;Unidade Local de Saúde de Entre Douro e Vouga, EPE;40.9295, -8.54567;118;50
2025-01;Região de Saúde Norte;Unidade Local de Saúde de Vila Nova de Gaia/Espinho, EPE;41.1254463195801, -8.0;194;61
2025-01;Região de Saúde do Alentejo;Unidade Local de Saúde do Litoral Alentejano, EPE;38.039936, -8.731693;;
2025-01;Região de Saúde Norte;Unidade Local de Saúde do Nordeste, EPE;41.802452, -6.768198;35;15
2026-01;Região de Saúde do Centro;Unidade Local de Saúde da Região de Aveiro, EPE;40.636332, -8.654388;131;52
2026-01;Região de Saúde do Centro;Unidade Local de Saúde da Região de Leiria, EPE;39.7418, -8.79444;148;65
2026-01;Região de Saúde Norte;Unidade Local de Saúde de Entre Douro e Vouga, EPE;40.9295, -8.54567;150;56
2026-01;Região de Saúde Norte;Unidade Local de Saúde de Santo António, EPE;41.147283, -8.619536;239;82
2026-01;Região de Saúde Norte;Unidade Local de Saúde de Vila Nova de Gaia/Espinho, EPE;41.1254463195801, -8.0;200;64
2026-01;Região de Saúde do Alentejo;Unidade Local de Saúde do Baixo Alentejo, EPE;38.0146, -7.86863;81;36
2026-01;Região de Saúde do Centro;Unidade Local de Saúde do Baixo Mondego, EPE;40.130297609, -8.8606;;
2024-02;Região de Saúde Norte;Unidade Local de Saúde da Póvoa de Varzim/Vila do Conde, EPE;41.383183, -8.758784;204;67
2024-02;Região de Saúde LVT;Unidade Local de Saúde de Amadora/Sintra, EPE;38.7436332060551, -9.0;464;156
2024-02;Região de Saúde Norte;Unidade Local de Saúde de Barcelos/Esposende, EPE;41.533438, -8.616604;;
2024-02;Região de Saúde LVT;Unidade Local de Saúde de Lisboa Ocidental, EPE;38.7084, -9.21711;385;143
2024-02;Região de Saúde Norte;Unidade Local de Saúde do Alto Minho, EPE;41.697519, -8.832517;256;87
2025-02;Região de Saúde do Centro;Unidade Local de Saúde da Região de Aveiro, EPE;40.636332, -8.654388;287;81
2025-02;Região de Saúde do Centro;Unidade Local de Saúde da Região de Leiria, EPE;39.7418, -8.79444;209;85
2025-02;Região de Saúde Norte;Unidade Local de Saúde de Barcelos/Esposende, EPE;41.533438, -8.616604;;
2025-02;Região de Saúde Norte;Unidade Local de Saúde de Braga, EPE;41.562328338623, -8.3;474;170
2025-02;Região de Saúde do Centro;Unidade Local de Saúde de Coimbra, EPE;40.217426, -8.410075;759;190
2025-02;Região de Saúde Norte;Unidade Local de Saúde do Alto Ave, EPE;41.488574, -8.338685;118;116
2025-02;Região de Saúde LVT;Unidade Local de Saúde do Arco Ribeirinho, EPE;38.6527214050293, -9.0;237;75
2025-02;Região de Saúde Norte;Unidade Local de Saúde do Médio Ave, EPE;41.3422317504883, -8.0;181;75
2025-02;Região de Saúde LVT;Unidade Local de Saúde do Médio Tejo, EPE;39.605565, -8.404399;120;44
2025-02;Região de Saúde Norte;Unidade Local de Saúde do Nordeste, EPE;41.802452, -6.768198;67;31
2025-02;Região de Saúde Norte;Unidade Local de Saúde do Tâmega e Sousa, EPE;41.1971153671548, -8.0;299;91
2024-03;Região de Saúde LVT;Hospital de Cascais, PPP;38.730076, -9.418207;782;230
2024-03;Região de Saúde LVT;Unidade Local de Saúde de Amadora/Sintra, EPE;38.7436332060551, -9.0;714;249
2024-03;Região de Saúde Norte;Unidade Local de Saúde de Barcelos/Esposende, EPE;41.533438, -8.616604;;
2024-03;Região de Saúde Norte;Unidade Local de Saúde de Braga, EPE;41.562328338623, -8.3;687;238
2024-03;Região de Saúde Norte;Unidade Local de Saúde de Santo António, EPE;41.147283, -8.619536;670;198
2024-03;Região de Saúde Norte;Unidade Local de Saúde do Alto Minho, EPE;41.697519, -8.832517;364;124
2024-03;Região de Saúde LVT;Unidade Local de Saúde do Estuário do Tejo, EPE;38.977344, -8.984882;402;117
2024-03;Região de Saúde do Alentejo;Unidade Local de Saúde do Litoral Alentejano, EPE;38.039936, -8.731693;;
2024-03;Região de Saúde Norte;Unidade Local de Saúde do Médio Ave, EPE;41.3422317504883, -8.0;315;126
2024-03;Região de Saúde Norte;Unidade Local de Saúde do Tâmega e Sousa, EPE;41.1971153671548, -8.0;473;123
2025-03;Região de Saúde LVT;Hospital de Cascais, PPP;38.730076, -9.418207;741;218
2025-03;Região de Saúde LVT;Unidade Local de Saúde da Arrábida, EPE;38.529351, -8.881073;312;105
2025-03;Região de Saúde do Centro;Unidade Local de Saúde da Guarda, EPE;40.5309943471486, -7.0;106;41
2025-03;Região de Saúde LVT;Unidade Local de Saúde da Lezíria, EPE;39.232503, -8.715083;281;79
2025-03;Região de Saúde do Centro;Unidade Local de Saúde da Região de Leiria, EPE;39.7418, -8.79444;313;119
2025-03;Região de Saúde do Centro;Unidade Local de Saúde de Dão-Lafões, EPE;40.6509, -7.91039;469;152
2025-03;Região de Saúde Norte;Unidade Local de Saúde de Vila Nova de Gaia/Espinho, EPE;41.1254463195801, -8.0;578;171
2025-03;Região de Saúde LVT;Unidade Local de Saúde do Arco Ribeirinho, EPE;38.6527214050293, -9.0;305;101
2025-03;Região de Saúde do Centro;Unidade Local de Saúde do Baixo Mondego, EPE;40.130297609, -8.8606;;
2025-03;Região de Saúde Norte;Unidade Local de Saúde do Médio Ave, EPE;41.3422317504883, -8.0;281;117
2024-04;Região de Saúde do Centro;Unidade Local de Saúde da Cova da Beira, EPE;40.2776794433594, -7.0;172;67
2024-04;Região de Saúde do Centro;Unidade Local de Saúde da Região de Aveiro, EPE;40.636332, -8.654388;501;152
2024-04;Região de Saúde LVT;Unidade Local de Saúde de Almada-Seixal, EPE;38.67381, -9.17597;822;270
2024-04;Região de Saúde do Centro;Unidade Local de Saúde de Coimbra, EPE;40.217426, -8.410075;1622;460
2024-04;Região de Saúde do Alentejo;Unidade Local de Saúde do Alentejo Central, EPE;38.568838, -7.903064;343;124
2024-04;Região de Saúde Norte;Unidade Local de Saúde do Alto Ave, EPE;41.488574, -8.338685;444;176
2024-04;Região de Saúde do Centro;Unidade Local de Saúde do Baixo Mondego, EPE;40.130297609, -8.8606;;
2024-04;Região de Saúde do Alentejo;Unidade Local de Saúde do Litoral Alentejano, EPE;38.039936, -8.731693;;
2024-04;Região de Saúde Norte;Unidade Local de Saúde do Médio Ave, EPE;41.3422317504883, -8.0;419;171
2025-04;Região de Saúde do Centro;Unidade Local de Saúde da Guarda, EPE;40.5309943471486, -7.0;151;50
2025-04;Região de Saúde Norte;Unidade Local de Saúde de Barcelos/Esposende, EPE;41.533438, -8.616604;;
2025-04;Região de Saúde do Centro;Unidade Local de Saúde de Coimbra, EPE;40.217426, -8.410075;1555;411
2025-04;Região de Saúde Norte;Unidade Local de Saúde de Entre Douro e Vouga, EPE;40.9295, -8.54567;433;162
2025-04;Região de Saúde LVT;Unidade Local de Saúde de Santa Maria, EPE;38.7500648498535, -9.0;772;214
2025-04;Região de Saúde Norte;Unidade Local de Saúde de Santo António, EPE;41.147283, -8.619536;878;307
2025-04;Região de Saúde Norte;Unidade Local de Saúde de São João, EPE;41.1833, -8.60193;700;259
2025-04;Região de Saúde Norte;Unidade Local de Saúde de Vila Nova de Gaia/Espinho, EPE;41.1254463195801, -8.0;786;225
2025-04;Região de Saúde do Alentejo;Unidade Local de Saúde do Baixo Alentejo, EPE;38.0146, -7.86863;345;142
2024-05;Região de Saúde Norte;Unidade Local de Saúde de Entre Douro e Vouga, EPE;40.9295, -8.54567;511;186
2024-05;Região de Saúde Norte;Unidade Local de Saúde de Vila Nova de Gaia/Espinho, EPE;41.1254463195801, -8.0;852;296
2025-05;Região de Saúde do Centro;Unidade Local de Saúde da Cova da Beira, EPE;40.2776794433594, -7.0;192;48
2025-05;Região de Saúde do Centro;Unidade Local de Saúde da Guarda, EPE;40.5309943471486, -7.0;198;61
2025-05;Região de Saúde LVT;Unidade Local de Saúde da Lezíria, EPE;39.232503, -8.715083;467;136
2025-05;Região de Saúde Norte;Unidade Local de Saúde da Póvoa de Varzim/Vila do Conde, EPE;41.383183, -8.758784;484;198
2025-05;Região de Saúde do Centro;Unidade Local de Saúde da Região de Leiria, EPE;39.7418, -8.79444;533;197
2025-05;Região de Saúde Norte;Unidade Local de Saúde de Entre Douro e Vouga, EPE;40.9295, -8.54567;551;195
2025-05;Região de Saúde Norte;Unidade Local de Saúde de São João, EPE;41.1833, -8.60193;891;347
2025-05;Região de Saúde Norte;Unidade Local de Saúde do Alto Minho, EPE;41.697519, -8.832517;604;206
2025-05;Região de Saúde LVT;Unidade Local de Saúde do Estuário do Tejo, EPE;38.977344, -8.984882;524;164
2024-06;Região de Saúde do Centro;Unidade Local de Saúde da Cova da Beira, EPE;40.2776794433594, -7.0;246;95
2024-06;Região de Saúde LVT;Unidade Local de Saúde de Lisboa Ocidental, EPE;38.7084, -9.21711;1127;410
2024-06;Região de Saúde Norte;Unidade Local de Saúde de São João, EPE;41.1833, -8.60193;971;347
2024-06;Região de Saúde do Alentejo;Unidade Local de Saúde do Alto Alentejo, EPE;39.2999, -7.4267;155;68
2024-06;Região de Saúde do Alentejo;Unidade Local de Saúde do Litoral Alentejano, EPE;38.039936, -8.731693;;
2024-06;Região de Saúde Norte;Unidade Local de Saúde do Tâmega e Sousa, EPE;41.1971153671548, -8.0;929;236
2025-06;Região de Saúde LVT;Hospital de Cascais, PPP;38.730076, -9.418207;1423;422
2025-06;Região de Saúde do Centro;Unidade Local de Saúde Castelo Branco, EPE;39.822737, -7.499876;237;45
2025-06;Região de Saúde do Alentejo;Unidade Local de Saúde do Alentejo Central, EPE;38.568838, -7.903064;529;209
2025-06;Região de Saúde do Algarve;Unidade Local de Saúde do Algarve, EPE;37.024668, -7.928949;1765;612
2025-06;Região de Saúde Norte;Unidade Local de Saúde do Alto Minho, EPE;41.697519, -8.832517;729;243
2025-06;Região de Saúde LVT;Unidade Local de Saúde do Médio Tejo, EPE;39.605565, -8.404399;390;132
2025-06;Região de Saúde Norte;Unidade Local de Saúde do Tâmega e Sousa, EPE;41.1971153671548, -8.0;953;274
2024-07;Região de Saúde do Centro;Unidade Local de Saúde Castelo Branco, EPE;39.822737, -7.499876;273;69
2024-07;Região de Saúde do Centro;Unidade Local de Saúde da Região de Aveiro, EPE;40.636332, -8.654388;888;257
2024-07;Região de Saúde do Centro;Unidade Local de Saúde de Dão-Lafões, EPE;40.6509, -7.91039;1029;342
2024-07;Região de Saúde LVT;Unidade Local de Saúde de Lisboa Ocidental, EPE;38.7084, -9.21711;1308;475
2024-07;Região de Saúde LVT;Unidade Local de Saúde de Loures-Odivelas, EPE;38.821769, -9.176301;1654;504
2024-07;Região de Saúde LVT;Unidade Local de Saúde do Arco Ribeirinho, EPE;38.6527214050293, -9.0;740;205
2024-07;Região de Saúde do Centro;Unidade Local de Saúde do Baixo Mondego, EPE;40.130297609, -8.8606;;
2024-07;Região de Saúde Norte;Unidade Local de Saúde do Médio Ave, EPE;41.3422317504883, -8.0;728;298
2025-07;Região de Saúde do Centro;Unidade Local de Saúde da Guarda, EPE;40.5309943471486, -7.0;272;86
2025-07;Região de Saúde LVT;Unidade Local de Saúde da Lezíria, EPE;39.232503, -8.715083;630;190
2025-07;Região de Saúde LVT;Unidade Local de Saúde de Amadora/Sintra, EPE;38.7436332060551, -9.0;1703;652
2025-07;Região de Saúde LVT;Unidade Local de Saúde de Santa Maria, EPE;38.7500648498535, -9.0;1446;399
2025-07;Região de Saúde Norte;Unidade Local de Saúde de Vila Nova de Gaia/Espinho, EPE;41.1254463195801, -8.0;1393;408
2025-07;Região de Saúde Norte;Unidade Local de Saúde do Alto Ave, EPE;41.488574, -8.338685;1133;436
2025-07;Região de Saúde do Alentejo;Unidade Local de Saúde do Baixo Alentejo, EPE;38.0146, -7.86863;604;247
2025-07;Região de Saúde do Alentejo;Unidade Local de Saúde do Litoral Alentejano, EPE;38.039936, -8.731693;;
2025-07;Região de Saúde Norte;Unidade Local de Saúde do Médio Ave, EPE;41.3422317504883, -8.0;712;291
2024-08;Região de Saúde do Centro;Unidade Local de Saúde da Cova da Beira, EPE;40.2776794433594, -7.0;337;119
2024-08;Região de Saúde do Centro;Unidade Local de Saúde da Região de Aveiro, EPE;40.636332, -8.654388;1039;297
2024-08;Região de Saúde LVT;Unidade Local de Saúde de Almada-Seixal, EPE;38.67381, -9.17597;1588;548
2024-08;Região de Saúde Norte;Unidade Local de Saúde de Braga, EPE;41.562328338623, -8.3;1831;599
2024-08;Região de Saúde do Centro;Unidade Local de Saúde de Dão-Lafões, EPE;40.6509, -7.91039;1197;380
2024-08;Região de Saúde LVT;Unidade Local de Saúde de Santa Maria, EPE;38.7500648498535, -9.0;36;27
2024-08;Região de Saúde Norte;Unidade Local de Saúde de São João, EPE;41.1833, -8.60193;1342;471
2024-08;Região de Saúde Norte;Unidade Local de Saúde do Alto Minho, EPE;41.697519, -8.832517;939;306
2024-08;Região de Saúde Norte;Unidade Local de Saúde do Tâmega e Sousa, EPE;41.1971153671548, -8.0;1278;341
2025-08;Região de Saúde Norte;Unidade Local de Saúde de São João, EPE;41.1833, -8.60193;1512;583
2025-08;Região de Saúde Norte;Unidade Local de Saúde de Vila Nova de Gaia/Espinho, EPE;41.1254463195801, -8.0;1613;467
2025-08;Região de Saúde do Alentejo;Unidade Local de Saúde do Alto Alentejo, EPE;39.2999, -7.4267;295;120
2025-08;Região de Saúde Norte;Unidade Local de Saúde do Alto Ave, EPE;41.488574, -8.338685;1314;509
2025-08;Região de Saúde LVT;Unidade Local de Saúde do Estuário do Tejo, EPE;38.977344, -8.984882;705;237
2025-08;Região de Saúde Norte;Unidade Local de Saúde do Nordeste, EPE;41.802452, -6.768198;282;143
2024-09;Região de Saúde do Centro;Unidade Local de Saúde Castelo Branco, EPE;39.822737, -7.499876;354;89
2024-09;Região de Saúde LVT;Unidade Local de Saúde da Arrábida, EPE;38.529351, -8.881073;903;307
2024-09;Região de Saúde do Centro;Unidade Local de Saúde da Cova da Beira, EPE;40.2776794433594, -7.0;372;125
2024-09;Região de Saúde do Centro;Unidade Local de Saúde de Coimbra, EPE;40.217426, -8.410075;3762;1042
2024-09;Região de Saúde do Centro;Unidade Local de Saúde de Dão-Lafões, EPE;40.6509, -7.91039;1363;424
2024-09;Região de Saúde LVT;Unidade Local de Saúde de Santa Maria, EPE;38.7500648498535, -9.0;148;64
2024-09;Região de Saúde Norte;Unidade Local de Saúde de Trás-os-Montes e Alto Douro, EPE;41.310331, -7.760103;848;366
2024-09;Região de Saúde do Alentejo;Unidade Local de Saúde do Alentejo Central, EPE;38.568838, -7.903064;815;298
2024-09;Região de Saúde Norte;Unidade Local de Saúde do Alto Minho, EPE;41.697519, -8.832517;1069;348
2024-09;Região de Saúde LVT;Unidade Local de Saúde do Arco Ribeirinho, EPE;38.6527214050293, -9.0;1000;284
2024-09;Região de Saúde Norte;Unidade Local de Saúde do Nordeste, EPE;41.802452, -6.768198;271;112
2024-09;Região de Saúde Norte;Unidade Local de Saúde do Tâmega e Sousa, EPE;41.1971153671548, -8.0;1453;389
2025-09;Região de Saúde do Centro;Unidade Local de Saúde Castelo Branco, EPE;39.822737, -7.499876;376;72
2025-09;Região de Saúde do Centro;Unidade Local de Saúde da Cova da Beira, EPE;40.2776794433594, -7.0;384;121
2025-09;Região de Saúde do Centro;Unidade Local de Saúde da Região de Leiria, EPE;39.7418, -8.79444;1058;378
2025-09;Região de Saúde LVT;Unidade Local de Saúde de Almada-Seixal, EPE;38.67381, -9.17597;1383;451
2025-09;Região de Saúde Norte;Unidade Local de Saúde de Braga, EPE;41.562328338623, -8.3;2130;701
2025-09;Região de Saúde do Centro;Unidade Local de Saúde de Coimbra, EPE;40.217426, -8.410075;3885;962
2025-09;Região de Saúde Norte;Unidade Local de Saúde de Entre Douro e Vouga, EPE;40.9295, -8.54567;1124;422
2025-09;Região de Saúde LVT;Unidade Local de Saúde de São José, EPE;38.7169, -9.13654;2888;931
2025-09;Região de Saúde Norte;Unidade Local de Saúde de Vila Nova de Gaia/Espinho, EPE;41.1254463195801, -8.0;1835;538
2025-09;Região de Saúde do Alentejo;Unidade Local de Saúde do Alentejo Central, EPE;38.568838, -7.903064;790;312
2025-09;Região de Saúde Norte;Unidade Local de Saúde do Alto Ave, EPE;41.488574, -8.338685;1510;572
2025-09;Região de Saúde LVT;Unidade Local de Saúde do Estuário do Tejo, EPE;38.977344, -8.984882;726;248
2025-09;Região de Saúde do Alentejo;Unidade Local de Saúde do Litoral Alentejano, EPE;38.039936, -8.731693;;
2025-09;Região de Saúde LVT;Unidade Local de Saúde do Oeste, EPE;39.4055519104004, -9.0;892;317
2024-10;Região de Saúde do Centro;Unidade Local de Saúde Castelo Branco, EPE;39.822737, -7.499876;396;103
2024-10;Região de Saúde LVT;Unidade Local de Saúde da Arrábida, EPE;38.529351, -8.881073;999;345
2024-10;Região de Saúde do Centro;Unidade Local de Saúde da Região de Leiria, EPE;39.7418, -8.79444;1200;427
2024-10;Região de Saúde LVT;Unidade Local de Saúde de Almada-Seixal, EPE;38.67381, -9.17597;1958;679
2024-10;Região de Saúde LVT;Unidade Local de Saúde de Amadora/Sintra, EPE;38.7436332060551, -9.0;2807;977
2024-10;Região de Saúde do Centro;Unidade Local de Saúde de Dão-Lafões, EPE;40.6509, -7.91039;1525;466
2024-10;Região de Saúde Norte;Unidade Local de Saúde de Matosinhos, EPE;41.181859, -8.663374;1195;348
2024-10;Região de Saúde LVT;Unidade Local de Saúde de Santa Maria, EPE;38.7500648498535, -9.0;252;96
2024-10;Região de Saúde Norte;Unidade Local de Saúde de Trás-os-Montes e Alto Douro, EPE;41.310331, -7.760103;938;405
2024-10;Região de Saúde do Algarve;Unidade Local de Saúde do Algarve, EPE;37.024668, -7.928949;2995;1049
2025-10;Região de Saúde LVT;Hospital de Cascais, PPP;38.730076, -9.418207;2311;696
2025-10;Região de Saúde do Centro;Unidade Local de Saúde da Região de Aveiro, EPE;40.636332, -8.654388;1308;410
2025-10;Região de Saúde LVT;Unidade Local de Saúde de Amadora/Sintra, EPE;38.7436332060551, -9.0;2523;944
2025-10;Região de Saúde Norte;Unidade Local de Saúde de Barcelos/Esposende, EPE;41.533438, -8.616604;;
2025-10;Região de Saúde do Algarve;Unidade Local de Saúde do Algarve, EPE;37.024668, -7.928949;3087;1080
2025-10;Região de Saúde do Centro;Unidade Local de Saúde do Baixo Mondego, EPE;40.130297609, -8.8606;;
2024-11;Região de Saúde LVT;Unidade Local de Saúde da Arrábida, EPE;38.529351, -8.881073;1105;381
2024-11;Região de Saúde Norte;Unidade Local de Saúde da Póvoa de Varzim/Vila do Conde, EPE;41.383183, -8.758784;1186;409
2024-11;Região de Saúde do Centro;Unidade Local de Saúde da Região de Leiria, EPE;39.7418, -8.79444;1305;463
2024-11;Região de Saúde Norte;Unidade Local de Saúde de Barcelos/Esposende, EPE;41.533438, -8.616604;;
2024-11;Região de Saúde Norte;Unidade Local de Saúde de Braga, EPE;41.562328338623, -8.3;2577;859
2024-11;Região de Saúde Norte;Unidade Local de Saúde de Entre Douro e Vouga, EPE;40.9295, -8.54567;1224;411
2024-11;Região de Saúde LVT;Unidade Local de Saúde de Loures-Odivelas, EPE;38.821769, -9.176301;2405;740
2024-11;Região de Saúde LVT;Unidade Local de Saúde de Santa Maria, EPE;38.7500648498535, -9.0;405;141
2024-11;Região de Saúde do Alentejo;Unidade Local de Saúde do Alto Alentejo, EPE;39.2999, -7.4267;374;130
2024-11;Região de Saúde Norte;Unidade Local de Saúde do Alto Ave, EPE;41.488574, -8.338685;1702;673
2024-11;Região de Saúde LVT;Unidade Local de Saúde do Arco Ribeirinho, EPE;38.6527214050293, -9.0;1245;353
2025-11;Região de Saúde LVT;Unidade Local de Saúde da Arrábida, EPE;38.529351, -8.881073;1117;430
2025-11;Região de Saúde do Centro;Unidade Local de Saúde da Guarda, EPE;40.5309943471486, -7.0;457;153
2025-11;Região de Saúde LVT;Unidade Local de Saúde de Amadora/Sintra, EPE;38.7436332060551, -9.0;2765;1045
2025-11;Região de Saúde LVT;Unidade Local de Saúde de Santa Maria, EPE;38.7500648498535, -9.0;2454;699
2025-11;Região de Saúde Norte;Unidade Local de Saúde de Santo António, EPE;41.147283, -8.619536;2582;932
2025-11;Região de Saúde do Algarve;Unidade Local de Saúde do Algarve, EPE;37.024668, -7.928949;3417;1190
2024-12;Região de Saúde LVT;Unidade Local de Saúde de Amadora/Sintra, EPE;38.7436332060551, -9.0;3330;1158
2024-12;Região de Saúde Norte;Unidade Local de Saúde de Braga, EPE;41.562328338623, -8.3;2815;932
2024-12;Região de Saúde Norte;Unidade Local de Saúde de Santo António, EPE;41.147283, -8.619536;2681;854
2024-12;Região de Saúde Norte;Unidade Local de Saúde de Vila Nova de Gaia/Espinho, EPE;41.1254463195801, -8.0;2185;665
2024-12;Região de Saúde do Alentejo;Unidade Local de Saúde do Alentejo Central, EPE;38.568838, -7.903064;1072;396
2024-12;Região de Saúde do Alentejo;Unidade Local de Saúde do Alto Alentejo, EPE;39.2999, -7.4267;404;140
2024-12;Região de Saúde do Alentejo;Unidade Local de Saúde do Baixo Alentejo, EPE;38.0146, -7.86863;1060;393
2024-12;Região de Saúde Norte;Unidade Local de Saúde do Médio Ave, EPE;41.3422317504883, -8.0;1315;529
2024-12;Região de Saúde Norte;Unidade Local de Saúde do Nordeste, EPE;41.802452, -6.768198;370;157
2025-12;Região de Saúde do Centro;Unidade Local de Saúde da Guarda, EPE;40.5309943471486, -7.0;512;176
2025-12;Região de Saúde Norte;Unidade Local de Saúde de Braga, EPE;41.562328338623, -8.3;2823;929
2025-12;Região de Saúde LVT;Unidade Local de Saúde do Estuário do Tejo, EPE;38.977344, -8.984882;828;290
2024-01;Região de Saúde LVT;Unidade Local de Saúde da Arrábida, EPE;38.529351, -8.881073;82;19
2024-01;Região de Saúde LVT;Unidade Local de Saúde da Lezíria, EPE;39.232503, -8.715083;106;32
2024-01;Região de Saúde Norte;Unidade Local de Saúde de Entre Douro e Vouga, EPE;40.9295, -8.54567;106;40
2024-01;Região de Saúde LVT;Unidade Local de Saúde de Loures-Odivelas, EPE;38.821769, -9.176301;241;81
2024-01;Região de Saúde Norte;Unidade Local de Saúde de Santo António, EPE;41.147283, -8.619536;208;67
2024-01;Região de Saúde Norte;Unidade Local de Saúde de São João, EPE;41.1833, -8.60193;159;52
2024-01;Região de Saúde Norte;Unidade Local de Saúde de Vila Nova de Gaia/Espinho, EPE;41.1254463195801, -8.0;189;65
2024-01;Região de Saúde do Algarve;Unidade Local de Saúde do Algarve, EPE;37.024668, -7.928949;282;107
2024-01;Região de Saúde Norte;Unidade Local de Saúde do Tâmega e Sousa, EPE;41.1971153671548, -8.0;187;45
2025-01;Região de Saúde do Centro;Unidade Local de Saúde Castelo Branco, EPE;39.822737, -7.499876;43;9
2025-01;Região de Saúde Norte;Unidade Local de Saúde de Barcelos/Esposende, EPE;41.533438, -8.616604;;
2025-01;Região de Saúde LVT;Unidade Local de Saúde de Loures-Odivelas, EPE;38.821769, -9.176301;163;46
2025-01;Região de Saúde do Alentejo;Unidade Local de Saúde do Alentejo Central, EPE;38.568838, -7.903064;96;33
2025-01;Região de Saúde do Algarve;Unidade Local de Saúde do Algarve, EPE;37.024668, -7.928949;289;96
2025-01;Região de Saúde LVT;Unidade Local de Saúde do Estuário do Tejo, EPE;38.977344, -8.984882;117;39
2025-01;Região de Saúde LVT;Unidade Local de Saúde do Médio Tejo, EPE;39.605565, -8.404399;53;18
2025-01;Região de Saúde LVT;Unidade Local de Saúde do Oeste, EPE;39.4055519104004, -9.0;92;39
2025-01;Região de Saúde Norte;Unidade Local de Saúde do Tâmega e Sousa, EPE;41.1971153671548, -8.0;163;47
2026-01;Região de Saúde Norte;Unidade Local de Saúde da Póvoa de Varzim/Vila do Conde, EPE;41.383183, -8.758784;98;38
2026-01;Região de Saúde LVT;Unidade Local de Saúde de Almada-Seixal, EPE;38.67381, -9.17597;286;61
2026-01;Região de Saúde Norte;Unidade Local de Saúde de Braga, EPE;41.562328338623, -8.3;245;70
2026-01;Região de Saúde do Alentejo;Unidade Local de Saúde do Alentejo Central, EPE;38.568838, -7.903064;106;34
2026-01;Região de Saúde Norte;Unidade Local de Saúde do Alto Ave, EPE;41.488574, -8.338685;167;73
2026-01;Região de Saúde Norte;Unidade Local de Saúde do Alto Minho, EPE;41.697519, -8.832517;139;47
2026-01;Região de Saúde Norte;Unidade Local de Saúde do Médio Ave, EPE;41.3422317504883, -8.0;109;39
2026-01;Região de Saúde Norte;Unidade Local de Saúde do Nordeste, EPE;41.802452, -6.768198;36;18
2026-01;Região de Saúde LVT;Unidade Local de Saúde do Oeste, EPE;39.4055519104004, -9.0;73;26
2026-01;Região de Saúde Norte;Unidade Local de Saúde do Tâmega e Sousa, EPE;41.1971153671548, -8.0;161;46
2024-02;Região de Saúde do Centro;Unidade Local de Saúde Castelo Branco, EPE;39.822737, -7.499876;89;18
2024-02;Região de Saúde LVT;Unidade Local de Saúde da Arrábida, EPE;38.529351, -8.881073;183;36
2024-02;Região de Saúde do Centro;Unidade Local de Saúde da Região de Leiria, EPE;39.7418, -8.79444;283;95
2024-02;Região de Saúde LVT;Unidade Local de Saúde de Almada-Seixal, EPE;38.67381, -9.17597;410;141
2024-02;Região de Saúde Norte;Unidade Local de Saúde de Braga, EPE;41.562328338623, -8.3;459;158
2024-02;Região de Saúde do Centro;Unidade Local de Saúde de Dão-Lafões, EPE;40.6509, -7.91039;267;80
2024-02;Região de Saúde LVT;Unidade Local de Saúde de São José, EPE;38.7169, -9.13654;668;198
2024-02;Região de Saúde Norte;Unidade Local de Saúde do Alto Ave, EPE;41.488574, -8.338685;295;115
2024-02;Região de Saúde Norte;Unidade Local de Saúde do Médio Ave, EPE;41.3422317504883, -8.0;199;81
2024-02;Região de Saúde Norte;Unidade Local de Saúde do Nordeste, EPE;41.802452, -6.768198;58;24
2025-02;Região de Saúde do Centro;Unidade Local de Saúde da Guarda, EPE;40.5309943471486, -7.0;79;32
2025-02;Região de Saúde do Centro;Unidade Local de Saúde de Dão-Lafões, EPE;40.6509, -7.91039;310;100
2025-02;Região de Saúde LVT;Unidade Local de Saúde de Santa Maria, EPE;38.7500648498535, -9.0;341;93
2025-02;Região de Saúde Norte;Unidade Local de Saúde de Trás-os-Montes e Alto Douro, EPE;41.310331, -7.760103;178;71
2025-02;Região de Saúde do Alentejo;Unidade Local de Saúde do Alentejo Central, EPE;38.568838, -7.903064;191;62
2025-02;Região de Saúde do Algarve;Unidade Local de Saúde do Algarve, EPE;37.024668, -7.928949;583;188
2024-03;Região de Saúde LVT;Unidade Local de Saúde da Lezíria, EPE;39.232503, -8.715083;293;92
2024-03;Região de Saúde do Centro;Unidade Local de Saúde da Região de Aveiro, EPE;40.636332, -8.654388;356;110
2024-03;Região de Saúde do Centro;Unidade Local de Saúde de Dão-Lafões, EPE;40.6509, -7.91039;409;137
2024-03;Região de Saúde Norte;Unidade Local de Saúde de Entre Douro e Vouga, EPE;40.9295, -8.54567;286;106
2024-03;Região de Saúde LVT;Unidade Local de Saúde de São José, EPE;38.7169, -9.13654;1005;292
2025-03;Região de Saúde do Centro;Unidade Local de Saúde Castelo Branco, EPE;39.822737, -7.499876;128;25
2025-03;Região de Saúde Norte;Unidade Local de Saúde de Barcelos/Esposende, EPE;41.533438, -8.616604;;
2025-03;Região de Saúde do Centro;Unidade Local de Saúde de Coimbra, EPE;40.217426, -8.410075;1160;314
2025-03;Região de Saúde LVT;Unidade Local de Saúde de Lisboa Ocidental, EPE;38.7084, -9.21711;492;176
2025-03;Região de Saúde LVT;Unidade Local de Saúde de Santa Maria, EPE;38.7500648498535, -9.0;560;155
2025-03;Região de Saúde Norte;Unidade Local de Saúde de São João, EPE;41.1833, -8.60193;525;189
2025-03;Região de Saúde LVT;Unidade Local de Saúde de São José, EPE;38.7169, -9.13654;974;322
2025-03;Região de Saúde Norte;Unidade Local de Saúde do Alto Minho, EPE;41.697519, -8.832517;347;112
2025-03;Região de Saúde LVT;Unidade Local de Saúde do Estuário do Tejo, EPE;38.977344, -8.984882;337;110
2025-03;Região de Saúde LVT;Unidade Local de Saúde do Médio Tejo, EPE;39.605565, -8.404399;191;64
2025-03;Região de Saúde Norte;Unidade Local de Saúde do Tâmega e Sousa, EPE;41.1971153671548, -8.0;473;123
2024-04;Região de Saúde LVT;Unidade Local de Saúde de Amadora/Sintra, EPE;38.7436332060551, -9.0;1003;367
2024-04;Região de Saúde LVT;Unidade Local de Saúde de Loures-Odivelas, EPE;38.821769, -9.176301;1005;306
2024-04;Região de Saúde Norte;Unidade Local de Saúde de Matosinhos, EPE;41.181859, -8.663374;448;122
2024-04;Região de Saúde Norte;Unidade Local de Saúde de São João, EPE;41.1833, -8.60193;631;225
2024-04;Região de Saúde do Algarve;Unidade Local de Saúde do Algarve, EPE;37.024668, -7.928949;1191;417
2024-04;Região de Saúde do Alentejo;Unidade Local de Saúde do Baixo Alentejo, EPE;38.0146, -7.86863;330;127
2025-04;Região de Saúde do Centro;Unidade Local de Saúde da Região de Aveiro, EPE;40.636332, -8.654388;578;176
2025-04;Região de Saúde do Algarve;Unidade Local de Saúde do Algarve, EPE;37.024668, -7.928949;1193;406
2025-04;Região de Saúde LVT;Unidade Local de Saúde do Arco Ribeirinho, EPE;38.6527214050293, -9.0;373;127
2025-04;Região de Saúde LVT;Unidade Local de Saúde do Oeste, EPE;39.4055519104004, -9.0;377;155
2024-05;Região de Saúde do Centro;Unidade Local de Saúde Castelo Branco, EPE;39.822737, -7.499876;196;43
2024-05;Região de Saúde do Centro;Unidade Local de Saúde da Cova da Beira, EPE;40.2776794433594, -7.0;209;80
2024-05;Região de Saúde LVT;Unidade Local de Saúde de Loures-Odivelas, EPE;38.821769, -9.176301;1225;370
2024-05;Região de Saúde Norte;Unidade Local de Saúde de São João, EPE;41.1833, -8.60193;807;271
2024-05;Região de Saúde do Alentejo;Unidade Local de Saúde do Alto Alentejo, EPE;39.2999, -7.4267;157;57
2024-05;Região de Saúde do Alentejo;Unidade Local de Saúde do Baixo Alentejo, EPE;38.0146, -7.86863;419;161
2024-05;Região de Saúde LVT;Unidade Local de Saúde do Estuário do Tejo, EPE;38.977344, -8.984882;626;189
2024-05;Região de Saúde do Alentejo;Unidade Local de Saúde do Litoral Alentejano, EPE;38.039936, -8.731693;;
2025-05;Região de Saúde LVT;Unidade Local de Saúde de Lisboa Ocidental, EPE;38.7084, -9.21711;866;320
2025-05;Região de Saúde LVT;Unidade Local de Saúde de São José, EPE;38.7169, -9.13654;1625;525
2025-05;Região de Saúde do Alentejo;Unidade Local de Saúde do Alto Alentejo, EPE;39.2999, -7.4267;175;77
2025-05;Região de Saúde do Alentejo;Unidade Local de Saúde do Litoral Alentejano, EPE;38.039936, -8.731693;;
2025-05;Região de Saúde LVT;Unidade Local de Saúde do Oeste, EPE;39.4055519104004, -9.0;487;191
2024-06;Região de Saúde LVT;Hospital de Cascais, PPP;38.730076, -9.418207;1437;436
2024-06;Região de Saúde LVT;Unidade Local de Saúde da Arrábida, EPE;38.529351, -8.881073;575;185
2024-06;Região de Saúde do Centro;Unidade Local de Saúde da Guarda, EPE;40.5309943471486, -7.0;242;98
2024-06;Região de Saúde LVT;Unidade Local de Saúde de Almada-Seixal, EPE;38.67381, -9.17597;1224;411
2024-06;Região de Saúde Norte;Unidade Local de Saúde de Matosinhos, EPE;41.181859, -8.663374;679;193
2024-06;Região de Saúde Norte;Unidade Local de Saúde de Santo António, EPE;41.147283, -8.619536;1332;400
2024-06;Região de Saúde LVT;Unidade Local de Saúde de São José, EPE;38.7169, -9.13654;1979;580
2024-06;Região de Saúde LVT;Unidade Local de Saúde do Médio Tejo, EPE;39.605565, -8.404399;354;114
2025-06;Região de Saúde LVT;Unidade Local de Saúde da Arrábida, EPE;38.529351, -8.881073;632;241
2025-06;Região de Saúde LVT;Unidade Local de Saúde da Lezíria, EPE;39.232503, -8.715083;538;160
2025-06;Região de Saúde do Centro;Unidade Local de Saúde da Região de Aveiro, EPE;40.636332, -8.654388;869;269
2025-06;Região de Saúde LVT;Unidade Local de Saúde de Almada-Seixal, EPE;38.67381, -9.17597;835;292
2025-06;Região de Saúde LVT;Unidade Local de Saúde de Santa Maria, EPE;38.7500648498535, -9.0;1189;327
2025-06;Região de Saúde Norte;Unidade Local de Saúde de Vila Nova de Gaia/Espinho, EPE;41.1254463195801, -8.0;1182;334
2025-06;Região de Saúde do Alentejo;Unidade Local de Saúde do Baixo Alentejo, EPE;38.0146, -7.86863;521;213
2025-06;Região de Saúde do Centro;Unidade Local de Saúde do Baixo Mondego, EPE;40.130297609, -8.8606;;
2025-06;Região de Saúde do Alentejo;Unidade Local de Saúde do Litoral Alentejano, EPE;38.039936, -8.731693;;
2024-07;Região de Saúde LVT;Unidade Local de Saúde da Arrábida, EPE;38.529351, -8.881073;694;235
2024-07;Região de Saúde LVT;Unidade Local de Saúde da Lezíria, EPE;39.232503, -8.715083;679;222
2024-07;Região de Saúde LVT;Unidade Local de Saúde de Santa Maria, EPE;38.7500648498535, -9.0;23;20
2024-07;Região de Saúde Norte;Unidade Local de Saúde de Santo António, EPE;41.147283, -8.619536;1555;459
2024-07;Região de Saúde Norte;Unidade Local de Saúde de São João, EPE;41.1833, -8.60193;1148;400
2024-07;Região de Saúde Norte;Unidade Local de Saúde de Trás-os-Montes e Alto Douro, EPE;41.310331, -7.760103;654;286
2024-07;Região de Saúde do Algarve;Unidade Local de Saúde do Algarve, EPE;37.024668, -7.928949;2038;723
2024-07;Região de Saúde Norte;Unidade Local de Saúde do Alto Minho, EPE;41.697519, -8.832517;821;265
2024-07;Região de Saúde LVT;Unidade Local de Saúde do Oeste, EPE;39.4055519104004, -9.0;546;203
2025-07;Região de Saúde Norte;Unidade Local de Saúde da Póvoa de Varzim/Vila do Conde, EPE;41.383183, -8.758784;718;272
2025-07;Região de Saúde Norte;Unidade Local de Saúde de Braga, EPE;41.562328338623, -8.3;1638;555
2025-07;Região de Saúde Norte;Unidade Local de Saúde de Santo António, EPE;41.147283, -8.619536;1606;568
2025-07;Região de Saúde do Algarve;Unidade Local de Saúde do Algarve, EPE;37.024668, -7.928949;2080;719
2025-07;Região de Saúde Norte;Unidade Local de Saúde do Alto Minho, EPE;41.697519, -8.832517;858;283
2025-07;Região de Saúde LVT;Unidade Local de Saúde do Arco Ribeirinho, EPE;38.6527214050293, -9.0;672;213
2025-07;Região de Saúde Norte;Unidade Local de Saúde do Nordeste, EPE;41.802452, -6.768198;252;129
2025-07;Região de Saúde Norte;Unidade Local de Saúde do Tâmega e Sousa, EPE;41.1971153671548, -8.0;1127;317
2024-08;Região de Saúde do Centro;Unidade Local de Saúde da Guarda, EPE;40.5309943471486, -7.0;332;125
2024-08;Região de Saúde LVT;Unidade Local de Saúde da Lezíria, EPE;39.232503, -8.715083;777;251
2024-08;Região de Saúde Norte;Unidade Local de Saúde da Póvoa de Varzim/Vila do Conde, EPE;41.383183, -8.758784;857;300
2024-08;Região de Saúde do Centro;Unidade Local de Saúde da Região de Leiria, EPE;39.7418, -8.79444;983;343
2024-08;Região de Saúde Norte;Unidade Local de Saúde de Entre Douro e Vouga, EPE;40.9295, -8.54567;843;282
2024-08;Região de Saúde Norte;Unidade Local de Saúde de Matosinhos, EPE;41.181859, -8.663374;923;267
2024-08;Região de Saúde Norte;Unidade Local de Saúde de Santo António, EPE;41.147283, -8.619536;1783;545
2024-08;Região de Saúde Norte;Unidade Local de Saúde de Vila Nova de Gaia/Espinho, EPE;41.1254463195801, -8.0;1401;455
2024-08;Região de Saúde LVT;Unidade Local de Saúde do Arco Ribeirinho, EPE;38.6527214050293, -9.0;894;249
2024-08;Região de Saúde do Centro;Unidade Local de Saúde do Baixo Mondego, EPE;40.130297609, -8.8606;;
2024-08;Região de Saúde Norte;Unidade Local de Saúde do Médio Ave, EPE;41.3422317504883, -8.0;847;346
2025-08;Região de Saúde do Centro;Unidade Local de Saúde Castelo Branco, EPE;39.822737, -7.499876;329;61
2025-08;Região de Saúde LVT;Unidade Local de Saúde da Lezíria, EPE;39.232503, -8.715083;694;208
2025-08;Região de Saúde do Centro;Unidade Local de Saúde da Região de Leiria, EPE;39.7418, -8.79444;916;328
2025-08;Região de Saúde LVT;Unidade Local de Saúde de Almada-Seixal, EPE;38.67381, -9.17597;1134;380
2025-08;Região de Saúde do Centro;Unidade Local de Saúde de Dão-Lafões, EPE;40.6509, -7.91039;1281;423
2025-08;Região de Saúde Norte;Unidade Local de Saúde de Santo António, EPE;41.147283, -8.619536;1839;654
2025-08;Região de Saúde LVT;Unidade Local de Saúde de São José, EPE;38.7169, -9.13654;2566;839
2025-08;Região de Saúde do Algarve;Unidade Local de Saúde do Algarve, EPE;37.024668, -7.928949;2385;829
2025-08;Região de Saúde LVT;Unidade Local de Saúde do Oeste, EPE;39.4055519104004, -9.0;783;280
2024-09;Região de Saúde LVT;Hospital de Cascais, PPP;38.730076, -9.418207;2230;691
2024-09;Região de Saúde do Centro;Unidade Local de Saúde da Região de Aveiro, EPE;40.636332, -8.654388;1185;339
2024-09;Região de Saúde LVT;Unidade Local de Saúde de Almada-Seixal, EPE;38.67381, -9.17597;1776;613
2024-09;Região de Saúde LVT;Unidade Local de Saúde de Lisboa Ocidental, EPE;38.7084, -9.21711;1654;625
2024-09;Região de Saúde Norte;Unidade Local de Saúde de Matosinhos, EPE;41.181859, -8.663374;1071;312
2024-09;Região de Saúde do Algarve;Unidade Local de Saúde do Algarve, EPE;37.024668, -7.928949;2680;939
2024-09;Região de Saúde do Alentejo;Unidade Local de Saúde do Alto Alentejo, EPE;39.2999, -7.4267;301;105
2024-09;Região de Saúde do Alentejo;Unidade Local de Saúde do Litoral Alentejano, EPE;38.039936, -8.731693;;
2024-09;Região de Saúde LVT;Unidade Local de Saúde do Médio Tejo, EPE;39.605565, -8.404399;535;171
2025-09;Região de Saúde LVT;Unidade Local de Saúde de Loures-Odivelas, EPE;38.821769, -9.176301;1907;510
2025-09;Região de Saúde Norte;Unidade Local de Saúde de São João, EPE;41.1833, -8.60193;1706;652
2025-09;Região de Saúde Norte;Unidade Local de Saúde de Trás-os-Montes e Alto Douro, EPE;41.310331, -7.760103;908;402
2025-09;Região de Saúde do Algarve;Unidade Local de Saúde do Algarve, EPE;37.024668, -7.928949;2751;960
2025-09;Região de Saúde do Alentejo;Unidade Local de Saúde do Baixo Alentejo, EPE;38.0146, -7.86863;785;310
2024-10;Região de Saúde LVT;Hospital de Cascais, PPP;38.730076, -9.418207;2484;767
2024-10;Região de Saúde Norte;Unidade Local de Saúde de Entre Douro e Vouga, EPE;40.9295, -8.54567;1092;367
2024-10;Região de Saúde Norte;Unidade Local de Saúde de Santo António, EPE;41.147283, -8.619536;2214;695
2024-10;Região de Saúde Norte;Unidade Local de Saúde do Alto Minho, EPE;41.697519, -8.832517;1202;395
2024-10;Região de Saúde do Alentejo;Unidade Local de Saúde do Baixo Alentejo, EPE;38.0146, -7.86863;876;338
2024-10;Região de Saúde do Centro;Unidade Local de Saúde do Baixo Mondego, EPE;40.130297609, -8.8606;;
2024-10;Região de Saúde Norte;Unidade Local de Saúde do Nordeste, EPE;41.802452, -6.768198;305;127
2025-10;Região de Saúde do Centro;Unidade Local de Saúde Castelo Branco, EPE;39.822737, -7.499876;418;86
2025-10;Região de Saúde LVT;Unidade Local de Saúde da Lezíria, EPE;39.232503, -8.715083;860;260
2025-10;Região de Saúde Norte;Unidade Local de Saúde da Póvoa de Varzim/Vila do Conde, EPE;41.383183, -8.758784;1045;393
2025-10;Região de Saúde Norte;Unidade Local de Saúde de Braga, EPE;41.562328338623, -8.3;2362;778
2025-10;Região de Saúde do Centro;Unidade Local de Saúde de Coimbra, EPE;40.217426, -8.410075;4296;1076
2025-10;Região de Saúde Norte;Unidade Local de Saúde de Entre Douro e Vouga, EPE;40.9295, -8.54567;1256;469
2025-10;Região de Saúde LVT;Unidade Local de Saúde de Santa Maria, EPE;38.7500648498535, -9.0;2212;627
2025-10;Região de Saúde Norte;Unidade Local de Saúde de Santo António, EPE;41.147283, -8.619536;2324;833
2025-10;Região de Saúde Norte;Unidade Local de Saúde do Alto Ave, EPE;41.488574, -8.338685;1695;645
2025-10;Região de Saúde LVT;Unidade Local de Saúde do Arco Ribeirinho, EPE;38.6527214050293, -9.0;940;299
2025-10;Região de Saúde do Alentejo;Unidade Local de Saúde do Baixo Alentejo, EPE;38.0146, -7.86863;854;335
2025-10;Região de Saúde LVT;Unidade Local de Saúde do Estuário do Tejo, EPE;38.977344, -8.984882;757;261
2025-10;Região de Saúde do Alentejo;Unidade Local de Saúde do Litoral Alentejano, EPE;38.039936, -8.731693;;
2025-10;Região de Saúde LVT;Unidade Local de Saúde do Médio Tejo, EPE;39.605565, -8.404399;682;236
2025-10;Região de Saúde LVT;Unidade Local de Saúde do Oeste, EPE;39.4055519104004, -9.0;994;353
2024-11;Região de Saúde LVT;Hospital de Cascais, PPP;38.730076, -9.418207;2741;829
2024-11;Região de Saúde do Centro;Unidade Local de Saúde da Cova da Beira, EPE;40.2776794433594, -7.0;456;151
2024-11;Região de Saúde do Centro;Unidade Local de Saúde da Guarda, EPE;40.5309943471486, -7.0;434;152
2024-11;Região de Saúde do Centro;Unidade Local de Saúde de Dão-Lafões, EPE;40.6509, -7.91039;1665;515
2024-11;Região de Saúde Norte;Unidade Local de Saúde de Santo António, EPE;41.147283, -8.619536;2456;779
2024-11;Região de Saúde Norte;Unidade Local de Saúde de Trás-os-Montes e Alto Douro, EPE;41.310331, -7.760103;1024;447
2024-11;Região de Saúde Norte;Unidade Local de Saúde do Alto Minho, EPE;41.697519, -8.832517;1301;428
2024-11;Região de Saúde do Centro;Unidade Local de Saúde do Baixo Mondego, EPE;40.130297609, -8.8606;;
2025-11;Região de Saúde do Centro;Unidade Local de Saúde Castelo Branco, EPE;39.822737, -7.499876;469;97
2025-11;Região de Saúde LVT;Unidade Local de Saúde da Lezíria, EPE;39.232503, -8.715083;932;281
2025-11;Região de Saúde do Centro;Unidade Local de Saúde de Coimbra, EPE;40.217426, -8.410075;4741;1179
2025-11;Região de Saúde do Centro;Unidade Local de Saúde de Dão-Lafões, EPE;40.6509, -7.91039;1774;585
2025-11;Região de Saúde Norte;Unidade Local de Saúde de São João, EPE;41.1833, -8.60193;2087;777
2025-11;Região de Saúde LVT;Unidade Local de Saúde de São José, EPE;38.7169, -9.13654;3507;1127
2025-11;Região de Saúde do Alentejo;Unidade Local de Saúde do Litoral Alentejano, EPE;38.039936, -8.731693;;
2024-12;Região de Saúde LVT;Unidade Local de Saúde da Lezíria, EPE;39.232503, -8.715083;1155;372
2024-12;Região de Saúde Norte;Unidade Local de Saúde da Póvoa de Varzim/Vila do Conde, EPE;41.383183, -8.758784;1284;444
2024-12;Região de Saúde do Centro;Unidade Local de Saúde de Coimbra, EPE;40.217426, -8.410075;5064;1373
2024-12;Região de Saúde Norte;Unidade Local de Saúde de Matosinhos, EPE;41.181859, -8.663374;1437;428
2024-12;Região de Saúde LVT;Unidade Local de Saúde de Santa Maria, EPE;38.7500648498535, -9.0;579;198
2024-12;Região de Saúde do Algarve;Unidade Local de Saúde do Algarve, EPE;37.024668, -7.928949;3590;1236
2024-12;Região de Saúde Norte;Unidade Local de Saúde do Alto Minho, EPE;41.697519, -8.832517;1424;473
2024-12;Região de Saúde do Alentejo;Unidade Local de Saúde do Litoral Alentejano, EPE;38.039936, -8.731693;;
2025-12;Região de Saúde LVT;Unidade Local de Saúde de Almada-Seixal, EPE;38.67381, -9.17597;2195;678
2025-12;Região de Saúde do Centro;Unidade Local de Saúde de Coimbra, EPE;40.217426, -8.410075;5165;1287
2025-12;Região de Saúde do Centro;Unidade Local de Saúde de Dão-Lafões, EPE;40.6509, -7.91039;1932;638
2025-12;Região de Saúde Norte;Unidade Local de Saúde de Vila Nova de Gaia/Espinho, EPE;41.1254463195801, -8.0;2506;731
2025-12;Região de Saúde do Alentejo;Unidade Local de Saúde do Alentejo Central, EPE;38.568838, -7.903064;1067;420
2025-12;Região de Saúde Norte;Unidade Local de Saúde do Alto Ave, EPE;41.488574, -8.338685;2008;767
2025-12;Região de Saúde Norte;Unidade Local de Saúde do Médio Ave, EPE;41.3422317504883, -8.0;1232;482
2025-12;Região de Saúde Norte;Unidade Local de Saúde do Nordeste, EPE;41.802452, -6.768198;459;211
2013-01;Região de Saúde do Centro;Centro Hospitalar Universitário Cova da Beira, EPE;40.2804158, -7.4922407;65;24
2013-01;Região de Saúde LVT;Centro Hospitalar do Oeste, EPE;39.4054629, -9.1258493;142;50
2013-01;Região de Saúde LVT;Centro Hospitalar Médio Tejo, EPE;39.478072, -8.5404429;70;16
2013-01;Região de Saúde Norte;Centro Hospitalar do Alto Ave, EPE;41.4387173, -8.3086907;185;64
2013-02;Região de Saúde do Centro;Centro Hospitalar Universitário Cova da Beira, EPE;40.2804158, -7.4922407;106;38
2013-02;Região de Saúde LVT;Centro Hospitalar Médio Tejo, EPE;39.478072, -8.5404429;127;38
2013-02;Região de Saúde LVT;Hospital de Vila Franca de Xira, PPP;38.977235, -8.984506;159;44
2013-02;Região de Saúde Norte;Centro Hospitalar Universitário de São João, EPE;41.1831056, -8.6010558;400;110
2013-02;Região de Saúde Norte;Centro Hospitalar Tâmega e Sousa, EPE;41.2494561, -8.264901;367;101
2013-02;Região de Saúde Norte;Unidade Local de Saúde do Nordeste, EPE;41.8056532, -6.7888197;76;26
2013-03;Região de Saúde do Algarve;Centro Hospitalar Universitário do Algarve,EPE;37.0238973, -7.9281554;862;290
2013-03;Região de Saúde do Centro;Centro Hospitalar Universitário Cova da Beira, EPE;40.2804158, -7.4922407;153;53
2013-03;Região de Saúde do Centro;Centro Hospitalar do Baixo Vouga, EPE;40.6362453, -8.6543716;420;126
2013-03;Região de Saúde do Centro;Centro Hospitalar e Universitário de Coimbra, EPE;40.2191523, -8.4098211;1149;353
2013-03;Região de Saúde do Centro;Unidade Local de Saúde da Guarda, EPE;40.5309916, -7.2734793;141;55
2013-03;Região de Saúde LVT;Centro Hospitalar do Oeste, EPE;39.4054629, -9.1258493;420;125
2013-03;Região de Saúde LVT;Hospital de Cascais, PPP;38.729006, -9.418267;565;180
2013-03;Região de Saúde LVT;Hospital Distrital de Santarém, EPE;39.2410946, -8.6937515;301;100
2013-03;Região de Saúde Norte;Centro Hospitalar Universitário de São João, EPE;41.1831056, -8.6010558;595;160
2013-03;Região de Saúde Norte;Centro Hospitalar do Alto Ave, EPE;41.4387173, -8.3086907;478;157
2013-03;Região de Saúde Norte;Centro Hospitalar Póvoa de Varzim/Vila do Conde, EPE;41.3828711, -8.7589945;196;74
2013-04;Região de Saúde do Algarve;Centro Hospitalar Universitário do Algarve,EPE;37.0238973, -7.9281554;1098;361
2013-04;Região de Saúde LVT;Centro Hospitalar do Oeste, EPE;39.4054629, -9.1258493;555;160
2013-04;Região de Saúde Norte;Centro Hospitalar do Alto Ave, EPE;41.4387173, -8.3086907;638;208
2013-05;Região de Saúde do Alentejo;Hospital Espírito Santo de Évora, EPE;38.5684861, -7.9032848;447;156
2013-05;Região de Saúde do Centro;Centro Hospitalar do Baixo Vouga, EPE;40.6362453, -8.6543716;709;226
2013-05;Região de Saúde LVT;Centro Hospitalar de Lisboa Ocidental, EPE;38.708454, -9.216985;960;325
2013-05;Região de Saúde LVT;Hospital de Vila Franca de Xira, PPP;38.977235, -8.984506;420;119
2013-05;Região de Saúde LVT;Hospital Distrital de Santarém, EPE;39.2410946, -8.6937515;469;150
2013-05;Região de Saúde Norte;Centro Hospitalar do Médio Ave, EPE;41.3423984, -8.4802503;511;204
2013-05;Região de Saúde Norte;Centro Hospitalar Póvoa de Varzim/Vila do Conde, EPE;41.3828711, -8.7589945;323;108
2013-05;Região de Saúde Norte;Unidade Local de Saúde de Matosinhos, EPE;41.1794456, -8.6745115;589;171
2013-05;Região de Saúde Norte;Unidade Local de Saúde do Alto Minho, EPE;41.7056054, -8.8252713;590;177
2013-05;Região de Saúde Norte;Unidade Local de Saúde do Nordeste, EPE;41.8056532, -6.7888197;208;77
2013-06;Região de Saúde do Centro;Centro Hospitalar de Leiria, EPE;39.7414812, -8.7982706;841;241
2013-06;Região de Saúde do Centro;Centro Hospitalar Tondela-Viseu, EPE;40.516364, -8.0827433;935;278
2013-06;Região de Saúde LVT;Centro Hospitalar Médio Tejo, EPE;39.478072, -8.5404429;371;103
2013-06;Região de Saúde LVT;Hospital de Loures, PPP;38.821455, -9.176296;1014;228
2013-06;Região de Saúde Norte;Centro Hospitalar Vila Nova de Gaia/Espinho, EPE;41.1094138, -8.5972617;802;294
2013-07;Região de Saúde do Alentejo;Hospital Espírito Santo de Évora, EPE;38.5684861, -7.9032848;631;225
2013-07;Região de Saúde do Centro;Centro Hospitalar Tondela-Viseu, EPE;40.516364, -8.0827433;1108;335
2013-07;Região de Saúde LVT;Centro Hospitalar Barreiro/Montijo, EPE;38.6554005, -9.0592392;861;307
2013-07;Região de Saúde LVT;Centro Hospitalar de Setúbal, EPE;38.5283754, -8.8818638;897;274
2013-07;Região de Saúde LVT;Centro Hospitalar Médio Tejo, EPE;39.478072, -8.5404429;447;126
2013-07;Região de Saúde LVT;Hospital de Loures, EPE;38.821455, -9.176296;1180;259
2013-07;Região de Saúde LVT;Hospital de Vila Franca de Xira, PPP;38.977235, -8.984506;627;184
2013-07;Região de Saúde LVT;Hospital Distrital de Santarém, EPE;39.2410946, -8.6937515;672;215
2013-08;Região de Saúde do Alentejo;Unidade Local de Saúde do Norte Alentejano, EPE;39.3003425, -7.4263845;372;133
2013-08;Região de Saúde do Centro;Centro Hospitalar de Leiria, EPE;39.7414812, -8.7982706;1138;315
2013-08;Região de Saúde do Centro;Centro Hospitalar e Universitário de Coimbra, EPE;40.2191523, -8.4098211;3156;921
2013-08;Região de Saúde LVT;Centro Hospitalar Universitário de Lisboa Norte, EPE;38.7500861, -9.1616116;1453;393
2013-08;Região de Saúde LVT;Hospital Garcia de Orta, EPE;38.6658713, -9.1822554;1669;375
2013-08;Região de Saúde Norte;Centro Hospitalar do Alto Ave, EPE;41.4387173, -8.3086907;1305;384
2013-08;Região de Saúde Norte;Centro Hospitalar Universitário do Porto, EPE;41.1472498, -8.6172617;1889;679
2013-08;Região de Saúde Norte;Centro Hospitalar Trás-os-Montes e Alto Douro, EPE;41.3031784, -7.7515252;923;374
2013-08;Região de Saúde Norte;Centro Hospitalar Vila Nova de Gaia/Espinho, EPE;41.1094138, -8.5972617;1084;414
2013-08;Região de Saúde Norte;Unidade Local de Saúde do Nordeste, EPE;41.8056532, -6.7888197;341;137
2013-09;Região de Saúde do Centro;Centro Hospitalar do Baixo Vouga, EPE;40.6362453, -8.6543716;1259;380
2013-09;Região de Saúde do Centro;Centro Hospitalar Tondela-Viseu, EPE;40.516364, -8.0827433;1450;431
2013-09;Região de Saúde do Centro;Unidade Local de Saúde de Castelo Branco, EPE;39.8212263, -7.4981271;282;78
2013-09;Região de Saúde LVT;Centro Hospitalar Universitário Lisboa Central, EPE;38.7166948, -9.1371248;2769;796
2013-09;Região de Saúde LVT;Centro Hospitalar Médio Tejo, EPE;39.478072, -8.5404429;604;171
2013-09;Região de Saúde LVT;Hospital de Loures, PPP;38.821455, -9.176296;1581;341
2013-09;Região de Saúde LVT;Hospital Distrital de Santarém, EPE;39.2410946, -8.6937515;902;281
2013-09;Região de Saúde Norte;Unidade Local de Saúde do Alto Minho, EPE;41.7056054, -8.8252713;1125;342
2013-10;Região de Saúde do Alentejo;Unidade Local de Saúde do Baixo Alentejo, EPE;38.014123, -7.8721227;851;221
2013-10;Região de Saúde LVT;Centro Hospitalar de Setúbal, EPE;38.5283754, -8.8818638;1350;401
2013-10;Região de Saúde Norte;Centro Hospitalar Universitário do Porto, EPE;41.1472498, -8.6172617;2407;877
2013-10;Região de Saúde Norte;Centro Hospitalar Tâmega e Sousa, EPE;41.2494561, -8.264901;1956;528
2013-10;Região de Saúde Norte;Centro Hospitalar Trás-os-Montes e Alto Douro, EPE;41.3031784, -7.7515252;1149;464
2013-10;Região de Saúde Norte;Centro Hospitalar Vila Nova de Gaia/Espinho, EPE;41.1094138, -8.5972617;1389;522
2013-11;Região de Saúde do Alentejo;Hospital Espírito Santo de Évora, EPE;38.5684861, -7.9032848;1043;398
2013-11;Região de Saúde do Algarve;Centro Hospitalar Universitário do Algarve,EPE;37.0238973, -7.9281554;3218;989
2013-11;Região de Saúde do Centro;Centro Hospitalar Universitário Cova da Beira, EPE;40.2804158, -7.4922407;554;161
2013-11;Região de Saúde do Centro;Centro Hospitalar de Leiria, EPE;39.7414812, -8.7982706;1633;447
2013-11;Região de Saúde do Centro;Centro Hospitalar e Universitário de Coimbra, EPE;40.2191523, -8.4098211;4424;1297
2013-11;Região de Saúde LVT;Centro Hospitalar Universitário Lisboa Central, EPE;38.7166948, -9.1371248;3434;1015
2013-11;Região de Saúde LVT;Hospital Garcia de Orta, EPE;38.6658713, -9.1822554;2308;513
2013-11;Região de Saúde Norte;Centro Hospitalar do Médio Ave, EPE;41.3423984, -8.4802503;1160;461
2013-11;Região de Saúde Norte;Centro Hospitalar Entre Douro e Vouga, EPE;40.9293884, -8.5458794;1604;418
2013-11;Região de Saúde Norte;Centro Hospitalar Póvoa de Varzim/Vila do Conde, EPE;41.3828711, -8.7589945;706;232
2013-11;Região de Saúde Norte;Centro Hospitalar Trás-os-Montes e Alto Douro, EPE;41.3031784, -7.7515252;1270;512
2013-11;Região de Saúde Norte;Unidade Local de Saúde de Matosinhos, EPE;41.1794456, -8.6745115;1287;389
2013-12;Região de Saúde do Alentejo;Hospital Espírito Santo de Évora, EPE;38.5684861, -7.9032848;1127;433
2013-12;Região de Saúde do Centro;Centro Hospitalar Tondela-Viseu, EPE;40.516364, -8.0827433;1922;562
2013-12;Região de Saúde do Centro;Unidade Local de Saúde da Guarda, EPE;40.5309916, -7.2734793;560;205
2013-12;Região de Saúde LVT;Centro Hospitalar do Oeste, EPE;39.4054629, -9.1258493;1573;444
2013-12;Região de Saúde Norte;Centro Hospitalar Póvoa de Varzim/Vila do Conde, EPE;41.3828711, -8.7589945;773;255
2014-01;Região de Saúde LVT;Centro Hospitalar Universitário Lisboa Central, EPE;38.7166948, -9.1371248;296;104
2014-01;Região de Saúde LVT;Centro Hospitalar de Setúbal, EPE;38.5283754, -8.8818638;118;33
2014-01;Região de Saúde LVT;Centro Hospitalar Médio Tejo, EPE;39.478072, -8.5404429;62;13
2014-01;Região de Saúde LVT;Hospital Garcia de Orta, EPE;38.6658713, -9.1822554;165;38
2014-01;Região de Saúde Norte;Centro Hospitalar Universitário de São João, EPE;41.1831056, -8.6010558;187;45
2014-01;Região de Saúde Norte;Centro Hospitalar Trás-os-Montes e Alto Douro, EPE;41.3031784, -7.7515252;94;34
2014-01;Região de Saúde Norte;Centro Hospitalar Vila Nova de Gaia/Espinho, EPE;41.1094138, -8.5972617;130;41
2014-01;Região de Saúde Norte;Unidade Local de Saúde de Matosinhos, EPE;41.1794456, -8.6745115;125;30
2014-02;Região de Saúde LVT;Centro Hospitalar do Oeste, EPE;39.4054629, -9.1258493;268;77
2014-02;Região de Saúde LVT;Centro Hospitalar Universitário de Lisboa Norte, EPE;38.7500861, -9.1616116;332;103
2014-02;Região de Saúde Norte;Centro Hospitalar do Médio Ave, EPE;41.3423984, -8.4802503;202;44
2014-02;Região de Saúde Norte;Centro Hospitalar Trás-os-Montes e Alto Douro, EPE;41.3031784, -7.7515252;177;62
2014-02;Região de Saúde Norte;Centro Hospitalar Vila Nova de Gaia/Espinho, EPE;41.1094138, -8.5972617;241;74
2014-03;Região de Saúde do Alentejo;Hospital Espírito Santo de Évora, EPE;38.5684861, -7.9032848;247;98
2014-03;Região de Saúde do Algarve;Centro Hospitalar Universitário do Algarve,EPE;37.0238973, -7.9281554;799;207
2014-03;Região de Saúde do Centro;Unidade Local de Saúde de Castelo Branco, EPE;39.8212263, -7.4981271;86;29
2014-03;Região de Saúde LVT;Centro Hospitalar Universitário Lisboa Central, EPE;38.7166948, -9.1371248;817;251
2014-03;Região de Saúde LVT;Centro Hospitalar do Oeste, EPE;39.4054629, -9.1258493;348;93
2014-03;Região de Saúde LVT;Hospital de Cascais, PPP;38.729006, -9.418267;543;158
2014-03;Região de Saúde LVT;Hospital Distrital de Santarém, EPE;39.2410946, -8.6937515;250;67
2014-03;Região de Saúde Norte;Centro Hospitalar Universitário de São João, EPE;41.1831056, -8.6010558;594;159
2014-03;Região de Saúde Norte;Centro Hospitalar Póvoa de Varzim/Vila do Conde, EPE;41.3828711, -8.7589945;170;49
2014-04;Região de Saúde do Centro;Centro Hospitalar de Leiria, EPE;39.7414812, -8.7982706;541;188
2014-04;Região de Saúde LVT;Hospital de Cascais, PPP;38.729006, -9.418267;723;203
2014-04;Região de Saúde LVT;Hospital de Loures, PPP;38.821455, -9.176296;726;151
2014-04;Região de Saúde Norte;Centro Hospitalar Póvoa de Varzim/Vila do Conde, EPE;41.3828711, -8.7589945;222;70
2014-04;Região de Saúde Norte;Centro Hospitalar Tâmega e Sousa, EPE;41.2494561, -8.264901;734;202
2014-04;Região de Saúde Norte;Centro Hospitalar Trás-os-Montes e Alto Douro, EPE;41.3031784, -7.7515252;384;136
2014-04;Região de Saúde Norte;Centro Hospitalar Vila Nova de Gaia/Espinho, EPE;41.1094138, -8.5972617;512;150
2014-05;Região de Saúde do Centro;Centro Hospitalar Universitário Cova da Beira, EPE;40.2804158, -7.4922407;194;56
2014-05;Região de Saúde do Centro;Unidade Local de Saúde da Guarda, EPE;40.5309916, -7.2734793;243;98
2014-05;Região de Saúde Norte;Centro Hospitalar Universitário do Porto, EPE;41.1472498, -8.6172617;1047;312
2014-05;Região de Saúde Norte;Centro Hospitalar Entre Douro e Vouga, EPE;40.9293884, -8.5458794;668;158
2014-06;Região de Saúde do Centro;Unidade Local de Saúde de Castelo Branco, EPE;39.8212263, -7.4981271;165;51
2014-06;Região de Saúde LVT;Centro Hospitalar Barreiro/Montijo, EPE;38.6554005, -9.0592392;716;241
2014-06;Região de Saúde LVT;Centro Hospitalar Universitário de Lisboa Norte, EPE;38.7500861, -9.1616116;1060;279
2014-06;Região de Saúde LVT;Hospital Distrital de Santarém, EPE;39.2410946, -8.6937515;544;143
2014-06;Região de Saúde Norte;Centro Hospitalar Entre Douro e Vouga, EPE;40.9293884, -8.5458794;799;186
2014-06;Região de Saúde Norte;Centro Hospitalar Póvoa de Varzim/Vila do Conde, EPE;41.3828711, -8.7589945;347;116
2014-06;Região de Saúde Norte;Centro Hospitalar Trás-os-Montes e Alto Douro, EPE;41.3031784, -7.7515252;578;193
2014-06;Região de Saúde Norte;Hospital de Braga, PPP;41.56785, -8.398982;1214;371
2014-06;Região de Saúde Norte;Unidade Local de Saúde do Alto Minho, EPE;41.7056054, -8.8252713;646;169
2014-06;Região de Saúde Norte;Unidade Local de Saúde do Nordeste, EPE;41.8056532, -6.7888197;256;100
2014-07;Região de Saúde do Centro;Unidade Local de Saúde da Guarda, EPE;40.5309916, -7.2734793;337;131
2014-07;Região de Saúde LVT;Centro Hospitalar Universitário Lisboa Central, EPE;38.7166948, -9.1371248;2020;609
2014-07;Região de Saúde LVT;Centro Hospitalar de Setúbal, EPE;38.5283754, -8.8818638;886;243
2014-07;Região de Saúde Norte;Centro Hospitalar Universitário de São João, EPE;41.1831056, -8.6010558;1444;373
2014-07;Região de Saúde Norte;Centro Hospitalar Entre Douro e Vouga, EPE;40.9293884, -8.5458794;935;219
2014-07;Região de Saúde Norte;Centro Hospitalar Póvoa de Varzim/Vila do Conde, EPE;41.3828711, -8.7589945;403;136
2014-07;Região de Saúde Norte;Centro Hospitalar Tâmega e Sousa, EPE;41.2494561, -8.264901;1276;344
2014-07;Região de Saúde Norte;Unidade Local de Saúde de Matosinhos, EPE;41.1794456, -8.6745115;831;226
2014-08;Região de Saúde do Centro;Centro Hospitalar e Universitário de Coimbra, EPE;40.2191523, -8.4098211;3036;830
2014-08;Região de Saúde do Centro;Centro Hospitalar Tondela-Viseu, EPE;40.516364, -8.0827433;1170;303
2014-08;Região de Saúde LVT;Centro Hospitalar Médio Tejo, EPE;39.478072, -8.5404429;523;152
2014-08;Região de Saúde LVT;Hospital Distrital de Santarém, EPE;39.2410946, -8.6937515;754;202
2014-08;Região de Saúde LVT;Hospital Garcia de Orta, EPE;38.6658713, -9.1822554;1636;382
2014-08;Região de Saúde Norte;Centro Hospitalar Universitário de São João, EPE;41.1831056, -8.6010558;1646;421
2014-08;Região de Saúde Norte;Centro Hospitalar do Alto Ave, EPE;41.4387173, -8.3086907;1250;348
2014-08;Região de Saúde Norte;Centro Hospitalar do Médio Ave, EPE;41.3423984, -8.4802503;795;242
2014-08;Região de Saúde Norte;Centro Hospitalar Universitário do Porto, EPE;41.1472498, -8.6172617;1740;536
2014-08;Região de Saúde Norte;Centro Hospitalar Póvoa de Varzim/Vila do Conde, EPE;41.3828711, -8.7589945;457;161
2014-08;Região de Saúde Norte;Unidade Local de Saúde de Matosinhos, EPE;41.1794456, -8.6745115;957;255
2014-09;Região de Saúde do Alentejo;Hospital Espírito Santo de Évora, EPE;38.5684861, -7.9032848;764;274
2014-09;Região de Saúde LVT;Centro Hospitalar Médio Tejo, EPE;39.478072, -8.5404429;584;171
2014-09;Região de Saúde Norte;Centro Hospitalar do Alto Ave, EPE;41.4387173, -8.3086907;1451;389
2014-09;Região de Saúde Norte;Centro Hospitalar Trás-os-Montes e Alto Douro, EPE;41.3031784, -7.7515252;937;312
2014-09;Região de Saúde Norte;Hospital de Braga, PPP;41.56785, -8.398982;1959;596
2014-10;Região de Saúde do Alentejo;Unidade Local de Saúde do Baixo Alentejo, EPE;38.014123, -7.8721227;864;193
2014-10;Região de Saúde do Centro;Centro Hospitalar do Baixo Vouga, EPE;40.6362453, -8.6543716;1340;322
2014-10;Região de Saúde LVT;Centro Hospitalar de Setúbal, EPE;38.5283754, -8.8818638;1371;383
2014-10;Região de Saúde Norte;Centro Hospitalar do Médio Ave, EPE;41.3423984, -8.4802503;1028;332
2014-11;Região de Saúde do Alentejo;Hospital Espírito Santo de Évora, EPE;38.5684861, -7.9032848;951;334
2014-11;Região de Saúde Norte;Centro Hospitalar do Alto Ave, EPE;41.4387173, -8.3086907;1775;475
2014-11;Região de Saúde Norte;Centro Hospitalar do Médio Ave, EPE;41.3423984, -8.4802503;1131;368
2014-11;Região de Saúde Norte;Centro Hospitalar Trás-os-Montes e Alto Douro, EPE;41.3031784, -7.7515252;1183;408
2014-11;Região de Saúde Norte;Unidade Local de Saúde de Matosinhos, EPE;41.1794456, -8.6745115;1321;344
2014-11;Região de Saúde Norte;Unidade Local de Saúde do Alto Minho, EPE;41.7056054, -8.8252713;1238;309
2014-12;Região de Saúde do Alentejo;Unidade Local de Saúde do Baixo Alentejo, EPE;38.014123, -7.8721227;1061;240
2014-12;Região de Saúde do Algarve;Centro Hospitalar Universitário do Algarve,EPE;37.0238973, -7.9281554;3405;917
2014-12;Região de Saúde do Centro;Centro Hospitalar do Baixo Vouga, EPE;40.6362453, -8.6543716;1627;410
2014-12;Região de Saúde LVT;Centro Hospitalar de Lisboa Ocidental, EPE;38.708454, -9.216985;2296;668
2014-12;Região de Saúde LVT;Centro Hospitalar do Oeste, EPE;39.4054629, -9.1258493;1470;407
2014-12;Região de Saúde LVT;Centro Hospitalar Médio Tejo, EPE;39.478072, -8.5404429;800;227
2014-12;Região de Saúde LVT;Hospital Garcia de Orta, EPE;38.6658713, -9.1822554;2416;568
2014-12;Região de Saúde Norte;Unidade Local de Saúde de Matosinhos, EPE;41.1794456, -8.6745115;1426;377
2014-12;Região de Saúde Norte;Unidade Local de Saúde do Alto Minho, EPE;41.7056054, -8.8252713;1338;343
2015-01;Região de Saúde do Alentejo;Unidade Local de Saúde do Norte Alentejano, EPE;39.3003425, -7.4263845;39;11
2015-01;Região de Saúde do Centro;Centro Hospitalar e Universitário de Coimbra, EPE;40.2191523, -8.4098211;402;119
2015-01;Região de Saúde LVT;Centro Hospitalar Universitário Lisboa Central, EPE;38.7166948, -9.1371248;301;79
2015-01;Região de Saúde LVT;Centro Hospitalar Universitário de Lisboa Norte, EPE;38.7500861, -9.1616116;184;46
2015-01;Região de Saúde LVT;Hospital de Vila Franca de Xira, PPP;38.977235, -8.984506;131;27
2015-01;Região de Saúde Norte;Centro Hospitalar do Médio Ave, EPE;41.3423984, -8.4802503;108;40
2015-01;Região de Saúde Norte;Hospital da Senhora da Oliveira, Guimarães, EPE;41.4387173, -8.3086907;160;50
2015-02;Região de Saúde do Centro;Centro Hospitalar de Leiria, EPE;39.7414812, -8.7982706;278;82
2015-02;Região de Saúde LVT;Centro Hospitalar Universitário Lisboa Central, EPE;38.7166948, -9.1371248;546;140
2015-02;Região de Saúde LVT;Centro Hospitalar de Lisboa Ocidental, EPE;38.708454, -9.216985;338;98
2015-02;Região de Saúde LVT;Hospital Distrital de Santarém, EPE;39.2410946, -8.6937515;201;53
2015-02;Região de Saúde LVT;Hospital Professor Doutor Fernando Fonseca, EPE;38.7422257, -9.2264834;433;132
2015-02;Região de Saúde Norte;Centro Hospitalar Universitário do Porto, EPE;41.1472498, -8.6172617;486;149
2015-03;Região de Saúde do Centro;Unidade Local de Saúde da Guarda, EPE;40.5309916, -7.2734793;129;37
2015-03;Região de Saúde LVT;Centro Hospitalar Médio Tejo, EPE;39.478072, -8.5404429;183;51
2015-03;Região de Saúde LVT;Hospital de Cascais, PPP;38.729006, -9.418267;578;166
2015-03;Região de Saúde LVT;Hospital de Loures, PPP;38.821455, -9.176296;579;132
2015-03;Região de Saúde LVT;Hospital Distrital de Santarém, EPE;39.2410946, -8.6937515;298;78
2015-03;Região de Saúde Norte;Centro Hospitalar Trás-os-Montes e Alto Douro, EPE;41.3031784, -7.7515252;299;109
2015-04;Região de Saúde do Alentejo;Unidade Local de Saúde do Norte Alentejano, EPE;39.3003425, -7.4263845;170;42
2015-04;Região de Saúde do Centro;Centro Hospitalar Universitário Cova da Beira, EPE;40.2804158, -7.4922407;206;56
2015-04;Região de Saúde do Centro;Centro Hospitalar de Leiria, EPE;39.7414812, -8.7982706;616;186
2015-04;Região de Saúde do Centro;Centro Hospitalar e Universitário de Coimbra, EPE;40.2191523, -8.4098211;1492;433
2015-04;Região de Saúde do Centro;Centro Hospitalar Tondela-Viseu, EPE;40.516364, -8.0827433;555;122
2015-04;Região de Saúde LVT;Hospital de Loures, EPE;38.821455, -9.176296;753;177
2015-04;Região de Saúde LVT;Hospital de Vila Franca de Xira, PPP;38.977235, -8.984506;490;118
2015-04;Região de Saúde LVT;Hospital Distrital de Santarém, EPE;39.2410946, -8.6937515;382;105
2015-04;Região de Saúde Norte;Centro Hospitalar Universitário de São João, EPE;41.1831056, -8.6010558;765;225
2015-04;Região de Saúde Norte;Centro Hospitalar Universitário do Porto, EPE;41.1472498, -8.6172617;1008;276
2015-04;Região de Saúde Norte;Centro Hospitalar Entre Douro e Vouga, EPE;40.9293884, -8.5458794;470;136
2015-04;Região de Saúde Norte;Centro Hospitalar Póvoa de Varzim/Vila do Conde, EPE;41.3828711, -8.7589945;236;76
2015-04;Região de Saúde Norte;Centro Hospitalar Vila Nova de Gaia/Espinho, EPE;41.1094138, -8.5972617;542;153
2015-04;Região de Saúde Norte;Hospital da Senhora da Oliveira, Guimarães, EPE;41.4387173, -8.3086907;577;184
2015-05;Região de Saúde do Alentejo;Unidade Local de Saúde do Baixo Alentejo, EPE;38.014123, -7.8721227;397;103
2015-05;Região de Saúde do Algarve;Centro Hospitalar Universitário do Algarve,EPE;37.0238973, -7.9281554;1382;333
2015-05;Região de Saúde do Centro;Centro Hospitalar e Universitário de Coimbra, EPE;40.2191523, -8.4098211;1929;563
2015-05;Região de Saúde LVT;Centro Hospitalar Universitário de Lisboa Norte, EPE;38.7500861, -9.1616116;923;225
2015-06;Região de Saúde do Alentejo;Hospital Espírito Santo de Évora, EPE;38.5684861, -7.9032848;549;153
2015-06;Região de Saúde do Algarve;Centro Hospitalar Universitário do Algarve,EPE;37.0238973, -7.9281554;1679;409
2015-06;Região de Saúde do Centro;Centro Hospitalar de Leiria, EPE;39.7414812, -8.7982706;889;261
2015-06;Região de Saúde do Centro;Centro Hospitalar do Baixo Vouga, EPE;40.6362453, -8.6543716;836;182
2015-06;Região de Saúde do Centro;Centro Hospitalar Tondela-Viseu, EPE;40.516364, -8.0827433;868;193
2015-06;Região de Saúde do Centro;Unidade Local de Saúde da Guarda, EPE;40.5309916, -7.2734793;230;71
2015-06;Região de Saúde LVT;Centro Hospitalar de Lisboa Ocidental, EPE;38.708454, -9.216985;1133;327
2015-06;Região de Saúde LVT;Centro Hospitalar do Oeste, EPE;39.4054629, -9.1258493;666;202
2015-06;Região de Saúde LVT;Hospital Distrital de Santarém, EPE;39.2410946, -8.6937515;572;155
2015-06;Região de Saúde LVT;Hospital Professor Doutor Fernando Fonseca, EPE;38.7422257, -9.2264834;1293;376
2015-06;Região de Saúde LVT;Hospital Garcia de Orta, EPE;38.6658713, -9.1822554;1131;288
2015-06;Região de Saúde Norte;Centro Hospitalar Universitário do Porto, EPE;41.1472498, -8.6172617;1536;419
2015-06;Região de Saúde Norte;Centro Hospitalar Entre Douro e Vouga, EPE;40.9293884, -8.5458794;689;198
2015-07;Região de Saúde do Centro;Centro Hospitalar Universitário Cova da Beira, EPE;40.2804158, -7.4922407;344;99
2015-07;Região de Saúde do Centro;Unidade Local de Saúde de Castelo Branco, EPE;39.8212263, -7.4981271;191;44
2015-07;Região de Saúde LVT;Centro Hospitalar Universitário Lisboa Central, EPE;38.7166948, -9.1371248;1979;543
2015-07;Região de Saúde LVT;Centro Hospitalar do Oeste, EPE;39.4054629, -9.1258493;774;224
2015-07;Região de Saúde LVT;Centro Hospitalar Universitário de Lisboa Norte, EPE;38.7500861, -9.1616116;1303;320
2015-07;Região de Saúde LVT;Hospital Garcia de Orta, EPE;38.6658713, -9.1822554;1352;349
2015-08;Região de Saúde do Alentejo;Hospital Espírito Santo de Évora, EPE;38.5684861, -7.9032848;738;212
2015-08;Região de Saúde do Centro;Centro Hospitalar e Universitário de Coimbra, EPE;40.2191523, -8.4098211;3211;922
2015-08;Região de Saúde LVT;Centro Hospitalar Barreiro/Montijo, EPE;38.6554005, -9.0592392;922;269
2015-08;Região de Saúde LVT;Centro Hospitalar Universitário Lisboa Central, EPE;38.7166948, -9.1371248;2289;628
2015-08;Região de Saúde LVT;Hospital de Loures, EPE;38.821455, -9.176296;1593;348
2015-08;Região de Saúde LVT;Hospital de Loures, PPP;38.821455, -9.176296;1593;348
2015-08;Região de Saúde LVT;Hospital de Vila Franca de Xira, PPP;38.977235, -8.984506;1026;229
2015-09;Região de Saúde do Alentejo;Hospital Espírito Santo de Évora, EPE;38.5684861, -7.9032848;832;248
2015-09;Região de Saúde do Alentejo;Unidade Local de Saúde do Norte Alentejano, EPE;39.3003425, -7.4263845;401;92
2015-09;Região de Saúde do Algarve;Centro Hospitalar Universitário do Algarve,EPE;37.0238973, -7.9281554;2674;671
2015-09;Região de Saúde do Centro;Centro Hospitalar de Leiria, EPE;39.7414812, -8.7982706;1424;430
2015-09;Região de Saúde do Centro;Centro Hospitalar do Baixo Vouga, EPE;40.6362453, -8.6543716;1265;260
2015-09;Região de Saúde LVT;Centro Hospitalar de Setúbal, EPE;38.5283754, -8.8818638;1208;353
2015-09;Região de Saúde LVT;Hospital de Loures, EPE;38.821455, -9.176296;1851;400
2015-09;Região de Saúde LVT;Hospital de Loures, PPP;38.821455, -9.176296;1851;400
2015-09;Região de Saúde Norte;Centro Hospitalar Universitário do Porto, EPE;41.1472498, -8.6172617;2354;630
2015-10;Região de Saúde do Alentejo;Hospital Espírito Santo de Évora, EPE;38.5684861, -7.9032848;928;286
2015-10;Região de Saúde do Alentejo;Unidade Local de Saúde do Norte Alentejano, EPE;39.3003425, -7.4263845;453;103
2015-10;Região de Saúde do Algarve;Centro Hospitalar Universitário do Algarve,EPE;37.0238973, -7.9281554;2989;761
2015-10;Região de Saúde do Centro;Centro Hospitalar Universitário Cova da Beira, EPE;40.2804158, -7.4922407;475;147
2015-10;Região de Saúde do Centro;Centro Hospitalar do Baixo Vouga, EPE;40.6362453, -8.6543716;1412;294
2015-10;Região de Saúde do Centro;Centro Hospitalar Tondela-Viseu, EPE;40.516364, -8.0827433;1557;352
2015-10;Região de Saúde LVT;Centro Hospitalar Universitário Lisboa Central, EPE;38.7166948, -9.1371248;2903;818
2015-10;Região de Saúde LVT;Centro Hospitalar Médio Tejo, EPE;39.478072, -8.5404429;651;178
2015-10;Região de Saúde Norte;Centro Hospitalar Universitário do Porto, EPE;41.1472498, -8.6172617;2617;709
2015-10;Região de Saúde Norte;Centro Hospitalar Vila Nova de Gaia/Espinho, EPE;41.1094138, -8.5972617;1432;449
2015-10;Região de Saúde Norte;Unidade Local de Saúde de Matosinhos, EPE;41.1794456, -8.6745115;1220;324
2015-11;Região de Saúde do Algarve;Centro Hospitalar Universitário do Algarve,EPE;37.0238973, -7.9281554;3324;849
2015-11;Região de Saúde do Centro;Centro Hospitalar Universitário Cova da Beira, EPE;40.2804158, -7.4922407;510;160
2015-11;Região de Saúde do Centro;Unidade Local de Saúde de Castelo Branco, EPE;39.8212263, -7.4981271;336;84
2015-11;Região de Saúde Norte;Centro Hospitalar Tâmega e Sousa, EPE;41.2494561, -8.264901;2149;553
2015-11;Região de Saúde Norte;Centro Hospitalar Vila Nova de Gaia/Espinho, EPE;41.1094138, -8.5972617;1572;496
2015-12;Região de Saúde do Alentejo;Hospital Espírito Santo de Évora, EPE;38.5684861, -7.9032848;1138;349
2015-12;Região de Saúde do Centro;Centro Hospitalar Tondela-Viseu, EPE;40.516364, -8.0827433;1890;437
2015-12;Região de Saúde do Centro;Unidade Local de Saúde da Guarda, EPE;40.5309916, -7.2734793;556;187
2015-12;Região de Saúde LVT;Hospital de Cascais, PPP;38.729006, -9.418267;2576;673
2015-12;Região de Saúde LVT;Hospital Professor Doutor Fernando Fonseca, EPE;38.7422257, -9.2264834;2711;778
2015-12;Região de Saúde LVT;Hospital Garcia de Orta, EPE;38.6658713, -9.1822554;2507;637
2015-12;Região de Saúde Norte;Centro Hospitalar Entre Douro e Vouga, EPE;40.9293884, -8.5458794;1545;428
2015-12;Região de Saúde Norte;Centro Hospitalar Tâmega e Sousa, EPE;41.2494561, -8.264901;2358;612
2015-12;Região de Saúde Norte;Hospital de Braga, PPP;41.56785, -8.398982;2783;812
2016-01;Região de Saúde do Alentejo;Unidade Local de Saúde do Baixo Alentejo, EPE;38.014123, -7.8721227;87;24
2016-01;Região de Saúde do Algarve;Centro Hospitalar Universitário do Algarve,EPE;37.0238973, -7.9281554;306;96
2016-01;Região de Saúde do Centro;Centro Hospitalar Universitário Cova da Beira, EPE;40.2804158, -7.4922407;51;20
2016-01;Região de Saúde do Centro;Centro Hospitalar de Leiria, EPE;39.7414812, -8.7982706;185;47
2016-01;Região de Saúde do Centro;Centro Hospitalar do Baixo Vouga, EPE;40.6362453, -8.6543716;140;38
2016-01;Região de Saúde LVT;Centro Hospitalar Universitário Lisboa Central, EPE;38.7166948, -9.1371248;283;85
2016-01;Região de Saúde LVT;Centro Hospitalar Médio Tejo, EPE;39.478072, -8.5404429;72;14
2016-01;Região de Saúde LVT;Hospital Professor Doutor Fernando Fonseca, EPE;38.7422257, -9.2264834;234;70
2016-01;Região de Saúde Norte;Centro Hospitalar Universitário de São João, EPE;41.1831056, -8.6010558;209;60
2016-01;Região de Saúde Norte;Centro Hospitalar Universitário do Porto, EPE;41.1472498, -8.6172617;258;74
2016-01;Região de Saúde Norte;Hospital de Braga, PPP;41.56785, -8.398982;223;50
2016-02;Região de Saúde do Centro;Centro Hospitalar e Universitário de Coimbra, EPE;40.2191523, -8.4098211;759;196
2016-02;Região de Saúde LVT;Centro Hospitalar Barreiro/Montijo, EPE;38.6554005, -9.0592392;229;56
2016-02;Região de Saúde LVT;Centro Hospitalar Universitário Lisboa Central, EPE;38.7166948, -9.1371248;527;164
2016-02;Região de Saúde LVT;Centro Hospitalar do Oeste, EPE;39.4054629, -9.1258493;227;60
2016-02;Região de Saúde LVT;Centro Hospitalar Universitário de Lisboa Norte, EPE;38.7500861, -9.1616116;396;102
2016-03;Região de Saúde do Centro;Unidade Local de Saúde da Guarda, EPE;40.5309916, -7.2734793;140;53
2016-03;Região de Saúde LVT;Centro Hospitalar do Oeste, EPE;39.4054629, -9.1258493;350;99
2016-03;Região de Saúde LVT;Hospital de Loures, EPE;38.821455, -9.176296;620;131
2016-03;Região de Saúde Norte;Centro Hospitalar Universitário de São João, EPE;41.1831056, -8.6010558;624;186
2016-03;Região de Saúde Norte;Centro Hospitalar Tâmega e Sousa, EPE;41.2494561, -8.264901;553;156
2016-03;Região de Saúde Norte;Hospital da Senhora da Oliveira, Guimarães, EPE;41.4387173, -8.3086907;491;148
2016-03;Região de Saúde Norte;Hospital de Braga, PPP;41.56785, -8.398982;667;170
2016-03;Região de Saúde Norte;Unidade Local de Saúde de Matosinhos, EPE;41.1794456, -8.6745115;367;110
2016-03;Região de Saúde Norte;Unidade Local de Saúde do Alto Minho, EPE;41.7056054, -8.8252713;335;95
2016-04;Região de Saúde do Alentejo;Hospital Espírito Santo de Évora, EPE;38.5684861, -7.9032848;364;98
2016-04;Região de Saúde do Centro;Centro Hospitalar Universitário Cova da Beira, EPE;40.2804158, -7.4922407;183;65
2016-04;Região de Saúde do Centro;Centro Hospitalar do Baixo Vouga, EPE;40.6362453, -8.6543716;536;132
2016-04;Região de Saúde do Centro;Unidade Local de Saúde de Castelo Branco, EPE;39.8212263, -7.4981271;133;36
2016-04;Região de Saúde LVT;Centro Hospitalar Barreiro/Montijo, EPE;38.6554005, -9.0592392;440;123
2016-04;Região de Saúde LVT;Centro Hospitalar Universitário de Lisboa Norte, EPE;38.7500861, -9.1616116;781;190
2016-04;Região de Saúde LVT;Hospital Garcia de Orta, EPE;38.6658713, -9.1822554;827;220
2016-04;Região de Saúde Norte;Centro Hospitalar Póvoa de Varzim/Vila do Conde, EPE;41.3828711, -8.7589945;231;69
2016-04;Região de Saúde Norte;Centro Hospitalar Trás-os-Montes e Alto Douro, EPE;41.3031784, -7.7515252;444;161
2016-04;Região de Saúde Norte;Hospital da Senhora da Oliveira, Guimarães, EPE;41.4387173, -8.3086907;645;191
2016-04;Região de Saúde Norte;Unidade Local de Saúde de Matosinhos, EPE;41.1794456, -8.6745115;493;142
2016-05;Região de Saúde do Alentejo;Unidade Local de Saúde do Baixo Alentejo, EPE;38.014123, -7.8721227;440;127
2016-05;Região de Saúde do Centro;Centro Hospitalar do Baixo Vouga, EPE;40.6362453, -8.6543716;700;181
2016-05;Região de Saúde do Centro;Centro Hospitalar e Universitário de Coimbra, EPE;40.2191523, -8.4098211;1926;528
2016-05;Região de Saúde LVT;Centro Hospitalar Barreiro/Montijo, EPE;38.6554005, -9.0592392;577;165
2016-05;Região de Saúde LVT;Centro Hospitalar de Lisboa Ocidental, EPE;38.708454, -9.216985;981;268
2016-05;Região de Saúde LVT;Hospital Distrital de Santarém, EPE;39.2410946, -8.6937515;464;133
2016-05;Região de Saúde Norte;Centro Hospitalar do Médio Ave, EPE;41.3423984, -8.4802503;476;162
2016-05;Região de Saúde Norte;Unidade Local de Saúde do Alto Minho, EPE;41.7056054, -8.8252713;589;164
2016-06;Região de Saúde LVT;Centro Hospitalar de Setúbal, EPE;38.5283754, -8.8818638;734;237
2016-06;Região de Saúde LVT;Hospital de Cascais, PPP;38.729006, -9.418267;1252;353
2016-06;Região de Saúde LVT;Hospital de Loures, EPE;38.821455, -9.176296;1269;246
2016-06;Região de Saúde LVT;Hospital de Loures, PPP;38.821455, -9.176296;1269;246
2016-06;Região de Saúde LVT;Hospital de Vila Franca de Xira, PPP;38.977235, -8.984506;835;232
2016-06;Região de Saúde LVT;Hospital Garcia de Orta, EPE;38.6658713, -9.1822554;1298;334
2016-06;Região de Saúde Norte;Centro Hospitalar do Médio Ave, EPE;41.3423984, -8.4802503;575;201
2016-06;Região de Saúde Norte;Centro Hospitalar Póvoa de Varzim/Vila do Conde, EPE;41.3828711, -8.7589945;368;116
2016-06;Região de Saúde Norte;Centro Hospitalar Trás-os-Montes e Alto Douro, EPE;41.3031784, -7.7515252;670;235
2016-06;Região de Saúde Norte;Hospital de Braga, PPP;41.56785, -8.398982;1402;380
2016-06;Região de Saúde Norte;Unidade Local de Saúde de Matosinhos, EPE;41.1794456, -8.6745115;760;221
2016-07;Região de Saúde do Algarve;Centro Hospitalar Universitário do Algarve,EPE;37.0238973, -7.9281554;2110;537
2016-07;Região de Saúde do Centro;Centro Hospitalar do Baixo Vouga, EPE;40.6362453, -8.6543716;971;255
2016-07;Região de Saúde do Centro;Unidade Local de Saúde de Castelo Branco, EPE;39.8212263, -7.4981271;230;60
2016-07;Região de Saúde LVT;Centro Hospitalar de Setúbal, EPE;38.5283754, -8.8818638;897;291
2016-07;Região de Saúde LVT;Centro Hospitalar Médio Tejo, EPE;39.478072, -8.5404429;468;126
2016-07;Região de Saúde LVT;Hospital Professor Doutor Fernando Fonseca, EPE;38.7422257, -9.2264834;1542;433
2016-07;Região de Saúde Norte;Centro Hospitalar Trás-os-Montes e Alto Douro, EPE;41.3031784, -7.7515252;793;273
2016-08;Região de Saúde do Algarve;Centro Hospitalar Universitário do Algarve,EPE;37.0238973, -7.9281554;2425;624
2016-08;Região de Saúde do Centro;Centro Hospitalar de Leiria, EPE;39.7414812, -8.7982706;1350;380
2016-08;Região de Saúde LVT;Centro Hospitalar Universitário Lisboa Central, EPE;38.7166948, -9.1371248;2348;648
2016-08;Região de Saúde LVT;Centro Hospitalar de Setúbal, EPE;38.5283754, -8.8818638;1018;317
2016-08;Região de Saúde LVT;Centro Hospitalar Universitário de Lisboa Norte, EPE;38.7500861, -9.1616116;1594;392
2016-08;Região de Saúde LVT;Centro Hospitalar Médio Tejo, EPE;39.478072, -8.5404429;534;143
2016-08;Região de Saúde LVT;Hospital de Loures, EPE;38.821455, -9.176296;1690;332
2016-08;Região de Saúde LVT;Hospital Distrital de Santarém, EPE;39.2410946, -8.6937515;775;213
2016-08;Região de Saúde Norte;Centro Hospitalar Póvoa de Varzim/Vila do Conde, EPE;41.3828711, -8.7589945;534;164
2016-08;Região de Saúde Norte;Centro Hospitalar Trás-os-Montes e Alto Douro, EPE;41.3031784, -7.7515252;928;314
2016-08;Região de Saúde Norte;Hospital de Braga, PPP;41.56785, -8.398982;1950;537
2016-08;Região de Saúde Norte;Unidade Local de Saúde do Alto Minho, EPE;41.7056054, -8.8252713;975;274
2016-09;Região de Saúde do Centro;Centro Hospitalar do Baixo Vouga, EPE;40.6362453, -8.6543716;1273;327
2016-09;Região de Saúde LVT;Centro Hospitalar de Setúbal, EPE;38.5283754, -8.8818638;1166;360
2016-09;Região de Saúde LVT;Hospital Distrital de Santarém, EPE;39.2410946, -8.6937515;892;245
2016-09;Região de Saúde Norte;Centro Hospitalar Vila Nova de Gaia/Espinho, EPE;41.1094138, -8.5972617;1257;416
2016-09;Região de Saúde Norte;Hospital de Braga, PPP;41.56785, -8.398982;2242;606
2016-10;Região de Saúde do Alentejo;Unidade Local de Saúde do Norte Alentejano, EPE;39.3003425, -7.4263845;426;124
2016-10;Região de Saúde do Centro;Centro Hospitalar de Leiria, EPE;39.7414812, -8.7982706;1688;476
2016-10;Região de Saúde do Centro;Unidade Local de Saúde da Guarda, EPE;40.5309916, -7.2734793;483;201
2016-10;Região de Saúde LVT;Hospital Garcia de Orta, EPE;38.6658713, -9.1822554;2272;581
2016-10;Região de Saúde Norte;Centro Hospitalar Universitário de São João, EPE;41.1831056, -8.6010558;2116;607
2016-10;Região de Saúde Norte;Centro Hospitalar Entre Douro e Vouga, EPE;40.9293884, -8.5458794;1361;350
2016-10;Região de Saúde Norte;Centro Hospitalar Póvoa de Varzim/Vila do Conde, EPE;41.3828711, -8.7589945;721;213
2016-10;Região de Saúde Norte;Centro Hospitalar Trás-os-Montes e Alto Douro, EPE;41.3031784, -7.7515252;1168;386
2016-10;Região de Saúde Norte;Hospital de Braga, PPP;41.56785, -8.398982;2480;670
2016-10;Região de Saúde Norte;Unidade Local de Saúde de Matosinhos, EPE;41.1794456, -8.6745115;1307;361
2016-11;Região de Saúde do Centro;Centro Hospitalar do Baixo Vouga, EPE;40.6362453, -8.6543716;1569;405
2016-11;Região de Saúde do Centro;Centro Hospitalar Tondela-Viseu, EPE;40.516364, -8.0827433;1810;395
2016-11;Região de Saúde LVT;Centro Hospitalar do Oeste, EPE;39.4054629, -9.1258493;1288;407
2016-11;Região de Saúde LVT;Hospital de Loures, EPE;38.821455, -9.176296;2333;459
2016-11;Região de Saúde Norte;Centro Hospitalar Entre Douro e Vouga, EPE;40.9293884, -8.5458794;1511;390
2016-12;Região de Saúde do Centro;Centro Hospitalar e Universitário de Coimbra, EPE;40.2191523, -8.4098211;4885;1264
2016-12;Região de Saúde do Centro;Unidade Local de Saúde da Guarda, EPE;40.5309916, -7.2734793;572;229
2016-12;Região de Saúde LVT;Centro Hospitalar Universitário Lisboa Central, EPE;38.7166948, -9.1371248;3616;1007
2016-12;Região de Saúde LVT;Hospital de Loures, PPP;38.821455, -9.176296;2546;501
2016-12;Região de Saúde LVT;Hospital Distrital de Santarém, EPE;39.2410946, -8.6937515;1192;327
2016-12;Região de Saúde LVT;Hospital Professor Doutor Fernando Fonseca, EPE;38.7422257, -9.2264834;2672;753
2016-12;Região de Saúde Norte;Centro Hospitalar do Médio Ave, EPE;41.3423984, -8.4802503;1225;439
2016-12;Região de Saúde Norte;Centro Hospitalar Universitário do Porto, EPE;41.1472498, -8.6172617;3234;902
2016-12;Região de Saúde Norte;Centro Hospitalar Póvoa de Varzim/Vila do Conde, EPE;41.3828711, -8.7589945;887;258
2016-12;Região de Saúde Norte;Centro Hospitalar Tâmega e Sousa, EPE;41.2494561, -8.264901;2445;607
2016-12;Região de Saúde Norte;Unidade Local de Saúde do Alto Minho, EPE;41.7056054, -8.8252713;1504;412
2017-01;Região de Saúde do Alentejo;Unidade Local de Saúde do Baixo Alentejo, EPE;38.014123, -7.8721227;105;34
2017-01;Região de Saúde LVT;Centro Hospitalar de Lisboa Ocidental, EPE;38.708454, -9.216985;210;54
2017-01;Região de Saúde LVT;Hospital de Vila Franca de Xira, PPP;38.977235, -8.984506;145;38
2017-01;Região de Saúde LVT;Hospital Distrital de Santarém, EPE;39.2410946, -8.6937515;87;25
2017-01;Região de Saúde Norte;Centro Hospitalar do Médio Ave, EPE;41.3423984, -8.4802503;94;28
2017-01;Região de Saúde Norte;Centro Hospitalar Trás-os-Montes e Alto Douro, EPE;41.3031784, -7.7515252;109;46
2017-01;Região de Saúde Norte;Centro Hospitalar Vila Nova de Gaia/Espinho, EPE;41.1094138, -8.5972617;141;42
2017-02;Região de Saúde do Centro;Centro Hospitalar Tondela-Viseu, EPE;40.516364, -8.0827433;311;76
2017-02;Região de Saúde do Centro;Unidade Local de Saúde de Castelo Branco, EPE;39.8212263, -7.4981271;62;15
2017-02;Região de Saúde LVT;Centro Hospitalar Barreiro/Montijo, EPE;38.6554005, -9.0592392;231;62
2017-02;Região de Saúde LVT;Centro Hospitalar do Oeste, EPE;39.4054629, -9.1258493;208;58
2017-02;Região de Saúde LVT;Hospital de Loures, PPP;38.821455, -9.176296;381;73
2017-02;Região de Saúde LVT;Hospital Professor Doutor Fernando Fonseca, EPE;38.7422257, -9.2264834;391;130
2017-02;Região de Saúde Norte;Centro Hospitalar Universitário de São João, EPE;41.1831056, -8.6010558;405;109
2017-02;Região de Saúde Norte;Centro Hospitalar Universitário do Porto, EPE;41.1472498, -8.6172617;519;136
2017-03;Região de Saúde do Alentejo;Unidade Local de Saúde do Baixo Alentejo, EPE;38.014123, -7.8721227;276;79
2017-03;Região de Saúde do Centro;Centro Hospitalar de Leiria, EPE;39.7414812, -8.7982706;503;145
2017-03;Região de Saúde do Centro;Centro Hospitalar do Baixo Vouga, EPE;40.6362453, -8.6543716;395;111
2017-03;Região de Saúde Norte;Centro Hospitalar do Médio Ave, EPE;41.3423984, -8.4802503;279;81
2017-03;Região de Saúde Norte;Centro Hospitalar Trás-os-Montes e Alto Douro, EPE;41.3031784, -7.7515252;314;107
2017-04;Região de Saúde do Alentejo;Hospital Espírito Santo de Évora, EPE;38.5684861, -7.9032848;363;116
2017-04;Região de Saúde do Alentejo;Unidade Local de Saúde do Norte Alentejano, EPE;39.3003425, -7.4263845;156;51
2017-04;Região de Saúde do Centro;Centro Hospitalar Tondela-Viseu, EPE;40.516364, -8.0827433;605;131
2017-04;Região de Saúde LVT;Centro Hospitalar de Lisboa Ocidental, EPE;38.708454, -9.216985;827;219
2017-04;Região de Saúde LVT;Centro Hospitalar Universitário de Lisboa Norte, EPE;38.7500861, -9.1616116;768;193
2017-04;Região de Saúde LVT;Hospital Professor Doutor Fernando Fonseca, EPE;38.7422257, -9.2264834;824;284
2017-04;Região de Saúde Norte;Centro Hospitalar Entre Douro e Vouga, EPE;40.9293884, -8.5458794;523;155
2017-04;Região de Saúde Norte;Unidade Local de Saúde de Matosinhos, EPE;41.1794456, -8.6745115;482;120
2017-04;Região de Saúde Norte;Unidade Local de Saúde do Alto Minho, EPE;41.7056054, -8.8252713;395;112
2017-05;Região de Saúde do Centro;Centro Hospitalar Tondela-Viseu, EPE;40.516364, -8.0827433;754;160
2017-05;Região de Saúde LVT;Centro Hospitalar de Setúbal, EPE;38.5283754, -8.8818638;572;137
2017-05;Região de Saúde LVT;Centro Hospitalar do Oeste, EPE;39.4054629, -9.1258493;509;132
2017-05;Região de Saúde LVT;Hospital de Loures, EPE;38.821455, -9.176296;1072;224
2017-05;Região de Saúde LVT;Hospital de Vila Franca de Xira, PPP;38.977235, -8.984506;661;192
2017-05;Região de Saúde LVT;Hospital Professor Doutor Fernando Fonseca, EPE;38.7422257, -9.2264834;1039;364
2017-05;Região de Saúde Norte;Centro Hospitalar Universitário de São João, EPE;41.1831056, -8.6010558;989;290
2017-05;Região de Saúde Norte;Unidade Local de Saúde do Nordeste, EPE;41.8056532, -6.7888197;181;80
2017-06;Região de Saúde do Alentejo;Unidade Local de Saúde do Norte Alentejano, EPE;39.3003425, -7.4263845;247;80
2017-06;Região de Saúde do Centro;Unidade Local de Saúde da Guarda, EPE;40.5309916, -7.2734793;267;114
2017-06;Região de Saúde LVT;Centro Hospitalar de Lisboa Ocidental, EPE;38.708454, -9.216985;1249;330
2017-06;Região de Saúde LVT;Hospital de Loures, EPE;38.821455, -9.176296;1273;273
2017-06;Região de Saúde LVT;Hospital Professor Doutor Fernando Fonseca, EPE;38.7422257, -9.2264834;1246;431
2017-06;Região de Saúde Norte;Centro Hospitalar Póvoa de Varzim/Vila do Conde, EPE;41.3828711, -8.7589945;457;129
2017-06;Região de Saúde Norte;Hospital da Senhora da Oliveira, Guimarães, EPE;41.4387173, -8.3086907;972;253
2017-07;Região de Saúde do Alentejo;Hospital Espírito Santo de Évora, EPE;38.5684861, -7.9032848;629;182
2017-07;Região de Saúde LVT;Centro Hospitalar Universitário Lisboa Central, EPE;38.7166948, -9.1371248;2089;596
2017-07;Região de Saúde LVT;Centro Hospitalar do Oeste, EPE;39.4054629, -9.1258493;712;181
2017-07;Região de Saúde LVT;Centro Hospitalar Médio Tejo, EPE;39.478072, -8.5404429;388;109
2017-07;Região de Saúde LVT;Hospital de Cascais, PPP;38.729006, -9.418267;1496;349
2017-07;Região de Saúde LVT;Hospital de Loures, EPE;38.821455, -9.176296;1502;325
2017-07;Região de Saúde LVT;Hospital Distrital de Santarém, EPE;39.2410946, -8.6937515;636;177
2017-07;Região de Saúde LVT;Hospital Professor Doutor Fernando Fonseca, EPE;38.7422257, -9.2264834;1474;501
2017-07;Região de Saúde Norte;Centro Hospitalar do Médio Ave, EPE;41.3423984, -8.4802503;679;204
2017-07;Região de Saúde Norte;Centro Hospitalar Póvoa de Varzim/Vila do Conde, EPE;41.3828711, -8.7589945;534;148
2017-07;Região de Saúde Norte;Centro Hospitalar Tâmega e Sousa, EPE;41.2494561, -8.264901;1312;327
2017-07;Região de Saúde Norte;Unidade Local de Saúde do Alto Minho, EPE;41.7056054, -8.8252713;710;208
2017-08;Região de Saúde do Alentejo;Unidade Local de Saúde do Baixo Alentejo, EPE;38.014123, -7.8721227;676;190
2017-08;Região de Saúde do Alentejo;Unidade Local de Saúde do Norte Alentejano, EPE;39.3003425, -7.4263845;337;109
2017-08;Região de Saúde LVT;Centro Hospitalar Barreiro/Montijo, EPE;38.6554005, -9.0592392;1012;271
2017-08;Região de Saúde LVT;Centro Hospitalar Universitário de Lisboa Norte, EPE;38.7500861, -9.1616116;1560;381
2017-08;Região de Saúde LVT;Hospital de Loures, PPP;38.821455, -9.176296;1728;379
2017-08;Região de Saúde Norte;Centro Hospitalar Entre Douro e Vouga, EPE;40.9293884, -8.5458794;1055;290
2017-08;Região de Saúde Norte;Centro Hospitalar Tâmega e Sousa, EPE;41.2494561, -8.264901;1509;380
2017-08;Região de Saúde Norte;Unidade Local de Saúde do Alto Minho, EPE;41.7056054, -8.8252713;854;252
2017-09;Região de Saúde do Alentejo;Hospital Espírito Santo de Évora, EPE;38.5684861, -7.9032848;831;251
2017-09;Região de Saúde do Centro;Unidade Local de Saúde da Guarda, EPE;40.5309916, -7.2734793;391;160
2017-09;Região de Saúde LVT;Centro Hospitalar Barreiro/Montijo, EPE;38.6554005, -9.0592392;1159;310
2017-09;Região de Saúde LVT;Centro Hospitalar de Lisboa Ocidental, EPE;38.708454, -9.216985;1869;513
2017-09;Região de Saúde LVT;Centro Hospitalar do Oeste, EPE;39.4054629, -9.1258493;894;238
2017-09;Região de Saúde LVT;Hospital de Cascais, PPP;38.729006, -9.418267;1938;495
2017-09;Região de Saúde LVT;Hospital de Vila Franca de Xira, PPP;38.977235, -8.984506;1231;359
2017-09;Região de Saúde Norte;Centro Hospitalar Universitário de São João, EPE;41.1831056, -8.6010558;1812;526
2017-09;Região de Saúde Norte;Centro Hospitalar Universitário do Porto, EPE;41.1472498, -8.6172617;2509;667
2017-09;Região de Saúde Norte;Centro Hospitalar Póvoa de Varzim/Vila do Conde, EPE;41.3828711, -8.7589945;685;199
2017-10;Região de Saúde do Alentejo;Hospital Espírito Santo de Évora, EPE;38.5684861, -7.9032848;937;282
2017-10;Região de Saúde do Alentejo;Unidade Local de Saúde do Baixo Alentejo, EPE;38.014123, -7.8721227;866;250
2017-10;Região de Saúde do Centro;Centro Hospitalar Universitário Cova da Beira, EPE;40.2804158, -7.4922407;448;168
2017-10;Região de Saúde LVT;Centro Hospitalar Universitário de Lisboa Norte, EPE;38.7500861, -9.1616116;2030;506
2017-10;Região de Saúde LVT;Centro Hospitalar Médio Tejo, EPE;39.478072, -8.5404429;577;153
2017-10;Região de Saúde LVT;Hospital de Vila Franca de Xira, PPP;38.977235, -8.984506;1410;398
2017-10;Região de Saúde LVT;Hospital Distrital de Santarém, EPE;39.2410946, -8.6937515;962;253
2017-10;Região de Saúde Norte;Unidade Local de Saúde de Matosinhos, EPE;41.1794456, -8.6745115;1252;337
2017-11;Região de Saúde do Alentejo;Unidade Local de Saúde do Baixo Alentejo, EPE;38.014123, -7.8721227;952;273
2017-11;Região de Saúde do Algarve;Centro Hospitalar Universitário do Algarve,EPE;37.0238973, -7.9281554;3378;912
2017-11;Região de Saúde do Centro;Unidade Local de Saúde da Guarda, EPE;40.5309916, -7.2734793;501;203
2017-11;Região de Saúde LVT;Centro Hospitalar de Lisboa Ocidental, EPE;38.708454, -9.216985;2273;619
2017-11;Região de Saúde LVT;Centro Hospitalar de Setúbal, EPE;38.5283754, -8.8818638;1334;331
2017-11;Região de Saúde LVT;Hospital de Cascais, PPP;38.729006, -9.418267;2423;633
2017-11;Região de Saúde LVT;Hospital de Loures, EPE;38.821455, -9.176296;2460;531
2017-11;Região de Saúde Norte;Centro Hospitalar Universitário de São João, EPE;41.1831056, -8.6010558;2228;644
2017-11;Região de Saúde Norte;Hospital de Braga, PPP;41.56785, -8.398982;2821;770
2017-11;Região de Saúde Norte;Unidade Local de Saúde do Nordeste, EPE;41.8056532, -6.7888197;440;164
2017-12;Região de Saúde do Alentejo;Unidade Local de Saúde do Norte Alentejano, EPE;39.3003425, -7.4263845;483;155
2017-12;Região de Saúde LVT;Centro Hospitalar Universitário Lisboa Central, EPE;38.7166948, -9.1371248;3673;1082
2017-12;Região de Saúde LVT;Centro Hospitalar de Setúbal, EPE;38.5283754, -8.8818638;1444;364
2017-12;Região de Saúde LVT;Hospital de Loures, EPE;38.821455, -9.176296;2699;588
2017-12;Região de Saúde Norte;Centro Hospitalar do Médio Ave, EPE;41.3423984, -8.4802503;1203;362
2018-01;Região de Saúde LVT;Centro Hospitalar de Setúbal, EPE;38.5283754, -8.8818638;121;34
2018-01;Região de Saúde LVT;Hospital de Vila Franca de Xira, PPP;38.977235, -8.984506;150;38
2018-01;Região de Saúde LVT;Hospital Garcia de Orta, EPE;38.6658713, -9.1822554;209;52
2018-01;Região de Saúde Norte;Centro Hospitalar Póvoa de Varzim/Vila do Conde, EPE;41.3828711, -8.7589945;87;29
2018-01;Região de Saúde Norte;Centro Hospitalar Vila Nova de Gaia/Espinho, EPE;41.1094138, -8.5972617;156;53
2018-01;Região de Saúde Norte;Unidade Local de Saúde do Nordeste, EPE;41.8056532, -6.7888197;47;20
2018-02;Região de Saúde do Centro;Unidade Local de Saúde de Castelo Branco, EPE;39.8212263, -7.4981271;55;15
2018-02;Região de Saúde LVT;Centro Hospitalar Universitário Lisboa Central, EPE;38.7166948, -9.1371248;587;170
2018-02;Região de Saúde Norte;Centro Hospitalar Tâmega e Sousa, EPE;41.2494561, -8.264901;359;93
2018-02;Região de Saúde Norte;Centro Hospitalar Trás-os-Montes e Alto Douro, EPE;41.3031784, -7.7515252;224;74
2018-02;Região de Saúde Norte;Hospital de Braga, PPP;41.56785, -8.398982;474;148
2018-03;Região de Saúde do Alentejo;Hospital Espírito Santo de Évora, EPE;38.5684861, -7.9032848;238;81
2018-03;Região de Saúde do Algarve;Centro Hospitalar Universitário do Algarve,EPE;37.0238973, -7.9281554;878;233
2018-03;Região de Saúde do Centro;Centro Hospitalar Tondela-Viseu, EPE;40.516364, -8.0827433;413;103
2018-03;Região de Saúde LVT;Centro Hospitalar Universitário Lisboa Central, EPE;38.7166948, -9.1371248;872;260
2018-03;Região de Saúde LVT;Centro Hospitalar de Lisboa Ocidental, EPE;38.708454, -9.216985;604;176
2018-03;Região de Saúde LVT;Hospital de Loures, EPE;38.821455, -9.176296;626;147
2018-03;Região de Saúde LVT;Hospital de Loures, PPP;38.821455, -9.176296;626;147
2018-03;Região de Saúde LVT;Hospital Distrital de Santarém, EPE;39.2410946, -8.6937515;252;70
2018-03;Região de Saúde Norte;Centro Hospitalar do Médio Ave, EPE;41.3423984, -8.4802503;272;106
2018-03;Região de Saúde Norte;Centro Hospitalar Póvoa de Varzim/Vila do Conde, EPE;41.3828711, -8.7589945;253;77
2018-03;Região de Saúde Norte;Centro Hospitalar Vila Nova de Gaia/Espinho, EPE;41.1094138, -8.5972617;395;118
2018-04;Região de Saúde do Centro;Centro Hospitalar e Universitário de Coimbra, EPE;40.2191523, -8.4098211;1482;456
2018-04;Região de Saúde do Centro;Centro Hospitalar Tondela-Viseu, EPE;40.516364, -8.0827433;560;128
2018-04;Região de Saúde LVT;Centro Hospitalar Universitário Lisboa Central, EPE;38.7166948, -9.1371248;1111;320
2018-04;Região de Saúde LVT;Hospital de Vila Franca de Xira, PPP;38.977235, -8.984506;584;165
2018-04;Região de Saúde LVT;Hospital Professor Doutor Fernando Fonseca, EPE;38.7422257, -9.2264834;896;268
2018-04;Região de Saúde Norte;Centro Hospitalar do Médio Ave, EPE;41.3423984, -8.4802503;351;128
2018-04;Região de Saúde Norte;Centro Hospitalar Universitário do Porto, EPE;41.1472498, -8.6172617;1053;286
2018-04;Região de Saúde Norte;Centro Hospitalar Póvoa de Varzim/Vila do Conde, EPE;41.3828711, -8.7589945;319;96
2018-05;Região de Saúde do Centro;Centro Hospitalar do Baixo Vouga, EPE;40.6362453, -8.6543716;709;169
2018-05;Região de Saúde do Centro;Centro Hospitalar e Universitário de Coimbra, EPE;40.2191523, -8.4098211;1915;587
2018-05;Região de Saúde do Centro;Unidade Local de Saúde de Castelo Branco, EPE;39.8212263, -7.4981271;171;46
2018-05;Região de Saúde LVT;Centro Hospitalar Universitário Lisboa Central, EPE;38.7166948, -9.1371248;1431;428
2018-05;Região de Saúde LVT;Hospital de Cascais, PPP;38.729006, -9.418267;1065;304
2018-05;Região de Saúde LVT;Hospital de Loures, PPP;38.821455, -9.176296;1078;246
2018-05;Região de Saúde LVT;Hospital Professor Doutor Fernando Fonseca, EPE;38.7422257, -9.2264834;1141;331
2018-05;Região de Saúde LVT;Hospital Garcia de Orta, EPE;38.6658713, -9.1822554;1066;254
2018-05;Região de Saúde Norte;Centro Hospitalar Universitário de São João, EPE;41.1831056, -8.6010558;891;238
2018-05;Região de Saúde Norte;Centro Hospitalar Entre Douro e Vouga, EPE;40.9293884, -8.5458794;606;163
2018-06;Região de Saúde do Alentejo;Hospital Espírito Santo de Évora, EPE;38.5684861, -7.9032848;512;170
2018-06;Região de Saúde do Centro;Centro Hospitalar Universitário Cova da Beira, EPE;40.2804158, -7.4922407;273;102
2018-06;Região de Saúde LVT;Centro Hospitalar Universitário Lisboa Central, EPE;38.7166948, -9.1371248;1716;512
2018-06;Região de Saúde LVT;Centro Hospitalar Universitário de Lisboa Norte, EPE;38.7500861, -9.1616116;1148;308
2018-06;Região de Saúde Norte;Hospital de Braga, PPP;41.56785, -8.398982;1520;470
2018-06;Região de Saúde Norte;Unidade Local de Saúde de Matosinhos, EPE;41.1794456, -8.6745115;717;206
2018-07;Região de Saúde do Centro;Centro Hospitalar de Leiria, EPE;39.7414812, -8.7982706;1133;346
2018-07;Região de Saúde do Centro;Centro Hospitalar e Universitário de Coimbra, EPE;40.2191523, -8.4098211;2666;822
2018-07;Região de Saúde do Centro;Unidade Local de Saúde de Castelo Branco, EPE;39.8212263, -7.4981271;240;65
2018-07;Região de Saúde LVT;Centro Hospitalar Universitário Lisboa Central, EPE;38.7166948, -9.1371248;1992;593
2018-07;Região de Saúde LVT;Centro Hospitalar de Setúbal, EPE;38.5283754, -8.8818638;827;237
2018-07;Região de Saúde Norte;Centro Hospitalar Universitário do Porto, EPE;41.1472498, -8.6172617;1863;509
2018-08;Região de Saúde do Algarve;Centro Hospitalar Universitário do Algarve,EPE;37.0238973, -7.9281554;2435;628
2018-08;Região de Saúde do Centro;Centro Hospitalar do Baixo Vouga, EPE;40.6362453, -8.6543716;1122;261
2018-08;Região de Saúde do Centro;Centro Hospitalar e Universitário de Coimbra, EPE;40.2191523, -8.4098211;3078;930
2018-08;Região de Saúde LVT;Centro Hospitalar de Lisboa Ocidental, EPE;38.708454, -9.216985;1690;459
2018-08;Região de Saúde LVT;Centro Hospitalar Universitário de Lisboa Norte, EPE;38.7500861, -9.1616116;1615;414
2018-08;Região de Saúde LVT;Hospital de Cascais, PPP;38.729006, -9.418267;1713;487
2018-08;Região de Saúde LVT;Hospital de Loures, PPP;38.821455, -9.176296;1791;415
2018-08;Região de Saúde LVT;Hospital Professor Doutor Fernando Fonseca, EPE;38.7422257, -9.2264834;1763;542
2018-08;Região de Saúde LVT;Hospital Garcia de Orta, EPE;38.6658713, -9.1822554;1824;474
2018-08;Região de Saúde Norte;Centro Hospitalar Universitário do Porto, EPE;41.1472498, -8.6172617;2161;587
2018-08;Região de Saúde Norte;Hospital de Braga, PPP;41.56785, -8.398982;2078;634
2018-09;Região de Saúde do Alentejo;Unidade Local de Saúde do Norte Alentejano, EPE;39.3003425, -7.4263845;398;117
2018-09;Região de Saúde LVT;Centro Hospitalar Barreiro/Montijo, EPE;38.6554005, -9.0592392;1096;327
2018-09;Região de Saúde LVT;Centro Hospitalar de Setúbal, EPE;38.5283754, -8.8818638;1139;327
2018-09;Região de Saúde LVT;Centro Hospitalar Universitário de Lisboa Norte, EPE;38.7500861, -9.1616116;1823;462
2018-09;Região de Saúde LVT;Hospital de Loures, EPE;38.821455, -9.176296;2045;475
2018-09;Região de Saúde LVT;Hospital de Loures, PPP;38.821455, -9.176296;2045;475
2018-09;Região de Saúde LVT;Hospital de Vila Franca de Xira, PPP;38.977235, -8.984506;1386;377
2018-09;Região de Saúde LVT;Hospital Garcia de Orta, EPE;38.6658713, -9.1822554;2100;548
2018-09;Região de Saúde Norte;Centro Hospitalar Universitário de São João, EPE;41.1831056, -8.6010558;1699;483
2018-09;Região de Saúde Norte;Centro Hospitalar Trás-os-Montes e Alto Douro, EPE;41.3031784, -7.7515252;985;372
2018-09;Região de Saúde Norte;Hospital Santa Maria Maior, EPE;41.5324234, -8.6171561;0;0
2018-09;Região de Saúde Norte;Unidade Local de Saúde de Matosinhos, EPE;41.1794456, -8.6745115;1140;315
2018-09;Região de Saúde Norte;Unidade Local de Saúde do Alto Minho, EPE;41.7056054, -8.8252713;1045;285
2018-10;Região de Saúde do Alentejo;Hospital Espírito Santo de Évora, EPE;38.5684861, -7.9032848;905;308
2018-10;Região de Saúde LVT;Centro Hospitalar de Lisboa Ocidental, EPE;38.708454, -9.216985;2193;607
2018-10;Região de Saúde LVT;Hospital Professor Doutor Fernando Fonseca, EPE;38.7422257, -9.2264834;2217;699
2018-10;Região de Saúde LVT;Hospital Garcia de Orta, EPE;38.6658713, -9.1822554;2352;622
2018-10;Região de Saúde Norte;Centro Hospitalar do Médio Ave, EPE;41.3423984, -8.4802503;929;298
2018-10;Região de Saúde Norte;Centro Hospitalar Vila Nova de Gaia/Espinho, EPE;41.1094138, -8.5972617;1387;415
2018-10;Região de Saúde Norte;Hospital de Braga, PPP;41.56785, -8.398982;2645;790
2018-11;Região de Saúde do Alentejo;Unidade Local de Saúde do Baixo Alentejo, EPE;38.014123, -7.8721227;955;265
2018-11;Região de Saúde LVT;Centro Hospitalar Universitário de Lisboa Norte, EPE;38.7500861, -9.1616116;2241;557
2018-11;Região de Saúde LVT;Centro Hospitalar Médio Tejo, EPE;39.478072, -8.5404429;730;201
2018-11;Região de Saúde LVT;Hospital Professor Doutor Fernando Fonseca, EPE;38.7422257, -9.2264834;2419;761
2018-11;Região de Saúde Norte;Centro Hospitalar Tâmega e Sousa, EPE;41.2494561, -8.264901;2108;476
2018-11;Região de Saúde Norte;Unidade Local de Saúde de Matosinhos, EPE;41.1794456, -8.6745115;1426;393
2018-11;Região de Saúde Norte;Unidade Local de Saúde do Nordeste, EPE;41.8056532, -6.7888197;405;171
2018-12;Região de Saúde do Alentejo;Unidade Local de Saúde do Baixo Alentejo, EPE;38.014123, -7.8721227;1048;292
2018-12;Região de Saúde do Centro;Centro Hospitalar e Universitário de Coimbra, EPE;40.2191523, -8.4098211;4739;1426
2018-12;Região de Saúde LVT;Hospital de Vila Franca de Xira, PPP;38.977235, -8.984506;1908;549
2018-12;Região de Saúde LVT;Hospital Professor Doutor Fernando Fonseca, EPE;38.7422257, -9.2264834;2653;827
2018-12;Região de Saúde Norte;Unidade Local de Saúde do Nordeste, EPE;41.8056532, -6.7888197;451;189
2019-01;Região de Saúde do Alentejo;Unidade Local de Saúde do Baixo Alentejo, EPE;38.014123, -7.8721227;90;24
2019-01;Região de Saúde do Centro;Centro Hospitalar de Leiria, EPE;39.7414812, -8.7982706;144;44
2019-01;Região de Saúde do Centro;Centro Hospitalar do Baixo Vouga, EPE;40.6362453, -8.6543716;158;33
2019-01;Região de Saúde do Centro;Unidade Local de Saúde de Castelo Branco, EPE;39.8212263, -7.4981271;26;8
2019-01;Região de Saúde LVT;Centro Hospitalar do Oeste, EPE;39.4054629, -9.1258493;91;23
2019-01;Região de Saúde LVT;Centro Hospitalar Médio Tejo, EPE;39.478072, -8.5404429;68;20
2019-01;Região de Saúde LVT;Hospital de Loures, PPP;38.821455, -9.176296;213;51
2019-01;Região de Saúde Norte;Centro Hospitalar Universitário do Porto, EPE;41.1472498, -8.6172617;282;99
2019-01;Região de Saúde Norte;Centro Hospitalar Vila Nova de Gaia/Espinho, EPE;41.1094138, -8.5972617;131;38
2019-01;Região de Saúde Norte;Unidade Local de Saúde do Alto Minho, EPE;41.7056054, -8.8252713;128;31
2019-01;Região de Saúde Norte;Unidade Local de Saúde do Nordeste, EPE;41.8056532, -6.7888197;44;19
2019-02;Região de Saúde do Alentejo;Unidade Local de Saúde do Norte Alentejano, EPE;39.3003425, -7.4263845;72;23
2019-02;Região de Saúde do Algarve;Centro Hospitalar Universitário do Algarve,EPE;37.0238973, -7.9281554;601;192
2019-02;Região de Saúde do Centro;Centro Hospitalar Universitário Cova da Beira, EPE;40.2804158, -7.4922407;62;18
2019-02;Região de Saúde do Centro;Centro Hospitalar do Baixo Vouga, EPE;40.6362453, -8.6543716;281;66
2019-02;Região de Saúde do Centro;Centro Hospitalar e Universitário de Coimbra, EPE;40.2191523, -8.4098211;815;254
2019-02;Região de Saúde LVT;Hospital Distrital de Santarém, EPE;39.2410946, -8.6937515;182;42
2019-02;Região de Saúde Norte;Centro Hospitalar Póvoa de Varzim/Vila do Conde, EPE;41.3828711, -8.7589945;209;65
2019-02;Região de Saúde Norte;Centro Hospitalar Tâmega e Sousa, EPE;41.2494561, -8.264901;364;80
2019-03;Região de Saúde do Alentejo;Unidade Local de Saúde do Baixo Alentejo, EPE;38.014123, -7.8721227;234;71
2019-03;Região de Saúde do Centro;Centro Hospitalar Universitário Cova da Beira, EPE;40.2804158, -7.4922407;101;28
2019-03;Região de Saúde do Centro;Centro Hospitalar do Baixo Vouga, EPE;40.6362453, -8.6543716;416;90
2019-03;Região de Saúde Norte;Centro Hospitalar Entre Douro e Vouga, EPE;40.9293884, -8.5458794;400;106
2019-03;Região de Saúde Norte;Centro Hospitalar Póvoa de Varzim/Vila do Conde, EPE;41.3828711, -8.7589945;318;94
2019-04;Região de Saúde do Alentejo;Hospital Espírito Santo de Évora, EPE;38.5684861, -7.9032848;370;116
2019-04;Região de Saúde do Algarve;Centro Hospitalar Universitário do Algarve,EPE;37.0238973, -7.9281554;1210;367
2019-04;Região de Saúde do Centro;Centro Hospitalar e Universitário de Coimbra, EPE;40.2191523, -8.4098211;1515;445
2019-04;Região de Saúde do Centro;Centro Hospitalar Tondela-Viseu, EPE;40.516364, -8.0827433;600;149
2019-04;Região de Saúde LVT;Hospital de Loures, EPE;38.821455, -9.176296;888;191
2019-04;Região de Saúde LVT;Hospital de Vila Franca de Xira, PPP;38.977235, -8.984506;616;174
2019-04;Região de Saúde LVT;Hospital Professor Doutor Fernando Fonseca, EPE;38.7422257, -9.2264834;883;282
2019-04;Região de Saúde Norte;Centro Hospitalar do Médio Ave, EPE;41.3423984, -8.4802503;360;118
2019-04;Região de Saúde Norte;Centro Hospitalar Vila Nova de Gaia/Espinho, EPE;41.1094138, -8.5972617;489;147
2019-04;Região de Saúde Norte;Hospital da Senhora da Oliveira, Guimarães, EPE;41.4387173, -8.3086907;589;185
2019-04;Região de Saúde Norte;Unidade Local de Saúde do Alto Minho, EPE;41.7056054, -8.8252713;452;125
2019-05;Região de Saúde do Centro;Centro Hospitalar Universitário Cova da Beira, EPE;40.2804158, -7.4922407;167;47
2019-05;Região de Saúde LVT;Centro Hospitalar Barreiro/Montijo, EPE;38.6554005, -9.0592392;592;176
2019-05;Região de Saúde LVT;Centro Hospitalar de Lisboa Ocidental, EPE;38.708454, -9.216985;1021;278
2019-05;Região de Saúde LVT;Centro Hospitalar Universitário de Lisboa Norte, EPE;38.7500861, -9.1616116;993;237
2019-05;Região de Saúde Norte;Centro Hospitalar Entre Douro e Vouga, EPE;40.9293884, -8.5458794;621;157
2019-05;Região de Saúde Norte;Centro Hospitalar Trás-os-Montes e Alto Douro, EPE;41.3031784, -7.7515252;479;167
2019-05;Região de Saúde Norte;Centro Hospitalar Vila Nova de Gaia/Espinho, EPE;41.1094138, -8.5972617;627;194
2019-05;Região de Saúde Norte;Hospital da Senhora da Oliveira, Guimarães, EPE;41.4387173, -8.3086907;744;245
2019-05;Região de Saúde Norte;Hospital de Braga, PPP;41.56785, -8.398982;1247;321
2019-06;Região de Saúde do Alentejo;Hospital Espírito Santo de Évora, EPE;38.5684861, -7.9032848;546;181
2019-06;Região de Saúde do Alentejo;Unidade Local de Saúde do Norte Alentejano, EPE;39.3003425, -7.4263845;222;70
2019-06;Região de Saúde LVT;Hospital de Cascais, PPP;38.729006, -9.418267;1257;340
2019-06;Região de Saúde LVT;Hospital de Loures, EPE;38.821455, -9.176296;1354;288
2019-06;Região de Saúde LVT;Hospital Garcia de Orta, EPE;38.6658713, -9.1822554;1363;400
2019-07;Região de Saúde LVT;Centro Hospitalar Barreiro/Montijo, EPE;38.6554005, -9.0592392;854;254
2019-07;Região de Saúde LVT;Centro Hospitalar de Setúbal, EPE;38.5283754, -8.8818638;893;325
2019-07;Região de Saúde LVT;Centro Hospitalar Universitário de Lisboa Norte, EPE;38.7500861, -9.1616116;1449;340
2019-07;Região de Saúde LVT;Hospital de Cascais, PPP;38.729006, -9.418267;1468;399
2019-07;Região de Saúde Norte;Centro Hospitalar Universitário do Porto, EPE;41.1472498, -8.6172617;1973;572
2019-07;Região de Saúde Norte;Centro Hospitalar Vila Nova de Gaia/Espinho, EPE;41.1094138, -8.5972617;884;282
2019-07;Região de Saúde Norte;Hospital da Senhora da Oliveira, Guimarães, EPE;41.4387173, -8.3086907;1073;393
2019-07;Região de Saúde Norte;Hospital de Braga, PPP;41.56785, -8.398982;1784;500
2019-08;Região de Saúde do Alentejo;Unidade Local de Saúde do Baixo Alentejo, EPE;38.014123, -7.8721227;639;203
2019-08;Região de Saúde do Alentejo;Unidade Local de Saúde do Norte Alentejano, EPE;39.3003425, -7.4263845;281;88
2019-08;Região de Saúde do Centro;Centro Hospitalar Universitário Cova da Beira, EPE;40.2804158, -7.4922407;287;89
2019-08;Região de Saúde do Centro;Unidade Local de Saúde da Guarda, EPE;40.5309916, -7.2734793;363;113
2019-08;Região de Saúde LVT;Hospital de Vila Franca de Xira, PPP;38.977235, -8.984506;1281;413
2019-08;Região de Saúde LVT;Hospital Distrital de Santarém, EPE;39.2410946, -8.6937515;711;196
2019-08;Região de Saúde LVT;Hospital Professor Doutor Fernando Fonseca, EPE;38.7422257, -9.2264834;1762;574
2019-08;Região de Saúde Norte;Centro Hospitalar do Médio Ave, EPE;41.3423984, -8.4802503;746;262
2019-08;Região de Saúde Norte;Centro Hospitalar Póvoa de Varzim/Vila do Conde, EPE;41.3828711, -8.7589945;839;250
2019-08;Região de Saúde Norte;Centro Hospitalar Vila Nova de Gaia/Espinho, EPE;41.1094138, -8.5972617;1013;308
2019-08;Região de Saúde Norte;Hospital da Senhora da Oliveira, Guimarães, EPE;41.4387173, -8.3086907;1248;458
2019-08;Região de Saúde Norte;Unidade Local de Saúde do Alto Minho, EPE;41.7056054, -8.8252713;940;285
2019-09;Região de Saúde LVT;Centro Hospitalar Barreiro/Montijo, EPE;38.6554005, -9.0592392;1139;320
2019-09;Região de Saúde LVT;Centro Hospitalar Universitário Lisboa Central, EPE;38.7166948, -9.1371248;2460;801
2019-09;Região de Saúde LVT;Hospital de Cascais, PPP;38.729006, -9.418267;1928;528
2019-09;Região de Saúde Norte;Centro Hospitalar Entre Douro e Vouga, EPE;40.9293884, -8.5458794;1159;337
2019-09;Região de Saúde Norte;Centro Hospitalar Tâmega e Sousa, EPE;41.2494561, -8.264901;1677;395
2019-09;Região de Saúde Norte;Centro Hospitalar Vila Nova de Gaia/Espinho, EPE;41.1094138, -8.5972617;1153;363
2019-09;Região de Saúde Norte;Unidade Local de Saúde do Nordeste, EPE;41.8056532, -6.7888197;376;161
2019-10;Região de Saúde do Alentejo;Unidade Local de Saúde do Norte Alentejano, EPE;39.3003425, -7.4263845;357;115
2019-10;Região de Saúde do Centro;Centro Hospitalar Universitário Cova da Beira, EPE;40.2804158, -7.4922407;361;118
2019-10;Região de Saúde do Centro;Centro Hospitalar Tondela-Viseu, EPE;40.516364, -8.0827433;1587;421
2019-10;Região de Saúde LVT;Hospital Garcia de Orta, EPE;38.6658713, -9.1822554;2363;669
2019-10;Região de Saúde Norte;Centro Hospitalar Vila Nova de Gaia/Espinho, EPE;41.1094138, -8.5972617;1278;402
2019-11;Região de Saúde do Alentejo;Unidade Local de Saúde do Norte Alentejano, EPE;39.3003425, -7.4263845;395;127
2019-11;Região de Saúde do Centro;Unidade Local de Saúde de Castelo Branco, EPE;39.8212263, -7.4981271;343;97
2019-11;Região de Saúde LVT;Centro Hospitalar Barreiro/Montijo, EPE;38.6554005, -9.0592392;1459;390
2019-11;Região de Saúde LVT;Hospital de Loures, PPP;38.821455, -9.176296;2524;563
2019-11;Região de Saúde LVT;Hospital de Vila Franca de Xira, PPP;38.977235, -8.984506;1784;587
2019-11;Região de Saúde Norte;Centro Hospitalar Universitário de São João, EPE;41.1831056, -8.6010558;2146;625
2019-11;Região de Saúde Norte;Centro Hospitalar Póvoa de Varzim/Vila do Conde, EPE;41.3828711, -8.7589945;1161;348
2019-11;Região de Saúde Norte;Centro Hospitalar Tâmega e Sousa, EPE;41.2494561, -8.264901;2058;476
2019-11;Região de Saúde Norte;Centro Hospitalar Vila Nova de Gaia/Espinho, EPE;41.1094138, -8.5972617;1404;443
2019-12;Região de Saúde LVT;Centro Hospitalar Barreiro/Montijo, EPE;38.6554005, -9.0592392;1566;426
2019-12;Região de Saúde LVT;Centro Hospitalar Universitário de Lisboa Norte, EPE;38.7500861, -9.1616116;2501;636
2019-12;Região de Saúde LVT;Centro Hospitalar Médio Tejo, EPE;39.478072, -8.5404429;790;226
2019-12;Região de Saúde LVT;Hospital de Cascais, PPP;38.729006, -9.418267;2602;725
2019-12;Região de Saúde Norte;Centro Hospitalar Póvoa de Varzim/Vila do Conde, EPE;41.3828711, -8.7589945;1265;381
2019-12;Região de Saúde Norte;Centro Hospitalar Tâmega e Sousa, EPE;41.2494561, -8.264901;2232;516
2019-12;Região de Saúde Norte;Centro Hospitalar Trás-os-Montes e Alto Douro, EPE;41.3031784, -7.7515252;1157;436
2020-01;Região de Saúde do Algarve;Centro Hospitalar Universitário do Algarve,EPE;37.0238973, -7.9281554;329;105
2020-01;Região de Saúde LVT;Centro Hospitalar Universitário Lisboa Central, EPE;38.7166948, -9.1371248;295;89
2020-01;Região de Saúde LVT;Centro Hospitalar de Lisboa Ocidental, EPE;38.708454, -9.216985;196;58
2020-01;Região de Saúde LVT;Hospital de Cascais, PPP;38.729006, -9.418267;184;58
2020-01;Região de Saúde LVT;Hospital de Vila Franca de Xira, PPP;38.977235, -8.984506;150;53
2020-01;Região de Saúde Norte;Centro Hospitalar Universitário de São João, EPE;41.1831056, -8.6010558;221;68
2020-01;Região de Saúde Norte;Centro Hospitalar Universitário do Porto, EPE;41.1472498, -8.6172617;277;72
2020-01;Região de Saúde Norte;Centro Hospitalar Póvoa de Varzim/Vila do Conde, EPE;41.3828711, -8.7589945;110;35
2020-01;Região de Saúde Norte;Hospital da Senhora da Oliveira, Guimarães, EPE;41.4387173, -8.3086907;176;67
2020-02;Região de Saúde do Centro;Centro Hospitalar Universitário Cova da Beira, EPE;40.2804158, -7.4922407;92;32
2020-02;Região de Saúde Norte;Unidade Local de Saúde de Matosinhos, EPE;41.1794456, -8.6745115;236;71
2020-03;Região de Saúde do Alentejo;Unidade Local de Saúde do Baixo Alentejo, EPE;38.014123, -7.8721227;274;80
2020-03;Região de Saúde do Algarve;Centro Hospitalar Universitário do Algarve,EPE;37.0238973, -7.9281554;861;241
2020-03;Região de Saúde do Centro;Centro Hospitalar de Leiria, EPE;39.7414812, -8.7982706;464;117
2020-03;Região de Saúde do Centro;Centro Hospitalar e Universitário de Coimbra, EPE;40.2191523, -8.4098211;1140;330
2020-03;Região de Saúde LVT;Centro Hospitalar de Setúbal, EPE;38.5283754, -8.8818638;366;120
2020-03;Região de Saúde LVT;Hospital de Loures, PPP;38.821455, -9.176296;650;157
2020-03;Região de Saúde LVT;Hospital Distrital de Santarém, EPE;39.2410946, -8.6937515;260;68
2020-03;Região de Saúde Norte;Centro Hospitalar Universitário de São João, EPE;41.1831056, -8.6010558;554;166
2020-03;Região de Saúde Norte;Centro Hospitalar Universitário do Porto, EPE;41.1472498, -8.6172617;824;238
2020-03;Região de Saúde Norte;Hospital de Braga, EPE;41.56785, -8.398982;764;222
2020-04;Região de Saúde do Alentejo;Hospital Espírito Santo de Évora, EPE;38.5684861, -7.9032848;349;107
2020-04;Região de Saúde LVT;Centro Hospitalar Barreiro/Montijo, EPE;38.6554005, -9.0592392;503;168
2020-04;Região de Saúde LVT;Hospital de Cascais, PPP;38.729006, -9.418267;726;204
2020-04;Região de Saúde Norte;Centro Hospitalar Universitário do Porto, EPE;41.1472498, -8.6172617;1103;315
2020-04;Região de Saúde Norte;Centro Hospitalar Vila Nova de Gaia/Espinho, EPE;41.1094138, -8.5972617;521;160
2020-04;Região de Saúde Norte;Unidade Local de Saúde do Alto Minho, EPE;41.7056054, -8.8252713;422;140
2020-05;Região de Saúde do Centro;Centro Hospitalar e Universitário de Coimbra, EPE;40.2191523, -8.4098211;1879;534
2020-05;Região de Saúde LVT;Hospital de Cascais, PPP;38.729006, -9.418267;917;255
2020-05;Região de Saúde LVT;Hospital de Loures, PPP;38.821455, -9.176296;1046;250
2020-05;Região de Saúde Norte;Centro Hospitalar Universitário de São João, EPE;41.1831056, -8.6010558;878;263
2020-05;Região de Saúde Norte;Centro Hospitalar Póvoa de Varzim/Vila do Conde, EPE;41.3828711, -8.7589945;501;155
2020-05;Região de Saúde Norte;Hospital de Braga, EPE;41.56785, -8.398982;1298;358
2020-06;Região de Saúde do Alentejo;Unidade Local de Saúde do Norte Alentejano, EPE;39.3003425, -7.4263845;201;75
2020-06;Região de Saúde do Centro;Centro Hospitalar Universitário Cova da Beira, EPE;40.2804158, -7.4922407;267;89
2020-06;Região de Saúde LVT;Centro Hospitalar Barreiro/Montijo, EPE;38.6554005, -9.0592392;763;248
2020-06;Região de Saúde LVT;Centro Hospitalar do Oeste, EPE;39.4054629, -9.1258493;662;200
2020-06;Região de Saúde LVT;Centro Hospitalar Médio Tejo, EPE;39.478072, -8.5404429;418;109
2020-06;Região de Saúde LVT;Hospital Professor Doutor Fernando Fonseca, EPE;38.7422257, -9.2264834;1268;454
2020-06;Região de Saúde LVT;Hospital Garcia de Orta, EPE;38.6658713, -9.1822554;1326;412
2020-06;Região de Saúde Norte;Centro Hospitalar Universitário de São João, EPE;41.1831056, -8.6010558;1051;315
2020-06;Região de Saúde Norte;Hospital da Senhora da Oliveira, Guimarães, EPE;41.4387173, -8.3086907;987;352
2020-07;Região de Saúde LVT;Centro Hospitalar de Lisboa Ocidental, EPE;38.708454, -9.216985;1271;370
2020-07;Região de Saúde LVT;Centro Hospitalar de Setúbal, EPE;38.5283754, -8.8818638;838;262
2020-07;Região de Saúde LVT;Centro Hospitalar Médio Tejo, EPE;39.478072, -8.5404429;489;125
2020-07;Região de Saúde Norte;Hospital de Braga, EPE;41.56785, -8.398982;1837;487
2020-08;Região de Saúde do Alentejo;Hospital Espírito Santo de Évora, EPE;38.5684861, -7.9032848;724;227
2020-08;Região de Saúde do Alentejo;Unidade Local de Saúde do Baixo Alentejo, EPE;38.014123, -7.8721227;678;192
2020-08;Região de Saúde do Alentejo;Unidade Local de Saúde do Norte Alentejano, EPE;39.3003425, -7.4263845;292;103
2020-08;Região de Saúde do Algarve;Centro Hospitalar Universitário do Algarve,EPE;37.0238973, -7.9281554;2410;672
2020-08;Região de Saúde do Centro;Centro Hospitalar Universitário Cova da Beira, EPE;40.2804158, -7.4922407;347;118
2020-08;Região de Saúde do Centro;Centro Hospitalar do Baixo Vouga, EPE;40.6362453, -8.6543716;1177;295
2020-08;Região de Saúde LVT;Centro Hospitalar de Setúbal, EPE;38.5283754, -8.8818638;957;309
2020-08;Região de Saúde LVT;Hospital de Cascais, PPP;38.729006, -9.418267;1463;403
2020-08;Região de Saúde LVT;Hospital Garcia de Orta, EPE;38.6658713, -9.1822554;1807;545
2020-08;Região de Saúde Norte;Centro Hospitalar Vila Nova de Gaia/Espinho, EPE;41.1094138, -8.5972617;1077;343
2020-09;Região de Saúde do Alentejo;Unidade Local de Saúde do Baixo Alentejo, EPE;38.014123, -7.8721227;756;220
2020-09;Região de Saúde do Centro;Centro Hospitalar Universitário Cova da Beira, EPE;40.2804158, -7.4922407;401;142
2020-09;Região de Saúde do Centro;Centro Hospitalar e Universitário de Coimbra, EPE;40.2191523, -8.4098211;3423;937
2020-09;Região de Saúde LVT;Centro Hospitalar Universitário Lisboa Central, EPE;38.7166948, -9.1371248;2389;767
2020-09;Região de Saúde LVT;Centro Hospitalar Universitário de Lisboa Norte, EPE;38.7500861, -9.1616116;1762;461
2020-09;Região de Saúde LVT;Hospital de Cascais, PPP;38.729006, -9.418267;1686;455
2020-09;Região de Saúde LVT;Hospital Distrital de Santarém, EPE;39.2410946, -8.6937515;829;220
2020-09;Região de Saúde Norte;Unidade Local de Saúde de Matosinhos, EPE;41.1794456, -8.6745115;1150;328
2020-10;Região de Saúde do Alentejo;Unidade Local de Saúde do Norte Alentejano, EPE;39.3003425, -7.4263845;372;132
2020-10;Região de Saúde do Centro;Centro Hospitalar Universitário Cova da Beira, EPE;40.2804158, -7.4922407;446;159
2020-10;Região de Saúde do Centro;Centro Hospitalar de Leiria, EPE;39.7414812, -8.7982706;1545;392
2020-10;Região de Saúde Norte;Centro Hospitalar Entre Douro e Vouga, EPE;40.9293884, -8.5458794;1229;368
2020-10;Região de Saúde Norte;Hospital de Braga, EPE;41.56785, -8.398982;2637;720
2020-11;Região de Saúde LVT;Centro Hospitalar Universitário Lisboa Central, EPE;38.7166948, -9.1371248;2917;949
2020-11;Região de Saúde LVT;Centro Hospitalar Médio Tejo, EPE;39.478072, -8.5404429;767;208
2020-11;Região de Saúde LVT;Hospital de Loures, EPE;38.821455, -9.176296;2203;528
2020-11;Região de Saúde Norte;Centro Hospitalar do Médio Ave, EPE;41.3423984, -8.4802503;1022;326
2020-11;Região de Saúde Norte;Centro Hospitalar Entre Douro e Vouga, EPE;40.9293884, -8.5458794;1327;401
2020-11;Região de Saúde Norte;Hospital de Braga, EPE;41.56785, -8.398982;2895;797
2020-11;Região de Saúde Norte;Unidade Local de Saúde do Alto Minho, EPE;41.7056054, -8.8252713;1247;432
2020-12;Região de Saúde do Centro;Centro Hospitalar Universitário Cova da Beira, EPE;40.2804158, -7.4922407;527;191
2020-12;Região de Saúde do Centro;Centro Hospitalar e Universitário de Coimbra, EPE;40.2191523, -8.4098211;4590;1281
2020-12;Região de Saúde do Centro;Centro Hospitalar Tondela-Viseu, EPE;40.516364, -8.0827433;1826;472
2020-12;Região de Saúde LVT;Centro Hospitalar de Lisboa Ocidental, EPE;38.708454, -9.216985;2153;609
2020-12;Região de Saúde LVT;Centro Hospitalar do Oeste, EPE;39.4054629, -9.1258493;1338;427
2020-12;Região de Saúde LVT;Hospital de Loures, PPP;38.821455, -9.176296;2360;566
2020-12;Região de Saúde Norte;Centro Hospitalar do Médio Ave, EPE;41.3423984, -8.4802503;1086;347
2020-12;Região de Saúde Norte;Unidade Local de Saúde de Matosinhos, EPE;41.1794456, -8.6745115;1538;441
2021-01;Região de Saúde do Alentejo;Hospital Espírito Santo de Évora, EPE;38.5684861, -7.9032848;74;22
2021-01;Região de Saúde do Centro;Unidade Local de Saúde de Castelo Branco, EPE;39.8212263, -7.4981271;26;5
2021-01;Região de Saúde LVT;Centro Hospitalar Barreiro/Montijo, EPE;38.6554005, -9.0592392;101;35
2021-01;Região de Saúde LVT;Centro Hospitalar do Oeste, EPE;39.4054629, -9.1258493;103;32
2021-01;Região de Saúde LVT;Hospital de Loures, PPP;38.821455, -9.176296;157;32
2021-01;Região de Saúde LVT;Hospital Garcia de Orta, EPE;38.6658713, -9.1822554;196;49
2021-01;Região de Saúde Norte;Centro Hospitalar Universitário do Porto, EPE;41.1472498, -8.6172617;221;63
2021-01;Região de Saúde Norte;Hospital de Braga, EPE;41.56785, -8.398982;205;67
2021-01;Região de Saúde Norte;Unidade Local de Saúde do Alto Minho, EPE;41.7056054, -8.8252713;100;39
2021-02;Região de Saúde do Alentejo;Unidade Local de Saúde do Norte Alentejano, EPE;39.3003425, -7.4263845;61;6
2021-02;Região de Saúde do Centro;Centro Hospitalar do Baixo Vouga, EPE;40.6362453, -8.6543716;255;57
2021-02;Região de Saúde LVT;Centro Hospitalar do Oeste, EPE;39.4054629, -9.1258493;195;69
2021-02;Região de Saúde LVT;Hospital de Vila Franca de Xira, PPP;38.977235, -8.984506;261;86
2021-03;Região de Saúde do Alentejo;Hospital Espírito Santo de Évora, EPE;38.5684861, -7.9032848;221;92
2021-03;Região de Saúde do Centro;Centro Hospitalar Tondela-Viseu, EPE;40.516364, -8.0827433;393;116
2021-03;Região de Saúde LVT;Centro Hospitalar do Oeste, EPE;39.4054629, -9.1258493;313;111
2021-03;Região de Saúde LVT;Hospital de Vila Franca de Xira, PPP;38.977235, -8.984506;403;128
2021-03;Região de Saúde Norte;Centro Hospitalar Póvoa de Varzim/Vila do Conde, EPE;41.3828711, -8.7589945;360;149
2021-03;Região de Saúde Norte;Unidade Local de Saúde de Matosinhos, EPE;41.1794456, -8.6745115;355;98
2021-04;Região de Saúde do Alentejo;Hospital Espírito Santo de Évora, EPE;38.5684861, -7.9032848;297;123
2021-04;Região de Saúde do Centro;Centro Hospitalar Universitário Cova da Beira, EPE;40.2804158, -7.4922407;138;70
2021-04;Região de Saúde do Centro;Centro Hospitalar do Baixo Vouga, EPE;40.6362453, -8.6543716;496;133
2021-04;Região de Saúde do Centro;Centro Hospitalar e Universitário de Coimbra, EPE;40.2191523, -8.4098211;1338;378
2021-04;Região de Saúde LVT;Centro Hospitalar Universitário Lisboa Central, EPE;38.7166948, -9.1371248;866;293
2021-04;Região de Saúde LVT;Centro Hospitalar Médio Tejo, EPE;39.478072, -8.5404429;212;62
2021-04;Região de Saúde LVT;Hospital de Cascais, PPP;38.729006, -9.418267;658;186
2021-04;Região de Saúde Norte;Centro Hospitalar Universitário de São João, EPE;41.1831056, -8.6010558;595;176
2021-05;Região de Saúde do Alentejo;Unidade Local de Saúde do Norte Alentejano, EPE;39.3003425, -7.4263845;166;36
2021-05;Região de Saúde do Centro;Centro Hospitalar de Leiria, EPE;39.7414812, -8.7982706;652;184
2021-05;Região de Saúde do Centro;Centro Hospitalar e Universitário de Coimbra, EPE;40.2191523, -8.4098211;1696;479
2021-05;Região de Saúde LVT;Centro Hospitalar Médio Tejo, EPE;39.478072, -8.5404429;267;79
2021-05;Região de Saúde LVT;Hospital Professor Doutor Fernando Fonseca, EPE;38.7422257, -9.2264834;827;316
2021-05;Região de Saúde Norte;Centro Hospitalar Universitário do Porto, EPE;41.1472498, -8.6172617;1233;366
2021-05;Região de Saúde Norte;Hospital da Senhora da Oliveira, Guimarães, EPE;41.4387173, -8.3086907;653;232
2021-06;Região de Saúde do Algarve;Centro Hospitalar Universitário do Algarve,EPE;37.0238973, -7.9281554;1652;486
2021-06;Região de Saúde do Centro;Centro Hospitalar de Leiria, EPE;39.7414812, -8.7982706;809;232
2021-06;Região de Saúde do Centro;Centro Hospitalar Tondela-Viseu, EPE;40.516364, -8.0827433;802;235
2021-06;Região de Saúde do Centro;Unidade Local de Saúde de Castelo Branco, EPE;39.8212263, -7.4981271;142;32
2021-06;Região de Saúde LVT;Hospital de Loures, PPP;38.821455, -9.176296;1050;238
2021-06;Região de Saúde LVT;Hospital de Vila Franca de Xira, EPE;38.977235, -8.984506;788;265
2021-06;Região de Saúde LVT;Hospital Garcia de Orta, EPE;38.6658713, -9.1822554;1154;344
2021-06;Região de Saúde Norte;Centro Hospitalar Universitário do Porto, EPE;41.1472498, -8.6172617;1489;439
2021-06;Região de Saúde Norte;Centro Hospitalar Entre Douro e Vouga, EPE;40.9293884, -8.5458794;663;225
2021-07;Região de Saúde LVT;Hospital de Loures, EPE;38.821455, -9.176296;1257;287
2021-07;Região de Saúde LVT;Hospital de Vila Franca de Xira, EPE;38.977235, -8.984506;926;318
2021-07;Região de Saúde Norte;Centro Hospitalar Universitário de São João, EPE;41.1831056, -8.6010558;1087;315
2021-07;Região de Saúde Norte;Centro Hospitalar Entre Douro e Vouga, EPE;40.9293884, -8.5458794;781;272
2021-07;Região de Saúde Norte;Centro Hospitalar Póvoa de Varzim/Vila do Conde, EPE;41.3828711, -8.7589945;871;324
2021-07;Região de Saúde Norte;Unidade Local de Saúde do Alto Minho, EPE;41.7056054, -8.8252713;694;235
2021-07;Região de Saúde Norte;Unidade Local de Saúde do Nordeste, EPE;41.8056532, -6.7888197;217;89
2021-08;Região de Saúde do Alentejo;Hospital Espírito Santo de Évora, EPE;38.5684861, -7.9032848;646;281
2021-08;Região de Saúde do Alentejo;Unidade Local de Saúde do Baixo Alentejo, EPE;38.014123, -7.8721227;637;194
2021-08;Região de Saúde do Algarve;Centro Hospitalar Universitário do Algarve,EPE;37.0238973, -7.9281554;2287;655
2021-08;Região de Saúde do Centro;Centro Hospitalar Tondela-Viseu, EPE;40.516364, -8.0827433;1116;313
2021-08;Região de Saúde do Centro;Unidade Local de Saúde da Guarda, EPE;40.5309916, -7.2734793;309;114
2021-08;Região de Saúde LVT;Centro Hospitalar Barreiro/Montijo, EPE;38.6554005, -9.0592392;880;291
2021-08;Região de Saúde LVT;Centro Hospitalar de Lisboa Ocidental, EPE;38.708454, -9.216985;1248;389
2021-08;Região de Saúde LVT;Centro Hospitalar do Oeste, EPE;39.4054629, -9.1258493;839;252
2021-08;Região de Saúde LVT;Hospital de Loures, PPP;38.821455, -9.176296;1469;337
2021-08;Região de Saúde LVT;Hospital de Vila Franca de Xira, EPE;38.977235, -8.984506;1061;365
2021-08;Região de Saúde LVT;Hospital Distrital de Santarém, EPE;39.2410946, -8.6937515;697;197
2021-08;Região de Saúde Norte;Centro Hospitalar Universitário de São João, EPE;41.1831056, -8.6010558;1237;367
2021-08;Região de Saúde Norte;Centro Hospitalar Universitário do Porto, EPE;41.1472498, -8.6172617;1991;590
2021-08;Região de Saúde Norte;Centro Hospitalar Póvoa de Varzim/Vila do Conde, EPE;41.3828711, -8.7589945;995;370
2021-08;Região de Saúde Norte;Centro Hospitalar Trás-os-Montes e Alto Douro, EPE;41.3031784, -7.7515252;709;308
2021-08;Região de Saúde Norte;Hospital da Senhora da Oliveira, Guimarães, EPE;41.4387173, -8.3086907;1131;376
2021-08;Região de Saúde Norte;Unidade Local de Saúde de Matosinhos, EPE;41.1794456, -8.6745115;989;268
2021-09;Região de Saúde LVT;Centro Hospitalar Barreiro/Montijo, EPE;38.6554005, -9.0592392;1026;325
2021-09;Região de Saúde LVT;Centro Hospitalar Universitário Lisboa Central, EPE;38.7166948, -9.1371248;2106;699
2021-09;Região de Saúde LVT;Centro Hospitalar de Lisboa Ocidental, EPE;38.708454, -9.216985;1405;434
2021-09;Região de Saúde LVT;Centro Hospitalar Universitário de Lisboa Norte, EPE;38.7500861, -9.1616116;1741;452
2021-09;Região de Saúde Norte;Centro Hospitalar Póvoa de Varzim/Vila do Conde, EPE;41.3828711, -8.7589945;1109;405
2021-09;Região de Saúde Norte;Centro Hospitalar Trás-os-Montes e Alto Douro, EPE;41.3031784, -7.7515252;805;358
2021-10;Região de Saúde do Alentejo;Hospital Espírito Santo de Évora, EPE;38.5684861, -7.9032848;817;346
2021-10;Região de Saúde do Alentejo;Unidade Local de Saúde do Baixo Alentejo, EPE;38.014123, -7.8721227;831;239
2021-10;Região de Saúde do Alentejo;Unidade Local de Saúde do Norte Alentejano, EPE;39.3003425, -7.4263845;351;100
2021-10;Região de Saúde do Centro;Centro Hospitalar do Baixo Vouga, EPE;40.6362453, -8.6543716;1359;370
2021-10;Região de Saúde do Centro;Centro Hospitalar Tondela-Viseu, EPE;40.516364, -8.0827433;1402;400
2021-10;Região de Saúde LVT;Centro Hospitalar de Lisboa Ocidental, EPE;38.708454, -9.216985;1557;483
2021-10;Região de Saúde LVT;Centro Hospitalar do Oeste, EPE;39.4054629, -9.1258493;1052;319
2021-10;Região de Saúde LVT;Centro Hospitalar Médio Tejo, EPE;39.478072, -8.5404429;598;176
2021-10;Região de Saúde LVT;Hospital de Cascais, PPP;38.729006, -9.418267;1774;459
2021-10;Região de Saúde LVT;Hospital de Loures, PPP;38.821455, -9.176296;1898;432
2021-10;Região de Saúde LVT;Hospital Professor Doutor Fernando Fonseca, EPE;38.7422257, -9.2264834;1749;647
2021-10;Região de Saúde Norte;Centro Hospitalar Universitário do Porto, EPE;41.1472498, -8.6172617;2539;757
2021-10;Região de Saúde Norte;Centro Hospitalar Vila Nova de Gaia/Espinho, EPE;41.1094138, -8.5972617;1200;382
2021-10;Região de Saúde Norte;Unidade Local de Saúde do Alto Minho, EPE;41.7056054, -8.8252713;1010;341
2021-11;Região de Saúde do Centro;Centro Hospitalar Tondela-Viseu, EPE;40.516364, -8.0827433;1537;435
2021-11;Região de Saúde LVT;Centro Hospitalar Universitário de Lisboa Norte, EPE;38.7500861, -9.1616116;2071;533
2021-11;Região de Saúde LVT;Centro Hospitalar Médio Tejo, EPE;39.478072, -8.5404429;657;195
2021-11;Região de Saúde LVT;Hospital Garcia de Orta, EPE;38.6658713, -9.1822554;2333;666
2021-11;Região de Saúde Norte;Centro Hospitalar Universitário de São João, EPE;41.1831056, -8.6010558;1763;542
2021-11;Região de Saúde Norte;Centro Hospitalar Entre Douro e Vouga, EPE;40.9293884, -8.5458794;1239;432
2021-11;Região de Saúde Norte;Hospital de Braga, EPE;41.56785, -8.398982;2544;771
2021-11;Região de Saúde Norte;Unidade Local de Saúde de Matosinhos, EPE;41.1794456, -8.6745115;1431;394
2021-12;Região de Saúde do Alentejo;Unidade Local de Saúde do Baixo Alentejo, EPE;38.014123, -7.8721227;1006;285
2021-12;Região de Saúde do Centro;Centro Hospitalar Tondela-Viseu, EPE;40.516364, -8.0827433;1690;471
2021-12;Região de Saúde LVT;Centro Hospitalar Universitário Lisboa Central, EPE;38.7166948, -9.1371248;2866;956
2021-12;Região de Saúde LVT;Centro Hospitalar do Oeste, EPE;39.4054629, -9.1258493;1266;382
2021-12;Região de Saúde LVT;Centro Hospitalar Médio Tejo, EPE;39.478072, -8.5404429;713;216
2021-12;Região de Saúde LVT;Hospital de Cascais, PPP;38.729006, -9.418267;2099;573
2022-01;Região de Saúde do Centro;Centro Hospitalar de Leiria, EPE;39.7414812, -8.7982706;150;44
2022-01;Região de Saúde LVT;Centro Hospitalar de Setúbal, EPE;38.5283754, -8.8818638;93;23
2022-01;Região de Saúde LVT;Centro Hospitalar do Oeste, EPE;39.4054629, -9.1258493;107;29
2022-01;Região de Saúde Norte;Centro Hospitalar Tâmega e Sousa, EPE;41.2494561, -8.264901;162;43
2022-01;Região de Saúde Norte;Centro Hospitalar Trás-os-Montes e Alto Douro, EPE;41.3031784, -7.7515252;100;40
2022-01;Região de Saúde Norte;Centro Hospitalar Vila Nova de Gaia/Espinho, EPE;41.1094138, -8.5972617;126;40
2022-02;Região de Saúde do Centro;Centro Hospitalar Universitário Cova da Beira, EPE;40.2804158, -7.4922407;75;28
2022-02;Região de Saúde LVT;Hospital Garcia de Orta, EPE;38.6658713, -9.1822554;413;129
2022-02;Região de Saúde Norte;Centro Hospitalar Vila Nova de Gaia/Espinho, EPE;41.1094138, -8.5972617;230;74
2022-03;Região de Saúde do Alentejo;Unidade Local de Saúde do Baixo Alentejo, EPE;38.014123, -7.8721227;238;80
2022-03;Região de Saúde LVT;Centro Hospitalar Barreiro/Montijo, EPE;38.6554005, -9.0592392;358;98
2022-03;Região de Saúde LVT;Centro Hospitalar Universitário de Lisboa Norte, EPE;38.7500861, -9.1616116;565;173
2022-03;Região de Saúde LVT;Hospital de Cascais, PPP;38.729006, -9.418267;548;200
2022-03;Região de Saúde Norte;Centro Hospitalar Universitário do Porto, EPE;41.1472498, -8.6172617;731;204
2022-03;Região de Saúde Norte;Centro Hospitalar Vila Nova de Gaia/Espinho, EPE;41.1094138, -8.5972617;372;115
2022-03;Região de Saúde Norte;Hospital da Senhora da Oliveira, Guimarães, EPE;41.4387173, -8.3086907;441;155
2022-04;Região de Saúde do Alentejo;Hospital Espírito Santo de Évora, EPE;38.5684861, -7.9032848;316;135
2022-04;Região de Saúde do Centro;Centro Hospitalar de Leiria, EPE;39.7414812, -8.7982706;611;173
2022-04;Região de Saúde do Centro;Unidade Local de Saúde de Castelo Branco, EPE;39.8212263, -7.4981271;121;33
2022-04;Região de Saúde LVT;Centro Hospitalar Barreiro/Montijo, EPE;38.6554005, -9.0592392;487;143
2022-04;Região de Saúde LVT;Centro Hospitalar de Lisboa Ocidental, EPE;38.708454, -9.216985;664;204
2022-04;Região de Saúde LVT;Centro Hospitalar do Oeste, EPE;39.4054629, -9.1258493;392;123
2022-04;Região de Saúde LVT;Hospital de Cascais, PPP;38.729006, -9.418267;733;264
2022-04;Região de Saúde LVT;Hospital de Loures, EPE;38.821455, -9.176296;700;181
2022-04;Região de Saúde LVT;Hospital Distrital de Santarém, EPE;39.2410946, -8.6937515;383;114
2022-04;Região de Saúde LVT;Hospital Garcia de Orta, EPE;38.6658713, -9.1822554;814;269
2022-04;Região de Saúde Norte;Centro Hospitalar do Médio Ave, EPE;41.3423984, -8.4802503;328;114
2022-04;Região de Saúde Norte;Hospital de Braga, EPE;41.56785, -8.398982;890;297
2022-05;Região de Saúde do Algarve;Centro Hospitalar Universitário do Algarve,EPE;37.0238973, -7.9281554;1313;409
2022-05;Região de Saúde do Centro;Unidade Local de Saúde da Guarda, EPE;40.5309916, -7.2734793;189;83
2022-05;Região de Saúde LVT;Centro Hospitalar Universitário de Lisboa Norte, EPE;38.7500861, -9.1616116;1008;290
2022-05;Região de Saúde LVT;Hospital Professor Doutor Fernando Fonseca, EPE;38.7422257, -9.2264834;986;323
2022-05;Região de Saúde Norte;Unidade Local de Saúde do Alto Minho, EPE;41.7056054, -8.8252713;519;176
2022-05;Região de Saúde Norte;Unidade Local de Saúde do Nordeste, EPE;41.8056532, -6.7888197;135;64
2022-06;Região de Saúde do Alentejo;Unidade Local de Saúde do Norte Alentejano, EPE;39.3003425, -7.4263845;186;64
2022-06;Região de Saúde do Centro;Centro Hospitalar e Universitário de Coimbra, EPE;40.2191523, -8.4098211;2109;597
2022-06;Região de Saúde do Centro;Unidade Local de Saúde de Castelo Branco, EPE;39.8212263, -7.4981271;169;45
2022-06;Região de Saúde LVT;Centro Hospitalar Barreiro/Montijo, EPE;38.6554005, -9.0592392;742;217
2022-06;Região de Saúde LVT;Centro Hospitalar de Lisboa Ocidental, EPE;38.708454, -9.216985;1045;328
2022-06;Região de Saúde LVT;Centro Hospitalar de Setúbal, EPE;38.5283754, -8.8818638;610;151
2022-06;Região de Saúde LVT;Centro Hospitalar Universitário de Lisboa Norte, EPE;38.7500861, -9.1616116;1246;357
2022-06;Região de Saúde LVT;Hospital de Loures, EPE;38.821455, -9.176296;1000;273
2022-06;Região de Saúde LVT;Hospital Garcia de Orta, EPE;38.6658713, -9.1822554;1238;400
2022-06;Região de Saúde Norte;Centro Hospitalar Universitário do Porto, EPE;41.1472498, -8.6172617;1461;411
2022-06;Região de Saúde Norte;Hospital da Senhora da Oliveira, Guimarães, EPE;41.4387173, -8.3086907;900;328
2022-06;Região de Saúde Norte;Unidade Local de Saúde do Nordeste, EPE;41.8056532, -6.7888197;159;72
2022-07;Região de Saúde do Centro;Centro Hospitalar e Universitário de Coimbra, EPE;40.2191523, -8.4098211;2555;737
2022-07;Região de Saúde do Centro;Unidade Local de Saúde da Guarda, EPE;40.5309916, -7.2734793;273;117
2022-07;Região de Saúde LVT;Centro Hospitalar de Setúbal, EPE;38.5283754, -8.8818638;724;189
2022-07;Região de Saúde LVT;Hospital de Loures, EPE;38.821455, -9.176296;1190;336
2022-07;Região de Saúde Norte;Centro Hospitalar Entre Douro e Vouga, EPE;40.9293884, -8.5458794;822;231
2022-07;Região de Saúde Norte;Centro Hospitalar Vila Nova de Gaia/Espinho, EPE;41.1094138, -8.5972617;948;305
2022-08;Região de Saúde do Centro;Centro Hospitalar de Leiria, EPE;39.7414812, -8.7982706;1249;377
2022-08;Região de Saúde do Centro;Unidade Local de Saúde da Guarda, EPE;40.5309916, -7.2734793;320;135
2022-08;Região de Saúde LVT;Centro Hospitalar Médio Tejo, EPE;39.478072, -8.5404429;446;161
2022-08;Região de Saúde LVT;Hospital de Loures, EPE;38.821455, -9.176296;1355;393
2022-08;Região de Saúde LVT;Hospital de Vila Franca de Xira, EPE;38.977235, -8.984506;1087;351
2022-08;Região de Saúde LVT;Hospital Distrital de Santarém, EPE;39.2410946, -8.6937515;764;228
2022-08;Região de Saúde Norte;Centro Hospitalar Universitário de São João, EPE;41.1831056, -8.6010558;1347;423
2022-08;Região de Saúde Norte;Centro Hospitalar Vila Nova de Gaia/Espinho, EPE;41.1094138, -8.5972617;1105;353
2022-08;Região de Saúde Norte;Hospital de Braga, EPE;41.56785, -8.398982;1840;564
2022-08;Região de Saúde Norte;Unidade Local de Saúde de Matosinhos, EPE;41.1794456, -8.6745115;1045;279
2022-09;Região de Saúde do Algarve;Centro Hospitalar Universitário do Algarve,EPE;37.0238973, -7.9281554;2563;781
2022-09;Região de Saúde do Centro;Centro Hospitalar Universitário Cova da Beira, EPE;40.2804158, -7.4922407;389;154
2022-09;Região de Saúde do Centro;Centro Hospitalar de Leiria, EPE;39.7414812, -8.7982706;1420;436
2022-09;Região de Saúde do Centro;Centro Hospitalar Tondela-Viseu, EPE;40.516364, -8.0827433;1290;382
2022-09;Região de Saúde LVT;Centro Hospitalar Universitário Lisboa Central, EPE;38.7166948, -9.1371248;2319;769
2022-09;Região de Saúde LVT;Hospital de Vila Franca de Xira, EPE;38.977235, -8.984506;1231;389
2022-09;Região de Saúde LVT;Hospital Professor Doutor Fernando Fonseca, EPE;38.7422257, -9.2264834;1910;646
2022-10;Região de Saúde do Alentejo;Unidade Local de Saúde do Norte Alentejano, EPE;39.3003425, -7.4263845;331;116
2022-10;Região de Saúde do Centro;Centro Hospitalar de Leiria, EPE;39.7414812, -8.7982706;1598;491
2022-10;Região de Saúde do Centro;Centro Hospitalar do Baixo Vouga, EPE;40.6362453, -8.6543716;1315;409
2022-10;Região de Saúde do Centro;Centro Hospitalar Tondela-Viseu, EPE;40.516364, -8.0827433;1460;440
2022-10;Região de Saúde do Centro;Unidade Local de Saúde da Guarda, EPE;40.5309916, -7.2734793;401;168
2022-10;Região de Saúde LVT;Centro Hospitalar Médio Tejo, EPE;39.478072, -8.5404429;562;201
2022-10;Região de Saúde Norte;Centro Hospitalar Póvoa de Varzim/Vila do Conde, EPE;41.3828711, -8.7589945;1130;381
2022-10;Região de Saúde Norte;Centro Hospitalar Tâmega e Sousa, EPE;41.2494561, -8.264901;1751;477
2022-11;Região de Saúde do Centro;Centro Hospitalar do Baixo Vouga, EPE;40.6362453, -8.6543716;1470;463
2022-11;Região de Saúde do Centro;Centro Hospitalar Tondela-Viseu, EPE;40.516364, -8.0827433;1627;487
2022-11;Região de Saúde do Centro;Unidade Local de Saúde da Guarda, EPE;40.5309916, -7.2734793;446;184
2022-11;Região de Saúde LVT;Centro Hospitalar do Oeste, EPE;39.4054629, -9.1258493;1136;393
2022-11;Região de Saúde LVT;Centro Hospitalar Universitário de Lisboa Norte, EPE;38.7500861, -9.1616116;2418;687
2022-11;Região de Saúde LVT;Hospital de Cascais, PPP;38.729006, -9.418267;2294;721
2022-11;Região de Saúde Norte;Centro Hospitalar Tâmega e Sousa, EPE;41.2494561, -8.264901;1925;523
2022-11;Região de Saúde Norte;Centro Hospitalar Trás-os-Montes e Alto Douro, EPE;41.3031784, -7.7515252;1039;474
2022-11;Região de Saúde Norte;Unidade Local de Saúde do Nordeste, EPE;41.8056532, -6.7888197;350;146
2022-12;Região de Saúde do Alentejo;Hospital Espírito Santo de Évora, EPE;38.5684861, -7.9032848;1049;442
2022-12;Região de Saúde do Centro;Centro Hospitalar do Baixo Vouga, EPE;40.6362453, -8.6543716;1593;498
2022-12;Região de Saúde do Centro;Unidade Local de Saúde da Guarda, EPE;40.5309916, -7.2734793;485;200
2022-12;Região de Saúde do Centro;Unidade Local de Saúde de Castelo Branco, EPE;39.8212263, -7.4981271;374;87
2022-12;Região de Saúde Norte;Centro Hospitalar Póvoa de Varzim/Vila do Conde, EPE;41.3828711, -8.7589945;1368;472
2022-12;Região de Saúde Norte;Hospital da Senhora da Oliveira, Guimarães, EPE;41.4387173, -8.3086907;2009;682
2022-12;Região de Saúde Norte;Hospital de Braga, EPE;41.56785, -8.398982;2891;880
2023-01;Região de Saúde do Alentejo;Hospital Espírito Santo de Évora, EPE;38.5684861, -7.9032848;89;43
2023-01;Região de Saúde do Centro;Centro Hospitalar de Leiria, EPE;39.7414812, -8.7982706;204;61
2023-01;Região de Saúde do Centro;Unidade Local de Saúde da Guarda, EPE;40.5309916, -7.2734793;40;16
2023-01;Região de Saúde LVT;Centro Hospitalar Barreiro/Montijo, EPE;38.6554005, -9.0592392;144;53
2023-01;Região de Saúde LVT;Centro Hospitalar do Oeste, EPE;39.4054629, -9.1258493;92;28
2023-01;Região de Saúde LVT;Hospital de Cascais, PPP;38.729006, -9.418267;211;50
2023-01;Região de Saúde LVT;Hospital de Loures, EPE;38.821455, -9.176296;154;40
2023-01;Região de Saúde LVT;Hospital de Vila Franca de Xira, EPE;38.977235, -8.984506;121;34
2023-01;Região de Saúde Norte;Centro Hospitalar Entre Douro e Vouga, EPE;40.9293884, -8.5458794;124;37
2023-01;Região de Saúde Norte;Centro Hospitalar Vila Nova de Gaia/Espinho, EPE;41.1094138, -8.5972617;171;58
2023-02;Região de Saúde do Alentejo;Unidade Local de Saúde do Norte Alentejano, EPE;39.3003425, -7.4263845;42;15
2023-02;Região de Saúde do Centro;Centro Hospitalar Universitário Cova da Beira, EPE;40.2804158, -7.4922407;101;43
2023-02;Região de Saúde do Centro;Centro Hospitalar do Baixo Vouga, EPE;40.6362453, -8.6543716;253;69
2023-02;Região de Saúde do Centro;Centro Hospitalar Tondela-Viseu, EPE;40.516364, -8.0827433;291;89
2023-02;Região de Saúde do Centro;Unidade Local de Saúde da Guarda, EPE;40.5309916, -7.2734793;80;30
2023-02;Região de Saúde LVT;Centro Hospitalar de Lisboa Ocidental, EPE;38.708454, -9.216985;277;88
2023-02;Região de Saúde Norte;Centro Hospitalar Trás-os-Montes e Alto Douro, EPE;41.3031784, -7.7515252;152;69
2023-02;Região de Saúde Norte;Hospital da Senhora da Oliveira, Guimarães, EPE;41.4387173, -8.3086907;295;103
2023-02;Região de Saúde Norte;Hospital de Braga, EPE;41.56785, -8.398982;429;146
2023-03;Região de Saúde do Alentejo;Hospital Espírito Santo de Évora, EPE;38.5684861, -7.9032848;247;99
2023-03;Região de Saúde do Centro;Centro Hospitalar de Leiria, EPE;39.7414812, -8.7982706;535;156
2023-03;Região de Saúde LVT;Hospital de Cascais, PPP;38.729006, -9.418267;601;168
2023-03;Região de Saúde LVT;Hospital Distrital de Santarém, EPE;39.2410946, -8.6937515;286;91
2023-03;Região de Saúde LVT;Hospital Garcia de Orta, EPE;38.6658713, -9.1822554;774;237
2023-03;Região de Saúde Norte;Centro Hospitalar Tâmega e Sousa, EPE;41.2494561, -8.264901;522;153
2023-03;Região de Saúde Norte;Unidade Local de Saúde do Alto Minho, EPE;41.7056054, -8.8252713;322;99
2023-04;Região de Saúde do Centro;Centro Hospitalar e Universitário de Coimbra, EPE;40.2191523, -8.4098211;1457;416
2023-04;Região de Saúde LVT;Hospital de Vila Franca de Xira, EPE;38.977235, -8.984506;479;145
2023-04;Região de Saúde Norte;Centro Hospitalar Universitário de São João, EPE;41.1831056, -8.6010558;601;197
2023-04;Região de Saúde Norte;Centro Hospitalar Entre Douro e Vouga, EPE;40.9293884, -8.5458794;446;132
2023-04;Região de Saúde Norte;Centro Hospitalar Tâmega e Sousa, EPE;41.2494561, -8.264901;686;199
2023-04;Região de Saúde Norte;Centro Hospitalar Vila Nova de Gaia/Espinho, EPE;41.1094138, -8.5972617;632;209
2023-04;Região de Saúde Norte;Hospital da Senhora da Oliveira, Guimarães, EPE;41.4387173, -8.3086907;593;214
2023-05;Região de Saúde do Alentejo;Unidade Local de Saúde do Norte Alentejano, EPE;39.3003425, -7.4263845;130;51
2023-05;Região de Saúde do Algarve;Centro Hospitalar Universitário do Algarve,EPE;37.0238973, -7.9281554;1472;463
2023-05;Região de Saúde Norte;Centro Hospitalar Vila Nova de Gaia/Espinho, EPE;41.1094138, -8.5972617;790;275
2023-05;Região de Saúde Norte;Hospital de Braga, EPE;41.56785, -8.398982;1126;378
2023-05;Região de Saúde Norte;Unidade Local de Saúde de Matosinhos, EPE;41.1794456, -8.6745115;644;177
2023-06;Região de Saúde do Algarve;Centro Hospitalar Universitário do Algarve,EPE;37.0238973, -7.9281554;1802;560
2023-06;Região de Saúde do Centro;Centro Hospitalar de Leiria, EPE;39.7414812, -8.7982706;1094;319
2023-06;Região de Saúde do Centro;Centro Hospitalar do Baixo Vouga, EPE;40.6362453, -8.6543716;788;220
2023-06;Região de Saúde do Centro;Centro Hospitalar Tondela-Viseu, EPE;40.516364, -8.0827433;847;272
2023-06;Região de Saúde Norte;Centro Hospitalar Universitário de São João, EPE;41.1831056, -8.6010558;940;314
2023-06;Região de Saúde Norte;Centro Hospitalar Entre Douro e Vouga, EPE;40.9293884, -8.5458794;694;208
2023-06;Região de Saúde Norte;Centro Hospitalar Universitário de Santo António, EPE;41.1472498, -8.6172617;1436;460
2023-07;Região de Saúde LVT;Hospital de Vila Franca de Xira, EPE;38.977235, -8.984506;896;274
2023-07;Região de Saúde LVT;Hospital Professor Doutor Fernando Fonseca, EPE;38.7422257, -9.2264834;1553;542
2023-07;Região de Saúde Norte;Centro Hospitalar do Médio Ave, EPE;41.3423984, -8.4802503;751;277
2023-08;Região de Saúde do Alentejo;Hospital Espírito Santo de Évora, EPE;38.5684861, -7.9032848;712;311
2023-08;Região de Saúde Norte;Centro Hospitalar Universitário de Santo António, EPE;41.1472498, -8.6172617;1930;612
2023-09;Região de Saúde do Centro;Centro Hospitalar e Universitário de Coimbra, EPE;40.2191523, -8.4098211;3521;1000
2023-09;Região de Saúde do Centro;Unidade Local de Saúde de Castelo Branco, EPE;39.8212263, -7.4981271;277;73
2023-09;Região de Saúde LVT;Hospital Distrital de Santarém, EPE;39.2410946, -8.6937515;811;260
2023-09;Região de Saúde Norte;Centro Hospitalar Universitário de São João, EPE;41.1831056, -8.6010558;1486;469
2023-09;Região de Saúde Norte;Centro Hospitalar do Médio Ave, EPE;41.3423984, -8.4802503;991;346
2023-09;Região de Saúde Norte;Centro Hospitalar Póvoa de Varzim/Vila do Conde, EPE;41.3828711, -8.7589945;956;339
2023-09;Região de Saúde Norte;Centro Hospitalar Universitário de Santo António, EPE;41.1472498, -8.6172617;2181;687
2023-09;Região de Saúde Norte;Unidade Local de Saúde do Alto Minho, EPE;41.7056054, -8.8252713;1036;334
2023-10;Região de Saúde do Centro;Centro Hospitalar Universitário Cova da Beira, EPE;40.2804158, -7.4922407;465;194
2023-10;Região de Saúde do Centro;Centro Hospitalar do Baixo Vouga, EPE;40.6362453, -8.6543716;1369;392
2023-10;Região de Saúde do Centro;Centro Hospitalar e Universitário de Coimbra, EPE;40.2191523, -8.4098211;3978;1126
2023-10;Região de Saúde do Centro;Unidade Local de Saúde da Guarda, EPE;40.5309916, -7.2734793;405;144
2023-10;Região de Saúde LVT;Hospital de Vila Franca de Xira, EPE;38.977235, -8.984506;1328;393
2023-10;Região de Saúde LVT;Hospital Professor Doutor Fernando Fonseca, EPE;38.7422257, -9.2264834;2248;808
2023-10;Região de Saúde Norte;Centro Hospitalar do Médio Ave, EPE;41.3423984, -8.4802503;1091;382
2023-11;Região de Saúde do Centro;Unidade Local de Saúde da Guarda, EPE;40.5309916, -7.2734793;424;151
2023-11;Região de Saúde LVT;Centro Hospitalar Universitário Lisboa Central, EPE;38.7166948, -9.1371248;3347;1045
2023-11;Região de Saúde LVT;Centro Hospitalar Universitário de Lisboa Norte, EPE;38.7500861, -9.1616116;1421;412
2023-11;Região de Saúde Norte;Centro Hospitalar Entre Douro e Vouga, EPE;40.9293884, -8.5458794;1280;423
2023-11;Região de Saúde Norte;Centro Hospitalar Póvoa de Varzim/Vila do Conde, EPE;41.3828711, -8.7589945;1186;427
2023-11;Região de Saúde Norte;Hospital da Senhora da Oliveira, Guimarães, EPE;41.4387173, -8.3086907;1904;673
2023-11;Região de Saúde Norte;Unidade Local de Saúde de Matosinhos, EPE;41.1794456, -8.6745115;1460;375
2023-12;Região de Saúde do Alentejo;Hospital Espírito Santo de Évora, EPE;38.5684861, -7.9032848;1131;478
2023-12;Região de Saúde do Alentejo;Unidade Local de Saúde do Baixo Alentejo, EPE;38.014123, -7.8721227;1000;335
2023-12;Região de Saúde LVT;Centro Hospitalar Universitário Lisboa Central, EPE;38.7166948, -9.1371248;3697;1152
2023-12;Região de Saúde LVT;Centro Hospitalar de Lisboa Ocidental, EPE;38.708454, -9.216985;2812;934
2023-12;Região de Saúde LVT;Centro Hospitalar Médio Tejo, EPE;39.478072, -8.5404429;811;259
2023-12;Região de Saúde LVT;Hospital de Cascais, PPP;38.729006, -9.418267;2796;769
2023-12;Região de Saúde LVT;Hospital Garcia de Orta, EPE;38.6658713, -9.1822554;2720;902
2023-12;Região de Saúde Norte;Centro Hospitalar do Médio Ave, EPE;41.3423984, -8.4802503;1339;463
2023-12;Região de Saúde Norte;Centro Hospitalar Entre Douro e Vouga, EPE;40.9293884, -8.5458794;1395;465
2023-12;Região de Saúde Norte;Hospital de Braga, EPE;41.56785, -8.398982;2605;850
2024-01;Região de Saúde do Centro;Unidade Local de Saúde da Região de Leiria, EPE;39.7418, -8.79444;147;49
2024-01;Região de Saúde LVT;Unidade Local de Saúde de Almada-Seixal, EPE;38.67381, -9.17597;204;66
2024-01;Região de Saúde do Centro;Unidade Local de Saúde de Coimbra, EPE;40.217426, -8.410075;425;121
2024-01;Região de Saúde do Centro;Unidade Local de Saúde de Dão-Lafões, EPE;40.6509, -7.91039;146;41
2024-01;Região de Saúde LVT;Unidade Local de Saúde de Lisboa Ocidental, EPE;38.7084, -9.21711;205;81
2024-01;Região de Saúde Norte;Unidade Local de Saúde de Matosinhos, EPE;41.181859, -8.663374;114;36
2024-01;Região de Saúde do Alentejo;Unidade Local de Saúde do Alto Alentejo, EPE;39.2999, -7.4267;34;10
2024-01;Região de Saúde LVT;Unidade Local de Saúde do Arco Ribeirinho, EPE;38.6527214050293, -9.0;132;42
2024-01;Região de Saúde do Centro;Unidade Local de Saúde do Baixo Mondego, EPE;40.130297609, -8.8606;;
2024-01;Região de Saúde LVT;Unidade Local de Saúde do Estuário do Tejo, EPE;38.977344, -8.984882;127;41
2024-01;Região de Saúde LVT;Unidade Local de Saúde do Oeste, EPE;39.4055519104004, -9.0;60;21
2025-01;Região de Saúde LVT;Unidade Local de Saúde da Arrábida, EPE;38.529351, -8.881073;108;35
2025-01;Região de Saúde do Centro;Unidade Local de Saúde da Cova da Beira, EPE;40.2776794433594, -7.0;53;11
2025-01;Região de Saúde do Centro;Unidade Local de Saúde da Guarda, EPE;40.5309943471486, -7.0;42;15
2025-01;Região de Saúde Norte;Unidade Local de Saúde da Póvoa de Varzim/Vila do Conde, EPE;41.383183, -8.758784;96;43
2025-01;Região de Saúde do Centro;Unidade Local de Saúde da Região de Aveiro, EPE;40.636332, -8.654388;139;38
2025-01;Região de Saúde LVT;Unidade Local de Saúde de Santa Maria, EPE;38.7500648498535, -9.0;165;44
2026-01;Região de Saúde do Centro;Unidade Local de Saúde Castelo Branco, EPE;39.822737, -7.499876;50;12
2026-01;Região de Saúde do Centro;Unidade Local de Saúde da Cova da Beira, EPE;40.2776794433594, -7.0;49;16
2026-01;Região de Saúde LVT;Unidade Local de Saúde da Lezíria, EPE;39.232503, -8.715083;101;32
2026-01;Região de Saúde LVT;Unidade Local de Saúde de Amadora/Sintra, EPE;38.7436332060551, -9.0;247;99
2026-01;Região de Saúde Norte;Unidade Local de Saúde de Matosinhos, EPE;41.181859, -8.663374;139;38
2026-01;Região de Saúde do Alentejo;Unidade Local de Saúde do Litoral Alentejano, EPE;38.039936, -8.731693;;
2024-02;Região de Saúde LVT;Hospital de Cascais, PPP;38.730076, -9.418207;536;152
2024-02;Região de Saúde do Centro;Unidade Local de Saúde da Cova da Beira, EPE;40.2776794433594, -7.0;89;33
2024-02;Região de Saúde do Centro;Unidade Local de Saúde da Região de Aveiro, EPE;40.636332, -8.654388;231;65
2024-02;Região de Saúde LVT;Unidade Local de Saúde de Loures-Odivelas, EPE;38.821769, -9.176301;468;146
2024-02;Região de Saúde Norte;Unidade Local de Saúde de Matosinhos, EPE;41.181859, -8.663374;222;63
2024-02;Região de Saúde Norte;Unidade Local de Saúde de Trás-os-Montes e Alto Douro, EPE;41.310331, -7.760103;197;79
2024-02;Região de Saúde Norte;Unidade Local de Saúde de Vila Nova de Gaia/Espinho, EPE;41.1254463195801, -8.0;354;116
2024-02;Região de Saúde do Alentejo;Unidade Local de Saúde do Baixo Alentejo, EPE;38.0146, -7.86863;174;67
2024-02;Região de Saúde LVT;Unidade Local de Saúde do Oeste, EPE;39.4055519104004, -9.0;126;49
2025-02;Região de Saúde LVT;Unidade Local de Saúde da Lezíria, EPE;39.232503, -8.715083;181;54
2025-02;Região de Saúde LVT;Unidade Local de Saúde de Almada-Seixal, EPE;38.67381, -9.17597;270;102
2025-02;Região de Saúde Norte;Unidade Local de Saúde de São João, EPE;41.1833, -8.60193;345;132
2025-02;Região de Saúde do Alentejo;Unidade Local de Saúde do Alto Alentejo, EPE;39.2999, -7.4267;84;33
2025-02;Região de Saúde do Alentejo;Unidade Local de Saúde do Baixo Alentejo, EPE;38.0146, -7.86863;168;62
2025-02;Região de Saúde do Alentejo;Unidade Local de Saúde do Litoral Alentejano, EPE;38.039936, -8.731693;;
2025-02;Região de Saúde LVT;Unidade Local de Saúde do Oeste, EPE;39.4055519104004, -9.0;175;71
2024-03;Região de Saúde LVT;Unidade Local de Saúde da Arrábida, EPE;38.529351, -8.881073;292;77
2024-03;Região de Saúde Norte;Unidade Local de Saúde da Póvoa de Varzim/Vila do Conde, EPE;41.383183, -8.758784;315;112
2024-03;Região de Saúde LVT;Unidade Local de Saúde de Almada-Seixal, EPE;38.67381, -9.17597;610;198
2024-03;Região de Saúde do Centro;Unidade Local de Saúde de Coimbra, EPE;40.217426, -8.410075;1232;343
2024-03;Região de Saúde LVT;Unidade Local de Saúde de Loures-Odivelas, EPE;38.821769, -9.176301;724;209
2024-03;Região de Saúde do Alentejo;Unidade Local de Saúde do Alentejo Central, EPE;38.568838, -7.903064;259;95
2024-03;Região de Saúde do Alentejo;Unidade Local de Saúde do Alto Alentejo, EPE;39.2999, -7.4267;100;32
2024-03;Região de Saúde do Alentejo;Unidade Local de Saúde do Baixo Alentejo, EPE;38.0146, -7.86863;247;94
2024-03;Região de Saúde do Centro;Unidade Local de Saúde do Baixo Mondego, EPE;40.130297609, -8.8606;;
2024-03;Região de Saúde Norte;Unidade Local de Saúde do Nordeste, EPE;41.802452, -6.768198;85;41
2024-03;Região de Saúde LVT;Unidade Local de Saúde do Oeste, EPE;39.4055519104004, -9.0;194;78
2025-03;Região de Saúde LVT;Unidade Local de Saúde de Almada-Seixal, EPE;38.67381, -9.17597;417;154
2025-03;Região de Saúde Norte;Unidade Local de Saúde de Braga, EPE;41.562328338623, -8.3;695;239
2025-03;Região de Saúde do Alentejo;Unidade Local de Saúde do Alto Alentejo, EPE;39.2999, -7.4267;110;46
2025-03;Região de Saúde Norte;Unidade Local de Saúde do Alto Ave, EPE;41.488574, -8.338685;445;171
2025-03;Região de Saúde Norte;Unidade Local de Saúde do Nordeste, EPE;41.802452, -6.768198;92;46
2024-04;Região de Saúde LVT;Hospital de Cascais, PPP;38.730076, -9.418207;1007;303
2024-04;Região de Saúde LVT;Unidade Local de Saúde da Lezíria, EPE;39.232503, -8.715083;384;115
2024-04;Região de Saúde Norte;Unidade Local de Saúde da Póvoa de Varzim/Vila do Conde, EPE;41.383183, -8.758784;427;148
2024-04;Região de Saúde Norte;Unidade Local de Saúde de Braga, EPE;41.562328338623, -8.3;920;309
2024-04;Região de Saúde do Centro;Unidade Local de Saúde de Dão-Lafões, EPE;40.6509, -7.91039;567;200
2024-04;Região de Saúde Norte;Unidade Local de Saúde de Vila Nova de Gaia/Espinho, EPE;41.1254463195801, -8.0;680;232
2024-04;Região de Saúde do Alentejo;Unidade Local de Saúde do Alto Alentejo, EPE;39.2999, -7.4267;125;44
2024-04;Região de Saúde LVT;Unidade Local de Saúde do Arco Ribeirinho, EPE;38.6527214050293, -9.0;418;127
2024-04;Região de Saúde LVT;Unidade Local de Saúde do Médio Tejo, EPE;39.605565, -8.404399;222;71
2024-04;Região de Saúde Norte;Unidade Local de Saúde do Nordeste, EPE;41.802452, -6.768198;104;50
2024-04;Região de Saúde Norte;Unidade Local de Saúde do Tâmega e Sousa, EPE;41.1971153671548, -8.0;621;152
2025-04;Região de Saúde LVT;Unidade Local de Saúde da Lezíria, EPE;39.232503, -8.715083;363;103
2025-04;Região de Saúde LVT;Unidade Local de Saúde de Almada-Seixal, EPE;38.67381, -9.17597;549;196
2025-04;Região de Saúde do Centro;Unidade Local de Saúde de Dão-Lafões, EPE;40.6509, -7.91039;615;207
2025-04;Região de Saúde LVT;Unidade Local de Saúde de Lisboa Ocidental, EPE;38.7084, -9.21711;695;265
2025-04;Região de Saúde do Alentejo;Unidade Local de Saúde do Alto Alentejo, EPE;39.2999, -7.4267;143;63
2025-04;Região de Saúde Norte;Unidade Local de Saúde do Alto Minho, EPE;41.697519, -8.832517;469;155
2025-04;Região de Saúde LVT;Unidade Local de Saúde do Estuário do Tejo, EPE;38.977344, -8.984882;438;136
2025-04;Região de Saúde Norte;Unidade Local de Saúde do Nordeste, EPE;41.802452, -6.768198;129;62
2024-05;Região de Saúde LVT;Unidade Local de Saúde da Lezíria, EPE;39.232503, -8.715083;501;155
2024-05;Região de Saúde Norte;Unidade Local de Saúde da Póvoa de Varzim/Vila do Conde, EPE;41.383183, -8.758784;541;195
2024-05;Região de Saúde do Centro;Unidade Local de Saúde da Região de Aveiro, EPE;40.636332, -8.654388;640;191
2024-05;Região de Saúde Norte;Unidade Local de Saúde de Braga, EPE;41.562328338623, -8.3;1146;389
2024-05;Região de Saúde Norte;Unidade Local de Saúde de Santo António, EPE;41.147283, -8.619536;1101;341
2024-05;Região de Saúde do Alentejo;Unidade Local de Saúde do Alentejo Central, EPE;38.568838, -7.903064;433;151
2024-05;Região de Saúde Norte;Unidade Local de Saúde do Alto Ave, EPE;41.488574, -8.338685;773;305
2024-05;Região de Saúde Norte;Unidade Local de Saúde do Alto Minho, EPE;41.697519, -8.832517;602;205
2024-05;Região de Saúde LVT;Unidade Local de Saúde do Arco Ribeirinho, EPE;38.6527214050293, -9.0;518;156
2024-05;Região de Saúde Norte;Unidade Local de Saúde do Médio Ave, EPE;41.3422317504883, -8.0;532;224
2024-05;Região de Saúde Norte;Unidade Local de Saúde do Nordeste, EPE;41.802452, -6.768198;136;56
2025-05;Região de Saúde LVT;Unidade Local de Saúde de Almada-Seixal, EPE;38.67381, -9.17597;723;260
2025-05;Região de Saúde LVT;Unidade Local de Saúde de Amadora/Sintra, EPE;38.7436332060551, -9.0;1241;481
2025-05;Região de Saúde Norte;Unidade Local de Saúde de Barcelos/Esposende, EPE;41.533438, -8.616604;;
2025-05;Região de Saúde Norte;Unidade Local de Saúde de Braga, EPE;41.562328338623, -8.3;1154;386
2025-05;Região de Saúde Norte;Unidade Local de Saúde de Trás-os-Montes e Alto Douro, EPE;41.310331, -7.760103;460;202
2025-05;Região de Saúde LVT;Unidade Local de Saúde do Arco Ribeirinho, EPE;38.6527214050293, -9.0;464;153
2025-05;Região de Saúde Norte;Unidade Local de Saúde do Tâmega e Sousa, EPE;41.1971153671548, -8.0;790;228
2024-06;Região de Saúde LVT;Unidade Local de Saúde da Lezíria, EPE;39.232503, -8.715083;580;189
2024-06;Região de Saúde Norte;Unidade Local de Saúde da Póvoa de Varzim/Vila do Conde, EPE;41.383183, -8.758784;634;226
2024-06;Região de Saúde do Centro;Unidade Local de Saúde da Região de Aveiro, EPE;40.636332, -8.654388;760;223
2024-06;Região de Saúde do Centro;Unidade Local de Saúde da Região de Leiria, EPE;39.7418, -8.79444;776;271
2024-06;Região de Saúde LVT;Unidade Local de Saúde de Amadora/Sintra, EPE;38.7436332060551, -9.0;1597;552
2024-06;Região de Saúde Norte;Unidade Local de Saúde de Braga, EPE;41.562328338623, -8.3;1371;460
2024-06;Região de Saúde do Centro;Unidade Local de Saúde de Dão-Lafões, EPE;40.6509, -7.91039;874;291
2024-06;Região de Saúde LVT;Unidade Local de Saúde de Santa Maria, EPE;38.7500648498535, -9.0;12;9
2024-06;Região de Saúde do Alentejo;Unidade Local de Saúde do Alentejo Central, EPE;38.568838, -7.903064;515;191
2024-06;Região de Saúde do Algarve;Unidade Local de Saúde do Algarve, EPE;37.024668, -7.928949;1740;625
2024-06;Região de Saúde Norte;Unidade Local de Saúde do Alto Ave, EPE;41.488574, -8.338685;928;370
2024-06;Região de Saúde LVT;Unidade Local de Saúde do Estuário do Tejo, EPE;38.977344, -8.984882;758;222
2024-06;Região de Saúde Norte;Unidade Local de Saúde do Médio Ave, EPE;41.3422317504883, -8.0;626;262
2024-06;Região de Saúde Norte;Unidade Local de Saúde do Nordeste, EPE;41.802452, -6.768198;170;73
2025-06;Região de Saúde do Centro;Unidade Local de Saúde da Cova da Beira, EPE;40.2776794433594, -7.0;242;62
2025-06;Região de Saúde LVT;Unidade Local de Saúde de Lisboa Ocidental, EPE;38.7084, -9.21711;1072;390
2025-06;Região de Saúde LVT;Unidade Local de Saúde de Loures-Odivelas, EPE;38.821769, -9.176301;1197;320
2025-06;Região de Saúde LVT;Unidade Local de Saúde de São José, EPE;38.7169, -9.13654;1959;638
2025-06;Região de Saúde Norte;Unidade Local de Saúde de Trás-os-Montes e Alto Douro, EPE;41.310331, -7.760103;565;250
2025-06;Região de Saúde LVT;Unidade Local de Saúde do Arco Ribeirinho, EPE;38.6527214050293, -9.0;555;179
2024-07;Região de Saúde LVT;Hospital de Cascais, PPP;38.730076, -9.418207;1666;506
2024-07;Região de Saúde do Centro;Unidade Local de Saúde da Guarda, EPE;40.5309943471486, -7.0;290;112
2024-07;Região de Saúde LVT;Unidade Local de Saúde de Amadora/Sintra, EPE;38.7436332060551, -9.0;1897;657
2024-07;Região de Saúde do Centro;Unidade Local de Saúde de Coimbra, EPE;40.217426, -8.410075;2862;814
2024-07;Região de Saúde LVT;Unidade Local de Saúde de São José, EPE;38.7169, -9.13654;2341;669
2024-07;Região de Saúde do Alentejo;Unidade Local de Saúde do Alto Alentejo, EPE;39.2999, -7.4267;218;77
2024-07;Região de Saúde Norte;Unidade Local de Saúde do Alto Ave, EPE;41.488574, -8.338685;1073;429
2024-07;Região de Saúde do Alentejo;Unidade Local de Saúde do Baixo Alentejo, EPE;38.0146, -7.86863;594;231
2024-07;Região de Saúde Norte;Unidade Local de Saúde do Tâmega e Sousa, EPE;41.1971153671548, -8.0;1094;282
2025-07;Região de Saúde LVT;Hospital de Cascais, PPP;38.730076, -9.418207;1669;492
2025-07;Região de Saúde LVT;Unidade Local de Saúde da Arrábida, EPE;38.529351, -8.881073;749;292
2025-07;Região de Saúde do Centro;Unidade Local de Saúde da Região de Leiria, EPE;39.7418, -8.79444;784;280
2025-07;Região de Saúde do Centro;Unidade Local de Saúde de Dão-Lafões, EPE;40.6509, -7.91039;1109;374
2025-07;Região de Saúde LVT;Unidade Local de Saúde de São José, EPE;38.7169, -9.13654;2254;738
2025-07;Região de Saúde Norte;Unidade Local de Saúde de Trás-os-Montes e Alto Douro, EPE;41.310331, -7.760103;687;311
2025-07;Região de Saúde do Alentejo;Unidade Local de Saúde do Alentejo Central, EPE;38.568838, -7.903064;610;236
2025-07;Região de Saúde do Centro;Unidade Local de Saúde do Baixo Mondego, EPE;40.130297609, -8.8606;;
2024-08;Região de Saúde LVT;Unidade Local de Saúde da Arrábida, EPE;38.529351, -8.881073;787;269
2024-08;Região de Saúde LVT;Unidade Local de Saúde de Amadora/Sintra, EPE;38.7436332060551, -9.0;2206;766
2024-08;Região de Saúde do Algarve;Unidade Local de Saúde do Algarve, EPE;37.024668, -7.928949;2345;823
2024-08;Região de Saúde do Alentejo;Unidade Local de Saúde do Alto Alentejo, EPE;39.2999, -7.4267;262;91
2024-08;Região de Saúde do Alentejo;Unidade Local de Saúde do Baixo Alentejo, EPE;38.0146, -7.86863;679;263
2025-08;Região de Saúde Norte;Unidade Local de Saúde de Barcelos/Esposende, EPE;41.533438, -8.616604;;
2025-08;Região de Saúde Norte;Unidade Local de Saúde do Alto Minho, EPE;41.697519, -8.832517;981;324
2025-08;Região de Saúde do Centro;Unidade Local de Saúde do Baixo Mondego, EPE;40.130297609, -8.8606;;
2025-08;Região de Saúde LVT;Unidade Local de Saúde do Médio Tejo, EPE;39.605565, -8.404399;541;191
2025-08;Região de Saúde Norte;Unidade Local de Saúde do Tâmega e Sousa, EPE;41.1971153671548, -8.0;1328;375
2024-09;Região de Saúde Norte;Unidade Local de Saúde de Entre Douro e Vouga, EPE;40.9295, -8.54567;958;326
2024-09;Região de Saúde Norte;Unidade Local de Saúde de Santo António, EPE;41.147283, -8.619536;1997;616
2024-09;Região de Saúde LVT;Unidade Local de Saúde do Oeste, EPE;39.4055519104004, -9.0;715;256
2025-09;Região de Saúde LVT;Unidade Local de Saúde da Lezíria, EPE;39.232503, -8.715083;786;235
2025-09;Região de Saúde do Centro;Unidade Local de Saúde da Região de Aveiro, EPE;40.636332, -8.654388;1155;366
2025-09;Região de Saúde LVT;Unidade Local de Saúde de Amadora/Sintra, EPE;38.7436332060551, -9.0;2274;851
2025-09;Região de Saúde Norte;Unidade Local de Saúde de Barcelos/Esposende, EPE;41.533438, -8.616604;;
2025-09;Região de Saúde LVT;Unidade Local de Saúde de Lisboa Ocidental, EPE;38.7084, -9.21711;1677;600
2025-09;Região de Saúde LVT;Unidade Local de Saúde de Santa Maria, EPE;38.7500648498535, -9.0;1959;551
2025-09;Região de Saúde Norte;Unidade Local de Saúde do Alto Minho, EPE;41.697519, -8.832517;1121;372
2024-10;Região de Saúde do Centro;Unidade Local de Saúde da Região de Aveiro, EPE;40.636332, -8.654388;1342;377
2024-10;Região de Saúde Norte;Unidade Local de Saúde de Barcelos/Esposende, EPE;41.533438, -8.616604;;
2024-10;Região de Saúde Norte;Unidade Local de Saúde de São João, EPE;41.1833, -8.60193;1729;595
2024-10;Região de Saúde LVT;Unidade Local de Saúde de São José, EPE;38.7169, -9.13654;3476;979
2024-10;Região de Saúde do Alentejo;Unidade Local de Saúde do Alentejo Central, EPE;38.568838, -7.903064;896;328
2024-10;Região de Saúde LVT;Unidade Local de Saúde do Oeste, EPE;39.4055519104004, -9.0;823;292
2024-10;Região de Saúde Norte;Unidade Local de Saúde do Tâmega e Sousa, EPE;41.1971153671548, -8.0;1625;439
2025-10;Região de Saúde LVT;Unidade Local de Saúde da Arrábida, EPE;38.529351, -8.881073;1044;401
2025-10;Região de Saúde do Centro;Unidade Local de Saúde da Guarda, EPE;40.5309943471486, -7.0;402;134
2025-10;Região de Saúde do Centro;Unidade Local de Saúde de Dão-Lafões, EPE;40.6509, -7.91039;1607;531
2025-10;Região de Saúde LVT;Unidade Local de Saúde de Lisboa Ocidental, EPE;38.7084, -9.21711;1897;669
2025-10;Região de Saúde Norte;Unidade Local de Saúde de Matosinhos, EPE;41.181859, -8.663374;1205;355
2025-10;Região de Saúde Norte;Unidade Local de Saúde de São João, EPE;41.1833, -8.60193;1896;714
2025-10;Região de Saúde Norte;Unidade Local de Saúde do Tâmega e Sousa, EPE;41.1971153671548, -8.0;1735;488
2024-11;Região de Saúde LVT;Unidade Local de Saúde de Almada-Seixal, EPE;38.67381, -9.17597;2133;737
2024-11;Região de Saúde do Centro;Unidade Local de Saúde de Coimbra, EPE;40.217426, -8.410075;4635;1267
2024-11;Região de Saúde LVT;Unidade Local de Saúde de Lisboa Ocidental, EPE;38.7084, -9.21711;1937;728
2024-11;Região de Saúde Norte;Unidade Local de Saúde de Matosinhos, EPE;41.181859, -8.663374;1319;386
2024-11;Região de Saúde LVT;Unidade Local de Saúde de São José, EPE;38.7169, -9.13654;3826;1086
2024-11;Região de Saúde Norte;Unidade Local de Saúde de Vila Nova de Gaia/Espinho, EPE;41.1254463195801, -8.0;1990;607
2024-11;Região de Saúde do Alentejo;Unidade Local de Saúde do Alentejo Central, EPE;38.568838, -7.903064;990;363
2024-11;Região de Saúde Norte;Unidade Local de Saúde do Tâmega e Sousa, EPE;41.1971153671548, -8.0;1779;493
2025-11;Região de Saúde do Centro;Unidade Local de Saúde da Cova da Beira, EPE;40.2776794433594, -7.0;490;159
2025-11;Região de Saúde do Centro;Unidade Local de Saúde da Região de Aveiro, EPE;40.636332, -8.654388;1409;441
2025-11;Região de Saúde LVT;Unidade Local de Saúde de Almada-Seixal, EPE;38.67381, -9.17597;1907;601
2025-11;Região de Saúde Norte;Unidade Local de Saúde de Barcelos/Esposende, EPE;41.533438, -8.616604;;
2025-11;Região de Saúde Norte;Unidade Local de Saúde de Braga, EPE;41.562328338623, -8.3;2584;852
2025-11;Região de Saúde LVT;Unidade Local de Saúde de Lisboa Ocidental, EPE;38.7084, -9.21711;2087;746
2025-11;Região de Saúde LVT;Unidade Local de Saúde de Loures-Odivelas, EPE;38.821769, -9.176301;2366;636
2025-11;Região de Saúde Norte;Unidade Local de Saúde de Trás-os-Montes e Alto Douro, EPE;41.310331, -7.760103;1113;487
2025-11;Região de Saúde Norte;Unidade Local de Saúde de Vila Nova de Gaia/Espinho, EPE;41.1254463195801, -8.0;2297;670
2025-11;Região de Saúde do Alentejo;Unidade Local de Saúde do Alentejo Central, EPE;38.568838, -7.903064;969;383
2025-11;Região de Saúde Norte;Unidade Local de Saúde do Alto Ave, EPE;41.488574, -8.338685;1845;696
2025-11;Região de Saúde Norte;Unidade Local de Saúde do Médio Ave, EPE;41.3422317504883, -8.0;1131;440
2025-11;Região de Saúde LVT;Unidade Local de Saúde do Oeste, EPE;39.4055519104004, -9.0;1064;374
2025-11;Região de Saúde Norte;Unidade Local de Saúde do Tâmega e Sousa, EPE;41.1971153671548, -8.0;1888;528
2024-12;Região de Saúde LVT;Unidade Local de Saúde da Arrábida, EPE;38.529351, -8.881073;1219;432
2024-12;Região de Saúde do Centro;Unidade Local de Saúde da Guarda, EPE;40.5309943471486, -7.0;469;164
2024-12;Região de Saúde do Centro;Unidade Local de Saúde de Dão-Lafões, EPE;40.6509, -7.91039;1815;558
2024-12;Região de Saúde LVT;Unidade Local de Saúde de Loures-Odivelas, EPE;38.821769, -9.176301;2586;786
2024-12;Região de Saúde LVT;Unidade Local de Saúde de São José, EPE;38.7169, -9.13654;4146;1194
2024-12;Região de Saúde Norte;Unidade Local de Saúde de Trás-os-Montes e Alto Douro, EPE;41.310331, -7.760103;1116;488
2024-12;Região de Saúde Norte;Unidade Local de Saúde do Alto Ave, EPE;41.488574, -8.338685;1849;721
2024-12;Região de Saúde LVT;Unidade Local de Saúde do Estuário do Tejo, EPE;38.977344, -8.984882;1597;465
2024-12;Região de Saúde LVT;Unidade Local de Saúde do Médio Tejo, EPE;39.605565, -8.404399;755;250
2025-12;Região de Saúde LVT;Unidade Local de Saúde da Arrábida, EPE;38.529351, -8.881073;1204;462
2025-12;Região de Saúde do Centro;Unidade Local de Saúde da Região de Aveiro, EPE;40.636332, -8.654388;1531;477
2025-12;Região de Saúde Norte;Unidade Local de Saúde de Entre Douro e Vouga, EPE;40.9295, -8.54567;1522;577
2025-12;Região de Saúde Norte;Unidade Local de Saúde de Santo António, EPE;41.147283, -8.619536;2807;1018
2025-12;Região de Saúde LVT;Unidade Local de Saúde de São José, EPE;38.7169, -9.13654;3822;1225
2025-12;Região de Saúde do Alentejo;Unidade Local de Saúde do Alto Alentejo, EPE;39.2999, -7.4267;446;165
2025-12;Região de Saúde Norte;Unidade Local de Saúde do Alto Minho, EPE;41.697519, -8.832517;1536;521
2025-12;Região de Saúde Norte;Unidade Local de Saúde do Tâmega e Sousa, EPE;41.1971153671548, -8.0;2068;583
